Python: /global/home/users/kevingeng/.conda/envs/adsb/bin/python
torch 2.14.1+cu130 | netCDF4 1.7.4
CUDA available: True
Device: NVIDIA GeForce RTX 2080 Ti
Run: distill_2L_256_a07 | student: /global/scratch/users/kevingeng/aviation-bayen/AviationDiffusionModelsKishore/configs/students/swi_dit_2L_128.json | alpha=0.7 | epochs=100 | batch=256 | seed=42
Output: /global/scratch/users/kevingeng/aviation-bayen/AviationDiffusionModelsKishore/training/checkpoints/distill_2L_256_a07
Training on cuda — CFM + SWI_DiT distillation (swi_dit_6L_teacher → swi_dit_2L_256_student, alpha=0.7, seed=42)
Batches per epoch: 4,475 train, 499 val (batch_size=256, num_workers=2)
Teacher: /global/scratch/users/kevingeng/aviation-bayen/AviationDiffusionModelsKishore/training/checkpoints/swi_dit/best_swi_dit.pt (epoch=84, ckpt val_fde=824.5062353116024) | {'obs_len': 43, 'fut_len': 43, 'in_dim': 6, 'd_model': 256, 'n_heads': 8, 'n_layers': 6, 'dropout': 0.1, 'ff_expansion': 3} | 7,249,158 params
Student: {'obs_len': 43, 'fut_len': 43, 'in_dim': 6, 'd_model': 128, 'n_heads': 8, 'n_layers': 2, 'dropout': 0.1, 'ff_expansion': 6} | 999,046 params
Teacher val minFDE (this split): 820.8m
  epoch 001 | batch 500/4,475 (11.2%) | loss 0.7604 (gt 1.7236, kd 1.6376) | 14.0 it/s | elapsed 0.6 min | epoch ETA 4.7 min
  epoch 001 | batch 1,000/4,475 (22.3%) | loss 0.7837 (gt 1.0601, kd 0.9744) | 14.0 it/s | elapsed 1.2 min | epoch ETA 4.1 min
  epoch 001 | batch 1,500/4,475 (33.5%) | loss 0.8432 (gt 0.8099, kd 0.7245) | 14.1 it/s | elapsed 1.8 min | epoch ETA 3.5 min
  epoch 001 | batch 2,000/4,475 (44.7%) | loss 0.8769 (gt 0.6770, kd 0.5916) | 14.1 it/s | elapsed 2.4 min | epoch ETA 2.9 min
  epoch 001 | batch 2,500/4,475 (55.9%) | loss 0.8979 (gt 0.5929, kd 0.5076) | 14.1 it/s | elapsed 3.0 min | epoch ETA 2.3 min
  epoch 001 | batch 3,000/4,475 (67.0%) | loss 0.9124 (gt 0.5339, kd 0.4488) | 14.1 it/s | elapsed 3.6 min | epoch ETA 1.7 min
  epoch 001 | batch 3,500/4,475 (78.2%) | loss 0.9236 (gt 0.4901, kd 0.4050) | 14.1 it/s | elapsed 4.1 min | epoch ETA 1.2 min
  epoch 001 | batch 4,000/4,475 (89.4%) | loss 0.9319 (gt 0.4561, kd 0.3711) | 14.1 it/s | elapsed 4.7 min | epoch ETA 0.6 min
Epoch 001 | train 0.938605 (gt 0.430244, kd 0.345271) | val 14.057362 (gt 2.496237, kd 2.414086) | KL end 8.7616 path 11.5275 | rough FDE 36414.0m
  epoch 002 | batch 500/4,475 (11.2%) | loss 0.9934 (gt 0.2059, kd 0.1214) | 14.1 it/s | elapsed 0.6 min | epoch ETA 4.7 min
  epoch 002 | batch 1,000/4,475 (22.3%) | loss 0.9943 (gt 0.2035, kd 0.1189) | 14.1 it/s | elapsed 1.2 min | epoch ETA 4.1 min
  epoch 002 | batch 1,500/4,475 (33.5%) | loss 0.9953 (gt 0.2016, kd 0.1170) | 14.1 it/s | elapsed 1.8 min | epoch ETA 3.5 min
  epoch 002 | batch 2,000/4,475 (44.7%) | loss 0.9948 (gt 0.1998, kd 0.1152) | 14.1 it/s | elapsed 2.4 min | epoch ETA 2.9 min
  epoch 002 | batch 2,500/4,475 (55.9%) | loss 0.9949 (gt 0.1979, kd 0.1134) | 14.1 it/s | elapsed 2.9 min | epoch ETA 2.3 min
  epoch 002 | batch 3,000/4,475 (67.0%) | loss 0.9956 (gt 0.1963, kd 0.1118) | 14.1 it/s | elapsed 3.5 min | epoch ETA 1.7 min
  epoch 002 | batch 3,500/4,475 (78.2%) | loss 0.9955 (gt 0.1947, kd 0.1102) | 14.1 it/s | elapsed 4.1 min | epoch ETA 1.2 min
  epoch 002 | batch 4,000/4,475 (89.4%) | loss 0.9957 (gt 0.1932, kd 0.1087) | 14.1 it/s | elapsed 4.7 min | epoch ETA 0.6 min
Epoch 002 | train 0.995755 (gt 0.191930, kd 0.107427) | val 10.659614 (gt 1.556597, kd 1.474947) | KL end 7.8802 path 10.5716 | rough FDE 24381.3m
  epoch 003 | batch 500/4,475 (11.2%) | loss 0.9973 (gt 0.1789, kd 0.0939) | 14.1 it/s | elapsed 0.6 min | epoch ETA 4.7 min
  epoch 003 | batch 1,000/4,475 (22.3%) | loss 0.9963 (gt 0.1778, kd 0.0929) | 14.1 it/s | elapsed 1.2 min | epoch ETA 4.1 min
  epoch 003 | batch 1,500/4,475 (33.5%) | loss 0.9965 (gt 0.1762, kd 0.0916) | 14.1 it/s | elapsed 1.8 min | epoch ETA 3.5 min
  epoch 003 | batch 2,000/4,475 (44.7%) | loss 0.9970 (gt 0.1751, kd 0.0905) | 14.1 it/s | elapsed 2.4 min | epoch ETA 2.9 min
  epoch 003 | batch 2,500/4,475 (55.9%) | loss 0.9973 (gt 0.1743, kd 0.0897) | 14.1 it/s | elapsed 2.9 min | epoch ETA 2.3 min
  epoch 003 | batch 3,000/4,475 (67.0%) | loss 0.9971 (gt 0.1734, kd 0.0888) | 14.1 it/s | elapsed 3.5 min | epoch ETA 1.7 min
  epoch 003 | batch 3,500/4,475 (78.2%) | loss 0.9969 (gt 0.1724, kd 0.0879) | 14.1 it/s | elapsed 4.1 min | epoch ETA 1.1 min
  epoch 003 | batch 4,000/4,475 (89.4%) | loss 0.9973 (gt 0.1716, kd 0.0871) | 14.1 it/s | elapsed 4.7 min | epoch ETA 0.6 min
Epoch 003 | train 0.997199 (gt 0.170893, kd 0.086327) | val 7.135245 (gt 0.923409, kd 0.842068) | KL end 6.4726 path 9.2006 | rough FDE 12447.5m
  epoch 004 | batch 500/4,475 (11.2%) | loss 0.9971 (gt 0.1622, kd 0.0778) | 14.1 it/s | elapsed 0.6 min | epoch ETA 4.7 min
  epoch 004 | batch 1,000/4,475 (22.3%) | loss 0.9973 (gt 0.1618, kd 0.0773) | 14.1 it/s | elapsed 1.2 min | epoch ETA 4.1 min
  epoch 004 | batch 1,500/4,475 (33.5%) | loss 0.9978 (gt 0.1614, kd 0.0767) | 14.1 it/s | elapsed 1.8 min | epoch ETA 3.5 min
  epoch 004 | batch 2,000/4,475 (44.7%) | loss 0.9978 (gt 0.1605, kd 0.0759) | 14.1 it/s | elapsed 2.4 min | epoch ETA 2.9 min
  epoch 004 | batch 2,500/4,475 (55.9%) | loss 0.9981 (gt 0.1597, kd 0.0752) | 14.1 it/s | elapsed 2.9 min | epoch ETA 2.3 min
  epoch 004 | batch 3,000/4,475 (67.0%) | loss 0.9977 (gt 0.1592, kd 0.0746) | 14.1 it/s | elapsed 3.5 min | epoch ETA 1.7 min
  epoch 004 | batch 3,500/4,475 (78.2%) | loss 0.9979 (gt 0.1586, kd 0.0741) | 14.1 it/s | elapsed 4.1 min | epoch ETA 1.1 min
  epoch 004 | batch 4,000/4,475 (89.4%) | loss 0.9980 (gt 0.1581, kd 0.0735) | 14.1 it/s | elapsed 4.7 min | epoch ETA 0.6 min
Epoch 004 | train 0.997838 (gt 0.157487, kd 0.072960) | val 5.084255 (gt 0.604655, kd 0.523203) | KL end 5.3832 path 8.1525 | rough FDE 7168.7m
  epoch 005 | batch 500/4,475 (11.2%) | loss 0.9986 (gt 0.1516, kd 0.0674) | 14.1 it/s | elapsed 0.6 min | epoch ETA 4.7 min
  epoch 005 | batch 1,000/4,475 (22.3%) | loss 0.9988 (gt 0.1515, kd 0.0670) | 14.0 it/s | elapsed 1.2 min | epoch ETA 4.1 min
  epoch 005 | batch 1,500/4,475 (33.5%) | loss 0.9990 (gt 0.1512, kd 0.0666) | 14.1 it/s | elapsed 1.8 min | epoch ETA 3.5 min
  epoch 005 | batch 2,000/4,475 (44.7%) | loss 0.9980 (gt 0.1505, kd 0.0661) | 14.1 it/s | elapsed 2.4 min | epoch ETA 2.9 min
  epoch 005 | batch 2,500/4,475 (55.9%) | loss 0.9983 (gt 0.1501, kd 0.0657) | 14.1 it/s | elapsed 3.0 min | epoch ETA 2.3 min
  epoch 005 | batch 3,000/4,475 (67.0%) | loss 0.9985 (gt 0.1496, kd 0.0652) | 14.1 it/s | elapsed 3.5 min | epoch ETA 1.7 min
  epoch 005 | batch 3,500/4,475 (78.2%) | loss 0.9983 (gt 0.1491, kd 0.0647) | 14.1 it/s | elapsed 4.1 min | epoch ETA 1.2 min
  epoch 005 | batch 4,000/4,475 (89.4%) | loss 0.9985 (gt 0.1487, kd 0.0643) | 14.1 it/s | elapsed 4.7 min | epoch ETA 0.6 min
Epoch 005 | train 0.998479 (gt 0.148400, kd 0.063945) | val 3.432866 (gt 0.392739, kd 0.311380) | KL end 4.5913 path 7.2569 | rough FDE 4598.9m | proper FDE 4598.7m (teacher 820.8m)  ✓ best
  epoch 006 | batch 500/4,475 (11.2%) | loss 0.9993 (gt 0.1452, kd 0.0601) | 14.0 it/s | elapsed 0.6 min | epoch ETA 4.7 min
  epoch 006 | batch 1,000/4,475 (22.3%) | loss 0.9984 (gt 0.1443, kd 0.0595) | 14.1 it/s | elapsed 1.2 min | epoch ETA 4.1 min
  epoch 006 | batch 1,500/4,475 (33.5%) | loss 0.9982 (gt 0.1439, kd 0.0592) | 14.1 it/s | elapsed 1.8 min | epoch ETA 3.5 min
  epoch 006 | batch 2,000/4,475 (44.7%) | loss 0.9987 (gt 0.1435, kd 0.0589) | 14.1 it/s | elapsed 2.4 min | epoch ETA 2.9 min
  epoch 006 | batch 2,500/4,475 (55.9%) | loss 0.9984 (gt 0.1431, kd 0.0585) | 14.1 it/s | elapsed 3.0 min | epoch ETA 2.3 min
  epoch 006 | batch 3,000/4,475 (67.0%) | loss 0.9983 (gt 0.1427, kd 0.0582) | 14.1 it/s | elapsed 3.5 min | epoch ETA 1.7 min
  epoch 006 | batch 3,500/4,475 (78.2%) | loss 0.9986 (gt 0.1424, kd 0.0578) | 14.1 it/s | elapsed 4.1 min | epoch ETA 1.2 min
  epoch 006 | batch 4,000/4,475 (89.4%) | loss 0.9987 (gt 0.1421, kd 0.0576) | 14.1 it/s | elapsed 4.7 min | epoch ETA 0.6 min
Epoch 006 | train 0.998583 (gt 0.141838, kd 0.057292) | val 2.325369 (gt 0.262829, kd 0.181988) | KL end 3.8847 path 6.3217 | rough FDE 3194.7m
  epoch 007 | batch 500/4,475 (11.2%) | loss 0.9992 (gt 0.1394, kd 0.0546) | 14.1 it/s | elapsed 0.6 min | epoch ETA 4.7 min
  epoch 007 | batch 1,000/4,475 (22.3%) | loss 0.9989 (gt 0.1387, kd 0.0541) | 14.1 it/s | elapsed 1.2 min | epoch ETA 4.1 min
  epoch 007 | batch 1,500/4,475 (33.5%) | loss 0.9988 (gt 0.1383, kd 0.0538) | 14.1 it/s | elapsed 1.8 min | epoch ETA 3.5 min
  epoch 007 | batch 2,000/4,475 (44.7%) | loss 0.9989 (gt 0.1380, kd 0.0535) | 14.1 it/s | elapsed 2.4 min | epoch ETA 2.9 min
  epoch 007 | batch 2,500/4,475 (55.9%) | loss 0.9992 (gt 0.1377, kd 0.0532) | 14.1 it/s | elapsed 2.9 min | epoch ETA 2.3 min
  epoch 007 | batch 3,000/4,475 (67.0%) | loss 0.9988 (gt 0.1374, kd 0.0529) | 14.1 it/s | elapsed 3.5 min | epoch ETA 1.7 min
  epoch 007 | batch 3,500/4,475 (78.2%) | loss 0.9991 (gt 0.1372, kd 0.0527) | 14.1 it/s | elapsed 4.1 min | epoch ETA 1.1 min
  epoch 007 | batch 4,000/4,475 (89.4%) | loss 0.9990 (gt 0.1370, kd 0.0524) | 14.1 it/s | elapsed 4.7 min | epoch ETA 0.6 min
Epoch 007 | train 0.999017 (gt 0.136790, kd 0.052230) | val 1.670391 (gt 0.192884, kd 0.112693) | KL end 3.2369 path 5.3437 | rough FDE 2367.3m
  epoch 008 | batch 500/4,475 (11.2%) | loss 0.9989 (gt 0.1343, kd 0.0499) | 14.1 it/s | elapsed 0.6 min | epoch ETA 4.7 min
  epoch 008 | batch 1,000/4,475 (22.3%) | loss 0.9989 (gt 0.1341, kd 0.0497) | 14.1 it/s | elapsed 1.2 min | epoch ETA 4.1 min
  epoch 008 | batch 1,500/4,475 (33.5%) | loss 0.9988 (gt 0.1340, kd 0.0495) | 14.1 it/s | elapsed 1.8 min | epoch ETA 3.5 min
  epoch 008 | batch 2,000/4,475 (44.7%) | loss 0.9991 (gt 0.1338, kd 0.0493) | 14.1 it/s | elapsed 2.4 min | epoch ETA 2.9 min
  epoch 008 | batch 2,500/4,475 (55.9%) | loss 0.9988 (gt 0.1336, kd 0.0491) | 14.1 it/s | elapsed 3.0 min | epoch ETA 2.3 min
  epoch 008 | batch 3,000/4,475 (67.0%) | loss 0.9990 (gt 0.1334, kd 0.0489) | 14.1 it/s | elapsed 3.5 min | epoch ETA 1.7 min
  epoch 008 | batch 3,500/4,475 (78.2%) | loss 0.9988 (gt 0.1332, kd 0.0487) | 14.1 it/s | elapsed 4.1 min | epoch ETA 1.2 min
  epoch 008 | batch 4,000/4,475 (89.4%) | loss 0.9989 (gt 0.1330, kd 0.0485) | 14.1 it/s | elapsed 4.7 min | epoch ETA 0.6 min
Epoch 008 | train 0.999029 (gt 0.132800, kd 0.048324) | val 1.340308 (gt 0.157608, kd 0.077908) | KL end 2.8189 path 4.5204 | rough FDE 1936.1m
  epoch 009 | batch 500/4,475 (11.2%) | loss 1.0002 (gt 0.1311, kd 0.0467) | 14.1 it/s | elapsed 0.6 min | epoch ETA 4.7 min
  epoch 009 | batch 1,000/4,475 (22.3%) | loss 0.9995 (gt 0.1311, kd 0.0464) | 14.1 it/s | elapsed 1.2 min | epoch ETA 4.1 min
  epoch 009 | batch 1,500/4,475 (33.5%) | loss 0.9993 (gt 0.1309, kd 0.0463) | 14.1 it/s | elapsed 1.8 min | epoch ETA 3.5 min
  epoch 009 | batch 2,000/4,475 (44.7%) | loss 0.9995 (gt 0.1308, kd 0.0462) | 14.1 it/s | elapsed 2.4 min | epoch ETA 2.9 min
  epoch 009 | batch 2,500/4,475 (55.9%) | loss 0.9996 (gt 0.1307, kd 0.0460) | 14.1 it/s | elapsed 3.0 min | epoch ETA 2.3 min
  epoch 009 | batch 3,000/4,475 (67.0%) | loss 0.9994 (gt 0.1305, kd 0.0459) | 14.1 it/s | elapsed 3.5 min | epoch ETA 1.7 min
  epoch 009 | batch 3,500/4,475 (78.2%) | loss 0.9995 (gt 0.1303, kd 0.0458) | 14.1 it/s | elapsed 4.1 min | epoch ETA 1.2 min
  epoch 009 | batch 4,000/4,475 (89.4%) | loss 0.9994 (gt 0.1302, kd 0.0456) | 14.1 it/s | elapsed 4.7 min | epoch ETA 0.6 min
Epoch 009 | train 0.999254 (gt 0.129966, kd 0.045440) | val 1.162582 (gt 0.138971, kd 0.059532) | KL end 2.6064 path 3.9494 | rough FDE 1719.3m
  epoch 010 | batch 500/4,475 (11.2%) | loss 0.9992 (gt 0.1286, kd 0.0439) | 14.1 it/s | elapsed 0.6 min | epoch ETA 4.7 min
  epoch 010 | batch 1,000/4,475 (22.3%) | loss 0.9993 (gt 0.1282, kd 0.0438) | 14.1 it/s | elapsed 1.2 min | epoch ETA 4.1 min
  epoch 010 | batch 1,500/4,475 (33.5%) | loss 0.9995 (gt 0.1281, kd 0.0437) | 14.1 it/s | elapsed 1.8 min | epoch ETA 3.5 min
  epoch 010 | batch 2,000/4,475 (44.7%) | loss 0.9993 (gt 0.1280, kd 0.0435) | 14.1 it/s | elapsed 2.4 min | epoch ETA 2.9 min
  epoch 010 | batch 2,500/4,475 (55.9%) | loss 0.9997 (gt 0.1280, kd 0.0435) | 14.1 it/s | elapsed 2.9 min | epoch ETA 2.3 min
  epoch 010 | batch 3,000/4,475 (67.0%) | loss 0.9995 (gt 0.1278, kd 0.0433) | 14.1 it/s | elapsed 3.5 min | epoch ETA 1.7 min
  epoch 010 | batch 3,500/4,475 (78.2%) | loss 0.9994 (gt 0.1277, kd 0.0432) | 14.1 it/s | elapsed 4.1 min | epoch ETA 1.1 min
  epoch 010 | batch 4,000/4,475 (89.4%) | loss 0.9995 (gt 0.1276, kd 0.0431) | 14.1 it/s | elapsed 4.7 min | epoch ETA 0.6 min
Epoch 010 | train 0.999279 (gt 0.127449, kd 0.042998) | val 1.067761 (gt 0.128355, kd 0.049028) | KL end 2.4922 path 3.5786 | rough FDE 1588.1m | proper FDE 1801.4m (teacher 820.8m)  ✓ best
  epoch 011 | batch 500/4,475 (11.2%) | loss 1.0008 (gt 0.1264, kd 0.0421) | 14.1 it/s | elapsed 0.6 min | epoch ETA 4.7 min
  epoch 011 | batch 1,000/4,475 (22.3%) | loss 1.0002 (gt 0.1264, kd 0.0419) | 14.1 it/s | elapsed 1.2 min | epoch ETA 4.1 min
  epoch 011 | batch 1,500/4,475 (33.5%) | loss 1.0001 (gt 0.1263, kd 0.0418) | 14.1 it/s | elapsed 1.8 min | epoch ETA 3.5 min
  epoch 011 | batch 2,000/4,475 (44.7%) | loss 0.9999 (gt 0.1262, kd 0.0417) | 14.1 it/s | elapsed 2.4 min | epoch ETA 2.9 min
  epoch 011 | batch 2,500/4,475 (55.9%) | loss 0.9996 (gt 0.1260, kd 0.0415) | 14.1 it/s | elapsed 3.0 min | epoch ETA 2.3 min
  epoch 011 | batch 3,000/4,475 (67.0%) | loss 0.9998 (gt 0.1259, kd 0.0414) | 14.1 it/s | elapsed 3.5 min | epoch ETA 1.7 min
  epoch 011 | batch 3,500/4,475 (78.2%) | loss 0.9997 (gt 0.1258, kd 0.0413) | 14.1 it/s | elapsed 4.1 min | epoch ETA 1.2 min
  epoch 011 | batch 4,000/4,475 (89.4%) | loss 0.9996 (gt 0.1257, kd 0.0412) | 14.1 it/s | elapsed 4.7 min | epoch ETA 0.6 min
Epoch 011 | train 0.999589 (gt 0.125599, kd 0.041127) | val 1.004504 (gt 0.121940, kd 0.042674) | KL end 2.4102 path 3.3419 | rough FDE 1511.8m
  epoch 012 | batch 500/4,475 (11.2%) | loss 0.9994 (gt 0.1244, kd 0.0402) | 14.1 it/s | elapsed 0.6 min | epoch ETA 4.7 min
  epoch 012 | batch 1,000/4,475 (22.3%) | loss 0.9998 (gt 0.1244, kd 0.0402) | 14.1 it/s | elapsed 1.2 min | epoch ETA 4.1 min
  epoch 012 | batch 1,500/4,475 (33.5%) | loss 0.9996 (gt 0.1245, kd 0.0401) | 14.1 it/s | elapsed 1.8 min | epoch ETA 3.5 min
  epoch 012 | batch 2,000/4,475 (44.7%) | loss 0.9994 (gt 0.1243, kd 0.0400) | 14.1 it/s | elapsed 2.4 min | epoch ETA 2.9 min
  epoch 012 | batch 2,500/4,475 (55.9%) | loss 0.9997 (gt 0.1243, kd 0.0399) | 14.1 it/s | elapsed 2.9 min | epoch ETA 2.3 min
  epoch 012 | batch 3,000/4,475 (67.0%) | loss 0.9999 (gt 0.1243, kd 0.0398) | 14.1 it/s | elapsed 3.5 min | epoch ETA 1.7 min
  epoch 012 | batch 3,500/4,475 (78.2%) | loss 0.9996 (gt 0.1242, kd 0.0397) | 14.1 it/s | elapsed 4.1 min | epoch ETA 1.2 min
  epoch 012 | batch 4,000/4,475 (89.4%) | loss 0.9996 (gt 0.1241, kd 0.0397) | 14.1 it/s | elapsed 4.7 min | epoch ETA 0.6 min
Epoch 012 | train 0.999643 (gt 0.124022, kd 0.039566) | val 0.965621 (gt 0.117813, kd 0.038580) | KL end 2.3319 path 3.1665 | rough FDE 1458.0m
  epoch 013 | batch 500/4,475 (11.2%) | loss 0.9975 (gt 0.1228, kd 0.0386) | 14.1 it/s | elapsed 0.6 min | epoch ETA 4.7 min
  epoch 013 | batch 1,000/4,475 (22.3%) | loss 0.9988 (gt 0.1229, kd 0.0386) | 14.1 it/s | elapsed 1.2 min | epoch ETA 4.1 min
  epoch 013 | batch 1,500/4,475 (33.5%) | loss 0.9994 (gt 0.1229, kd 0.0385) | 14.1 it/s | elapsed 1.8 min | epoch ETA 3.5 min
  epoch 013 | batch 2,000/4,475 (44.7%) | loss 0.9993 (gt 0.1228, kd 0.0384) | 14.1 it/s | elapsed 2.4 min | epoch ETA 2.9 min
  epoch 013 | batch 2,500/4,475 (55.9%) | loss 0.9994 (gt 0.1227, kd 0.0384) | 14.1 it/s | elapsed 2.9 min | epoch ETA 2.3 min
  epoch 013 | batch 3,000/4,475 (67.0%) | loss 0.9993 (gt 0.1227, kd 0.0383) | 14.1 it/s | elapsed 3.5 min | epoch ETA 1.7 min
  epoch 013 | batch 3,500/4,475 (78.2%) | loss 0.9997 (gt 0.1226, kd 0.0383) | 14.1 it/s | elapsed 4.1 min | epoch ETA 1.1 min
  epoch 013 | batch 4,000/4,475 (89.4%) | loss 0.9997 (gt 0.1227, kd 0.0382) | 14.1 it/s | elapsed 4.7 min | epoch ETA 0.6 min
Epoch 013 | train 0.999428 (gt 0.122567, kd 0.038164) | val 0.951150 (gt 0.114960, kd 0.035752) | KL end 2.2458 path 2.9955 | rough FDE 1420.4m
  epoch 014 | batch 500/4,475 (11.2%) | loss 1.0005 (gt 0.1219, kd 0.0374) | 14.1 it/s | elapsed 0.6 min | epoch ETA 4.7 min
  epoch 014 | batch 1,000/4,475 (22.3%) | loss 0.9997 (gt 0.1216, kd 0.0373) | 14.1 it/s | elapsed 1.2 min | epoch ETA 4.1 min
  epoch 014 | batch 1,500/4,475 (33.5%) | loss 0.9999 (gt 0.1215, kd 0.0372) | 14.1 it/s | elapsed 1.8 min | epoch ETA 3.5 min
  epoch 014 | batch 2,000/4,475 (44.7%) | loss 0.9998 (gt 0.1215, kd 0.0371) | 14.1 it/s | elapsed 2.4 min | epoch ETA 2.9 min
  epoch 014 | batch 2,500/4,475 (55.9%) | loss 0.9998 (gt 0.1216, kd 0.0371) | 14.1 it/s | elapsed 2.9 min | epoch ETA 2.3 min
  epoch 014 | batch 3,000/4,475 (67.0%) | loss 0.9998 (gt 0.1216, kd 0.0371) | 14.1 it/s | elapsed 3.5 min | epoch ETA 1.7 min
  epoch 014 | batch 3,500/4,475 (78.2%) | loss 0.9997 (gt 0.1215, kd 0.0370) | 14.1 it/s | elapsed 4.1 min | epoch ETA 1.1 min
  epoch 014 | batch 4,000/4,475 (89.4%) | loss 0.9995 (gt 0.1214, kd 0.0370) | 14.1 it/s | elapsed 4.7 min | epoch ETA 0.6 min
Epoch 014 | train 0.999803 (gt 0.121326, kd 0.036912) | val 0.929458 (gt 0.112842, kd 0.033650) | KL end 2.1813 path 2.8719 | rough FDE 1398.6m
  epoch 015 | batch 500/4,475 (11.2%) | loss 1.0009 (gt 0.1214, kd 0.0365) | 14.1 it/s | elapsed 0.6 min | epoch ETA 4.7 min
  epoch 015 | batch 1,000/4,475 (22.3%) | loss 0.9994 (gt 0.1209, kd 0.0363) | 14.1 it/s | elapsed 1.2 min | epoch ETA 4.1 min
  epoch 015 | batch 1,500/4,475 (33.5%) | loss 0.9996 (gt 0.1207, kd 0.0362) | 14.1 it/s | elapsed 1.8 min | epoch ETA 3.5 min
  epoch 015 | batch 2,000/4,475 (44.7%) | loss 0.9994 (gt 0.1207, kd 0.0362) | 14.1 it/s | elapsed 2.4 min | epoch ETA 2.9 min
  epoch 015 | batch 2,500/4,475 (55.9%) | loss 0.9996 (gt 0.1207, kd 0.0361) | 14.1 it/s | elapsed 2.9 min | epoch ETA 2.3 min
  epoch 015 | batch 3,000/4,475 (67.0%) | loss 0.9995 (gt 0.1206, kd 0.0361) | 14.1 it/s | elapsed 3.5 min | epoch ETA 1.7 min
  epoch 015 | batch 3,500/4,475 (78.2%) | loss 0.9996 (gt 0.1206, kd 0.0360) | 14.1 it/s | elapsed 4.1 min | epoch ETA 1.1 min
  epoch 015 | batch 4,000/4,475 (89.4%) | loss 0.9996 (gt 0.1205, kd 0.0359) | 14.1 it/s | elapsed 4.7 min | epoch ETA 0.6 min
Epoch 015 | train 0.999534 (gt 0.120438, kd 0.035859) | val 0.925072 (gt 0.111203, kd 0.032028) | KL end 2.1343 path 2.7734 | rough FDE 1378.1m | proper FDE 1562.4m (teacher 820.8m)  ✓ best
  epoch 016 | batch 500/4,475 (11.2%) | loss 1.0001 (gt 0.1198, kd 0.0354) | 14.1 it/s | elapsed 0.6 min | epoch ETA 4.7 min
  epoch 016 | batch 1,000/4,475 (22.3%) | loss 1.0001 (gt 0.1196, kd 0.0351) | 14.1 it/s | elapsed 1.2 min | epoch ETA 4.1 min
  epoch 016 | batch 1,500/4,475 (33.5%) | loss 1.0000 (gt 0.1196, kd 0.0352) | 14.1 it/s | elapsed 1.8 min | epoch ETA 3.5 min
  epoch 016 | batch 2,000/4,475 (44.7%) | loss 0.9997 (gt 0.1195, kd 0.0351) | 14.1 it/s | elapsed 2.4 min | epoch ETA 2.9 min
  epoch 016 | batch 2,500/4,475 (55.9%) | loss 0.9998 (gt 0.1195, kd 0.0351) | 14.1 it/s | elapsed 3.0 min | epoch ETA 2.3 min
  epoch 016 | batch 3,000/4,475 (67.0%) | loss 0.9998 (gt 0.1195, kd 0.0351) | 14.1 it/s | elapsed 3.5 min | epoch ETA 1.7 min
  epoch 016 | batch 3,500/4,475 (78.2%) | loss 0.9998 (gt 0.1194, kd 0.0350) | 14.1 it/s | elapsed 4.1 min | epoch ETA 1.2 min
  epoch 016 | batch 4,000/4,475 (89.4%) | loss 0.9998 (gt 0.1193, kd 0.0349) | 14.1 it/s | elapsed 4.7 min | epoch ETA 0.6 min
Epoch 016 | train 0.999519 (gt 0.119247, kd 0.034887) | val 0.924988 (gt 0.109865, kd 0.030699) | KL end 2.0977 path 2.7009 | rough FDE 1358.1m
  epoch 017 | batch 500/4,475 (11.2%) | loss 1.0043 (gt 0.1196, kd 0.0348) | 14.1 it/s | elapsed 0.6 min | epoch ETA 4.7 min
  epoch 017 | batch 1,000/4,475 (22.3%) | loss 1.0009 (gt 0.1192, kd 0.0345) | 14.1 it/s | elapsed 1.2 min | epoch ETA 4.1 min
  epoch 017 | batch 1,500/4,475 (33.5%) | loss 1.0005 (gt 0.1190, kd 0.0344) | 14.1 it/s | elapsed 1.8 min | epoch ETA 3.5 min
  epoch 017 | batch 2,000/4,475 (44.7%) | loss 1.0002 (gt 0.1190, kd 0.0344) | 14.1 it/s | elapsed 2.4 min | epoch ETA 2.9 min
  epoch 017 | batch 2,500/4,475 (55.9%) | loss 1.0003 (gt 0.1188, kd 0.0343) | 14.1 it/s | elapsed 2.9 min | epoch ETA 2.3 min
  epoch 017 | batch 3,000/4,475 (67.0%) | loss 1.0000 (gt 0.1187, kd 0.0342) | 14.1 it/s | elapsed 3.5 min | epoch ETA 1.7 min
  epoch 017 | batch 3,500/4,475 (78.2%) | loss 1.0001 (gt 0.1186, kd 0.0342) | 14.1 it/s | elapsed 4.1 min | epoch ETA 1.2 min
  epoch 017 | batch 4,000/4,475 (89.4%) | loss 1.0000 (gt 0.1186, kd 0.0341) | 14.1 it/s | elapsed 4.7 min | epoch ETA 0.6 min
Epoch 017 | train 0.999950 (gt 0.118511, kd 0.034072) | val 0.909589 (gt 0.108733, kd 0.029579) | KL end 2.0669 path 2.6464 | rough FDE 1337.9m
  epoch 018 | batch 500/4,475 (11.2%) | loss 1.0013 (gt 0.1184, kd 0.0337) | 14.1 it/s | elapsed 0.6 min | epoch ETA 4.7 min
  epoch 018 | batch 1,000/4,475 (22.3%) | loss 0.9994 (gt 0.1181, kd 0.0336) | 14.1 it/s | elapsed 1.2 min | epoch ETA 4.1 min
  epoch 018 | batch 1,500/4,475 (33.5%) | loss 0.9996 (gt 0.1180, kd 0.0335) | 14.1 it/s | elapsed 1.8 min | epoch ETA 3.5 min
  epoch 018 | batch 2,000/4,475 (44.7%) | loss 0.9999 (gt 0.1179, kd 0.0335) | 14.1 it/s | elapsed 2.4 min | epoch ETA 2.9 min
  epoch 018 | batch 2,500/4,475 (55.9%) | loss 0.9998 (gt 0.1178, kd 0.0334) | 14.1 it/s | elapsed 2.9 min | epoch ETA 2.3 min
  epoch 018 | batch 3,000/4,475 (67.0%) | loss 0.9997 (gt 0.1178, kd 0.0334) | 14.1 it/s | elapsed 3.5 min | epoch ETA 1.7 min
  epoch 018 | batch 3,500/4,475 (78.2%) | loss 0.9998 (gt 0.1177, kd 0.0333) | 14.1 it/s | elapsed 4.1 min | epoch ETA 1.1 min
  epoch 018 | batch 4,000/4,475 (89.4%) | loss 0.9999 (gt 0.1177, kd 0.0333) | 14.1 it/s | elapsed 4.7 min | epoch ETA 0.6 min
Epoch 018 | train 0.999691 (gt 0.117618, kd 0.033239) | val 0.906766 (gt 0.107746, kd 0.028611) | KL end 2.0311 path 2.5877 | rough FDE 1320.8m
  epoch 019 | batch 500/4,475 (11.2%) | loss 1.0000 (gt 0.1171, kd 0.0327) | 14.1 it/s | elapsed 0.6 min | epoch ETA 4.7 min
  epoch 019 | batch 1,000/4,475 (22.3%) | loss 1.0005 (gt 0.1174, kd 0.0328) | 14.1 it/s | elapsed 1.2 min | epoch ETA 4.1 min
  epoch 019 | batch 1,500/4,475 (33.5%) | loss 1.0003 (gt 0.1174, kd 0.0327) | 14.1 it/s | elapsed 1.8 min | epoch ETA 3.5 min
  epoch 019 | batch 2,000/4,475 (44.7%) | loss 1.0000 (gt 0.1174, kd 0.0327) | 14.1 it/s | elapsed 2.4 min | epoch ETA 2.9 min
  epoch 019 | batch 2,500/4,475 (55.9%) | loss 0.9998 (gt 0.1173, kd 0.0327) | 14.1 it/s | elapsed 2.9 min | epoch ETA 2.3 min
  epoch 019 | batch 3,000/4,475 (67.0%) | loss 0.9998 (gt 0.1172, kd 0.0327) | 14.1 it/s | elapsed 3.5 min | epoch ETA 1.7 min
  epoch 019 | batch 3,500/4,475 (78.2%) | loss 0.9998 (gt 0.1171, kd 0.0326) | 14.1 it/s | elapsed 4.1 min | epoch ETA 1.1 min
  epoch 019 | batch 4,000/4,475 (89.4%) | loss 0.9997 (gt 0.1170, kd 0.0326) | 14.1 it/s | elapsed 4.7 min | epoch ETA 0.6 min
Epoch 019 | train 0.999830 (gt 0.117014, kd 0.032542) | val 0.899455 (gt 0.106880, kd 0.027742) | KL end 2.0013 path 2.5427 | rough FDE 1305.9m
  epoch 020 | batch 500/4,475 (11.2%) | loss 0.9993 (gt 0.1166, kd 0.0322) | 14.1 it/s | elapsed 0.6 min | epoch ETA 4.7 min
  epoch 020 | batch 1,000/4,475 (22.3%) | loss 0.9987 (gt 0.1163, kd 0.0321) | 14.1 it/s | elapsed 1.2 min | epoch ETA 4.1 min
  epoch 020 | batch 1,500/4,475 (33.5%) | loss 0.9998 (gt 0.1164, kd 0.0321) | 14.1 it/s | elapsed 1.8 min | epoch ETA 3.5 min
  epoch 020 | batch 2,000/4,475 (44.7%) | loss 0.9997 (gt 0.1163, kd 0.0320) | 14.1 it/s | elapsed 2.4 min | epoch ETA 2.9 min
  epoch 020 | batch 2,500/4,475 (55.9%) | loss 0.9995 (gt 0.1163, kd 0.0319) | 14.1 it/s | elapsed 2.9 min | epoch ETA 2.3 min
  epoch 020 | batch 3,000/4,475 (67.0%) | loss 0.9999 (gt 0.1163, kd 0.0319) | 14.1 it/s | elapsed 3.5 min | epoch ETA 1.7 min
  epoch 020 | batch 3,500/4,475 (78.2%) | loss 0.9998 (gt 0.1163, kd 0.0319) | 14.1 it/s | elapsed 4.1 min | epoch ETA 1.1 min
  epoch 020 | batch 4,000/4,475 (89.4%) | loss 0.9998 (gt 0.1163, kd 0.0319) | 14.2 it/s | elapsed 4.7 min | epoch ETA 0.6 min
Epoch 020 | train 0.999592 (gt 0.116263, kd 0.031838) | val 0.903543 (gt 0.106120, kd 0.026984) | KL end 1.9734 path 2.5000 | rough FDE 1294.1m | proper FDE 1456.2m (teacher 820.8m)  ✓ best
  epoch 021 | batch 500/4,475 (11.2%) | loss 1.0018 (gt 0.1163, kd 0.0315) | 14.1 it/s | elapsed 0.6 min | epoch ETA 4.7 min
  epoch 021 | batch 1,000/4,475 (22.3%) | loss 0.9999 (gt 0.1161, kd 0.0315) | 14.1 it/s | elapsed 1.2 min | epoch ETA 4.1 min
  epoch 021 | batch 1,500/4,475 (33.5%) | loss 1.0002 (gt 0.1159, kd 0.0314) | 14.1 it/s | elapsed 1.8 min | epoch ETA 3.5 min
  epoch 021 | batch 2,000/4,475 (44.7%) | loss 1.0003 (gt 0.1159, kd 0.0314) | 14.1 it/s | elapsed 2.4 min | epoch ETA 2.9 min
  epoch 021 | batch 2,500/4,475 (55.9%) | loss 1.0004 (gt 0.1158, kd 0.0314) | 14.1 it/s | elapsed 2.9 min | epoch ETA 2.3 min
  epoch 021 | batch 3,000/4,475 (67.0%) | loss 1.0001 (gt 0.1158, kd 0.0314) | 14.1 it/s | elapsed 3.5 min | epoch ETA 1.7 min
  epoch 021 | batch 3,500/4,475 (78.2%) | loss 1.0000 (gt 0.1158, kd 0.0313) | 14.1 it/s | elapsed 4.1 min | epoch ETA 1.1 min
  epoch 021 | batch 4,000/4,475 (89.4%) | loss 0.9999 (gt 0.1157, kd 0.0313) | 14.1 it/s | elapsed 4.7 min | epoch ETA 0.6 min
Epoch 021 | train 0.999963 (gt 0.115702, kd 0.031256) | val 0.893119 (gt 0.105417, kd 0.026283) | KL end 1.9395 path 2.4511 | rough FDE 1283.1m
  epoch 022 | batch 500/4,475 (11.2%) | loss 1.0013 (gt 0.1159, kd 0.0312) | 14.0 it/s | elapsed 0.6 min | epoch ETA 4.7 min
  epoch 022 | batch 1,000/4,475 (22.3%) | loss 1.0001 (gt 0.1156, kd 0.0310) | 14.1 it/s | elapsed 1.2 min | epoch ETA 4.1 min
  epoch 022 | batch 1,500/4,475 (33.5%) | loss 0.9997 (gt 0.1154, kd 0.0309) | 14.1 it/s | elapsed 1.8 min | epoch ETA 3.5 min
  epoch 022 | batch 2,000/4,475 (44.7%) | loss 0.9997 (gt 0.1153, kd 0.0308) | 14.1 it/s | elapsed 2.4 min | epoch ETA 2.9 min
  epoch 022 | batch 2,500/4,475 (55.9%) | loss 0.9996 (gt 0.1153, kd 0.0308) | 14.1 it/s | elapsed 2.9 min | epoch ETA 2.3 min
  epoch 022 | batch 3,000/4,475 (67.0%) | loss 0.9997 (gt 0.1153, kd 0.0308) | 14.1 it/s | elapsed 3.5 min | epoch ETA 1.7 min
  epoch 022 | batch 3,500/4,475 (78.2%) | loss 0.9996 (gt 0.1152, kd 0.0308) | 14.1 it/s | elapsed 4.1 min | epoch ETA 1.1 min
  epoch 022 | batch 4,000/4,475 (89.4%) | loss 0.9999 (gt 0.1152, kd 0.0307) | 14.1 it/s | elapsed 4.7 min | epoch ETA 0.6 min
Epoch 022 | train 0.999552 (gt 0.115156, kd 0.030702) | val 0.900464 (gt 0.104790, kd 0.025661) | KL end 1.9050 path 2.4251 | rough FDE 1272.8m
  epoch 023 | batch 500/4,475 (11.2%) | loss 1.0018 (gt 0.1148, kd 0.0304) | 14.1 it/s | elapsed 0.6 min | epoch ETA 4.7 min
  epoch 023 | batch 1,000/4,475 (22.3%) | loss 1.0006 (gt 0.1147, kd 0.0303) | 14.1 it/s | elapsed 1.2 min | epoch ETA 4.1 min
  epoch 023 | batch 1,500/4,475 (33.5%) | loss 1.0001 (gt 0.1147, kd 0.0303) | 14.1 it/s | elapsed 1.8 min | epoch ETA 3.5 min
  epoch 023 | batch 2,000/4,475 (44.7%) | loss 1.0005 (gt 0.1148, kd 0.0303) | 14.1 it/s | elapsed 2.4 min | epoch ETA 2.9 min
  epoch 023 | batch 2,500/4,475 (55.9%) | loss 1.0000 (gt 0.1148, kd 0.0303) | 14.1 it/s | elapsed 2.9 min | epoch ETA 2.3 min
  epoch 023 | batch 3,000/4,475 (67.0%) | loss 1.0004 (gt 0.1147, kd 0.0302) | 14.1 it/s | elapsed 3.5 min | epoch ETA 1.7 min
  epoch 023 | batch 3,500/4,475 (78.2%) | loss 1.0000 (gt 0.1146, kd 0.0302) | 14.1 it/s | elapsed 4.1 min | epoch ETA 1.1 min
  epoch 023 | batch 4,000/4,475 (89.4%) | loss 1.0002 (gt 0.1146, kd 0.0302) | 14.1 it/s | elapsed 4.7 min | epoch ETA 0.6 min
Epoch 023 | train 0.999931 (gt 0.114566, kd 0.030133) | val 0.893285 (gt 0.104226, kd 0.025096) | KL end 1.8696 path 2.3932 | rough FDE 1261.3m
  epoch 024 | batch 500/4,475 (11.2%) | loss 0.9999 (gt 0.1145, kd 0.0298) | 14.0 it/s | elapsed 0.6 min | epoch ETA 4.7 min
  epoch 024 | batch 1,000/4,475 (22.3%) | loss 1.0000 (gt 0.1143, kd 0.0298) | 14.1 it/s | elapsed 1.2 min | epoch ETA 4.1 min
  epoch 024 | batch 1,500/4,475 (33.5%) | loss 1.0006 (gt 0.1144, kd 0.0298) | 14.1 it/s | elapsed 1.8 min | epoch ETA 3.5 min
  epoch 024 | batch 2,000/4,475 (44.7%) | loss 1.0000 (gt 0.1142, kd 0.0297) | 14.1 it/s | elapsed 2.4 min | epoch ETA 2.9 min
  epoch 024 | batch 2,500/4,475 (55.9%) | loss 1.0002 (gt 0.1143, kd 0.0297) | 14.1 it/s | elapsed 2.9 min | epoch ETA 2.3 min
  epoch 024 | batch 3,000/4,475 (67.0%) | loss 0.9998 (gt 0.1142, kd 0.0297) | 14.1 it/s | elapsed 3.5 min | epoch ETA 1.7 min
  epoch 024 | batch 3,500/4,475 (78.2%) | loss 0.9999 (gt 0.1141, kd 0.0296) | 14.1 it/s | elapsed 4.1 min | epoch ETA 1.1 min
  epoch 024 | batch 4,000/4,475 (89.4%) | loss 0.9999 (gt 0.1141, kd 0.0296) | 14.1 it/s | elapsed 4.7 min | epoch ETA 0.6 min
Epoch 024 | train 0.999856 (gt 0.114072, kd 0.029596) | val 0.889355 (gt 0.103678, kd 0.024564) | KL end 1.8465 path 2.3734 | rough FDE 1251.9m
  epoch 025 | batch 500/4,475 (11.2%) | loss 0.9983 (gt 0.1135, kd 0.0291) | 14.1 it/s | elapsed 0.6 min | epoch ETA 4.7 min
  epoch 025 | batch 1,000/4,475 (22.3%) | loss 1.0000 (gt 0.1137, kd 0.0292) | 14.1 it/s | elapsed 1.2 min | epoch ETA 4.1 min
  epoch 025 | batch 1,500/4,475 (33.5%) | loss 0.9997 (gt 0.1137, kd 0.0293) | 14.1 it/s | elapsed 1.8 min | epoch ETA 3.5 min
  epoch 025 | batch 2,000/4,475 (44.7%) | loss 0.9999 (gt 0.1137, kd 0.0292) | 14.1 it/s | elapsed 2.4 min | epoch ETA 2.9 min
  epoch 025 | batch 2,500/4,475 (55.9%) | loss 1.0000 (gt 0.1137, kd 0.0292) | 14.1 it/s | elapsed 2.9 min | epoch ETA 2.3 min
  epoch 025 | batch 3,000/4,475 (67.0%) | loss 0.9999 (gt 0.1137, kd 0.0292) | 14.1 it/s | elapsed 3.5 min | epoch ETA 1.7 min
  epoch 025 | batch 3,500/4,475 (78.2%) | loss 0.9999 (gt 0.1137, kd 0.0292) | 14.1 it/s | elapsed 4.1 min | epoch ETA 1.1 min
  epoch 025 | batch 4,000/4,475 (89.4%) | loss 0.9998 (gt 0.1136, kd 0.0292) | 14.1 it/s | elapsed 4.7 min | epoch ETA 0.6 min
Epoch 025 | train 0.999736 (gt 0.113615, kd 0.029141) | val 0.891035 (gt 0.103190, kd 0.024079) | KL end 1.8258 path 2.3537 | rough FDE 1243.6m | proper FDE 1388.2m (teacher 820.8m)  ✓ best
  epoch 026 | batch 500/4,475 (11.2%) | loss 1.0006 (gt 0.1134, kd 0.0289) | 14.0 it/s | elapsed 0.6 min | epoch ETA 4.7 min
  epoch 026 | batch 1,000/4,475 (22.3%) | loss 1.0003 (gt 0.1133, kd 0.0289) | 14.1 it/s | elapsed 1.2 min | epoch ETA 4.1 min
  epoch 026 | batch 1,500/4,475 (33.5%) | loss 0.9998 (gt 0.1131, kd 0.0288) | 14.1 it/s | elapsed 1.8 min | epoch ETA 3.5 min
  epoch 026 | batch 2,000/4,475 (44.7%) | loss 1.0002 (gt 0.1132, kd 0.0288) | 14.1 it/s | elapsed 2.4 min | epoch ETA 2.9 min
  epoch 026 | batch 2,500/4,475 (55.9%) | loss 0.9997 (gt 0.1131, kd 0.0287) | 14.1 it/s | elapsed 3.0 min | epoch ETA 2.3 min
  epoch 026 | batch 3,000/4,475 (67.0%) | loss 1.0000 (gt 0.1131, kd 0.0287) | 14.1 it/s | elapsed 3.5 min | epoch ETA 1.7 min
  epoch 026 | batch 3,500/4,475 (78.2%) | loss 1.0001 (gt 0.1131, kd 0.0287) | 14.1 it/s | elapsed 4.1 min | epoch ETA 1.2 min
  epoch 026 | batch 4,000/4,475 (89.4%) | loss 0.9999 (gt 0.1131, kd 0.0287) | 14.1 it/s | elapsed 4.7 min | epoch ETA 0.6 min
Epoch 026 | train 0.999997 (gt 0.113133, kd 0.028708) | val 0.882906 (gt 0.102737, kd 0.023627) | KL end 1.8030 path 2.3310 | rough FDE 1236.1m
  epoch 027 | batch 500/4,475 (11.2%) | loss 1.0011 (gt 0.1132, kd 0.0286) | 14.0 it/s | elapsed 0.6 min | epoch ETA 4.7 min
  epoch 027 | batch 1,000/4,475 (22.3%) | loss 0.9994 (gt 0.1130, kd 0.0285) | 14.1 it/s | elapsed 1.2 min | epoch ETA 4.1 min
  epoch 027 | batch 1,500/4,475 (33.5%) | loss 0.9996 (gt 0.1130, kd 0.0284) | 14.1 it/s | elapsed 1.8 min | epoch ETA 3.5 min
  epoch 027 | batch 2,000/4,475 (44.7%) | loss 0.9997 (gt 0.1129, kd 0.0284) | 14.1 it/s | elapsed 2.4 min | epoch ETA 2.9 min
  epoch 027 | batch 2,500/4,475 (55.9%) | loss 0.9997 (gt 0.1129, kd 0.0284) | 14.1 it/s | elapsed 2.9 min | epoch ETA 2.3 min
  epoch 027 | batch 3,000/4,475 (67.0%) | loss 0.9998 (gt 0.1129, kd 0.0284) | 14.1 it/s | elapsed 3.5 min | epoch ETA 1.7 min
  epoch 027 | batch 3,500/4,475 (78.2%) | loss 0.9998 (gt 0.1128, kd 0.0284) | 14.1 it/s | elapsed 4.1 min | epoch ETA 1.2 min
  epoch 027 | batch 4,000/4,475 (89.4%) | loss 0.9998 (gt 0.1128, kd 0.0283) | 14.1 it/s | elapsed 4.7 min | epoch ETA 0.6 min
Epoch 027 | train 0.999640 (gt 0.112722, kd 0.028287) | val 0.889187 (gt 0.102304, kd 0.023199) | KL end 1.7792 path 2.2999 | rough FDE 1231.4m
  epoch 028 | batch 500/4,475 (11.2%) | loss 1.0012 (gt 0.1122, kd 0.0280) | 14.0 it/s | elapsed 0.6 min | epoch ETA 4.7 min
  epoch 028 | batch 1,000/4,475 (22.3%) | loss 1.0002 (gt 0.1123, kd 0.0280) | 14.1 it/s | elapsed 1.2 min | epoch ETA 4.1 min
  epoch 028 | batch 1,500/4,475 (33.5%) | loss 1.0005 (gt 0.1124, kd 0.0280) | 14.1 it/s | elapsed 1.8 min | epoch ETA 3.5 min
  epoch 028 | batch 2,000/4,475 (44.7%) | loss 1.0003 (gt 0.1124, kd 0.0280) | 14.1 it/s | elapsed 2.4 min | epoch ETA 2.9 min
  epoch 028 | batch 2,500/4,475 (55.9%) | loss 1.0000 (gt 0.1124, kd 0.0280) | 14.1 it/s | elapsed 2.9 min | epoch ETA 2.3 min
  epoch 028 | batch 3,000/4,475 (67.0%) | loss 0.9999 (gt 0.1123, kd 0.0279) | 14.1 it/s | elapsed 3.5 min | epoch ETA 1.7 min
  epoch 028 | batch 3,500/4,475 (78.2%) | loss 0.9999 (gt 0.1123, kd 0.0279) | 14.1 it/s | elapsed 4.1 min | epoch ETA 1.2 min
  epoch 028 | batch 4,000/4,475 (89.4%) | loss 1.0001 (gt 0.1124, kd 0.0279) | 14.1 it/s | elapsed 4.7 min | epoch ETA 0.6 min
Epoch 028 | train 1.000016 (gt 0.112370, kd 0.027903) | val 0.880712 (gt 0.101885, kd 0.022793) | KL end 1.7624 path 2.2832 | rough FDE 1227.3m
  epoch 029 | batch 500/4,475 (11.2%) | loss 0.9988 (gt 0.1122, kd 0.0276) | 14.0 it/s | elapsed 0.6 min | epoch ETA 4.7 min
  epoch 029 | batch 1,000/4,475 (22.3%) | loss 0.9997 (gt 0.1121, kd 0.0276) | 14.1 it/s | elapsed 1.2 min | epoch ETA 4.1 min
  epoch 029 | batch 1,500/4,475 (33.5%) | loss 0.9995 (gt 0.1122, kd 0.0276) | 14.1 it/s | elapsed 1.8 min | epoch ETA 3.5 min
  epoch 029 | batch 2,000/4,475 (44.7%) | loss 0.9997 (gt 0.1121, kd 0.0276) | 14.1 it/s | elapsed 2.4 min | epoch ETA 2.9 min
  epoch 029 | batch 2,500/4,475 (55.9%) | loss 0.9995 (gt 0.1120, kd 0.0275) | 14.1 it/s | elapsed 2.9 min | epoch ETA 2.3 min
  epoch 029 | batch 3,000/4,475 (67.0%) | loss 0.9997 (gt 0.1120, kd 0.0275) | 14.1 it/s | elapsed 3.5 min | epoch ETA 1.7 min
  epoch 029 | batch 3,500/4,475 (78.2%) | loss 0.9997 (gt 0.1120, kd 0.0275) | 14.1 it/s | elapsed 4.1 min | epoch ETA 1.1 min
  epoch 029 | batch 4,000/4,475 (89.4%) | loss 1.0000 (gt 0.1120, kd 0.0275) | 14.1 it/s | elapsed 4.7 min | epoch ETA 0.6 min
Epoch 029 | train 0.999930 (gt 0.111956, kd 0.027518) | val 0.876371 (gt 0.101517, kd 0.022431) | KL end 1.7391 path 2.2615 | rough FDE 1226.2m
  epoch 030 | batch 500/4,475 (11.2%) | loss 0.9991 (gt 0.1120, kd 0.0274) | 14.0 it/s | elapsed 0.6 min | epoch ETA 4.7 min
  epoch 030 | batch 1,000/4,475 (22.3%) | loss 0.9990 (gt 0.1118, kd 0.0273) | 14.1 it/s | elapsed 1.2 min | epoch ETA 4.1 min
  epoch 030 | batch 1,500/4,475 (33.5%) | loss 0.9996 (gt 0.1118, kd 0.0272) | 14.1 it/s | elapsed 1.8 min | epoch ETA 3.5 min
  epoch 030 | batch 2,000/4,475 (44.7%) | loss 0.9996 (gt 0.1118, kd 0.0273) | 14.1 it/s | elapsed 2.4 min | epoch ETA 2.9 min
  epoch 030 | batch 2,500/4,475 (55.9%) | loss 0.9997 (gt 0.1118, kd 0.0272) | 14.1 it/s | elapsed 2.9 min | epoch ETA 2.3 min
  epoch 030 | batch 3,000/4,475 (67.0%) | loss 0.9998 (gt 0.1118, kd 0.0272) | 14.1 it/s | elapsed 3.5 min | epoch ETA 1.7 min
  epoch 030 | batch 3,500/4,475 (78.2%) | loss 0.9994 (gt 0.1117, kd 0.0272) | 14.1 it/s | elapsed 4.1 min | epoch ETA 1.2 min
  epoch 030 | batch 4,000/4,475 (89.4%) | loss 0.9997 (gt 0.1117, kd 0.0272) | 14.1 it/s | elapsed 4.7 min | epoch ETA 0.6 min
Epoch 030 | train 0.999762 (gt 0.111637, kd 0.027153) | val 0.878964 (gt 0.101195, kd 0.022091) | KL end 1.7155 path 2.2361 | rough FDE 1222.3m | proper FDE 1333.5m (teacher 820.8m)  ✓ best
  epoch 031 | batch 500/4,475 (11.2%) | loss 1.0000 (gt 0.1116, kd 0.0269) | 14.0 it/s | elapsed 0.6 min | epoch ETA 4.7 min
  epoch 031 | batch 1,000/4,475 (22.3%) | loss 0.9998 (gt 0.1116, kd 0.0269) | 14.1 it/s | elapsed 1.2 min | epoch ETA 4.1 min
  epoch 031 | batch 1,500/4,475 (33.5%) | loss 0.9996 (gt 0.1114, kd 0.0269) | 14.1 it/s | elapsed 1.8 min | epoch ETA 3.5 min
  epoch 031 | batch 2,000/4,475 (44.7%) | loss 0.9998 (gt 0.1114, kd 0.0269) | 14.1 it/s | elapsed 2.4 min | epoch ETA 2.9 min
  epoch 031 | batch 2,500/4,475 (55.9%) | loss 0.9997 (gt 0.1114, kd 0.0269) | 14.1 it/s | elapsed 2.9 min | epoch ETA 2.3 min
  epoch 031 | batch 3,000/4,475 (67.0%) | loss 0.9998 (gt 0.1113, kd 0.0268) | 14.1 it/s | elapsed 3.5 min | epoch ETA 1.7 min
  epoch 031 | batch 3,500/4,475 (78.2%) | loss 0.9999 (gt 0.1113, kd 0.0268) | 14.1 it/s | elapsed 4.1 min | epoch ETA 1.1 min
  epoch 031 | batch 4,000/4,475 (89.4%) | loss 0.9999 (gt 0.1113, kd 0.0268) | 14.1 it/s | elapsed 4.7 min | epoch ETA 0.6 min
Epoch 031 | train 0.999752 (gt 0.111238, kd 0.026762) | val 0.882590 (gt 0.100887, kd 0.021776) | KL end 1.6951 path 2.2137 | rough FDE 1216.6m
  epoch 032 | batch 500/4,475 (11.2%) | loss 0.9984 (gt 0.1105, kd 0.0265) | 14.0 it/s | elapsed 0.6 min | epoch ETA 4.7 min
  epoch 032 | batch 1,000/4,475 (22.3%) | loss 1.0006 (gt 0.1108, kd 0.0266) | 14.1 it/s | elapsed 1.2 min | epoch ETA 4.1 min
  epoch 032 | batch 1,500/4,475 (33.5%) | loss 0.9995 (gt 0.1108, kd 0.0265) | 14.1 it/s | elapsed 1.8 min | epoch ETA 3.5 min
  epoch 032 | batch 2,000/4,475 (44.7%) | loss 1.0000 (gt 0.1109, kd 0.0265) | 14.1 it/s | elapsed 2.4 min | epoch ETA 2.9 min
  epoch 032 | batch 2,500/4,475 (55.9%) | loss 1.0000 (gt 0.1109, kd 0.0265) | 14.1 it/s | elapsed 2.9 min | epoch ETA 2.3 min
  epoch 032 | batch 3,000/4,475 (67.0%) | loss 0.9997 (gt 0.1109, kd 0.0265) | 14.1 it/s | elapsed 3.5 min | epoch ETA 1.7 min
  epoch 032 | batch 3,500/4,475 (78.2%) | loss 0.9998 (gt 0.1109, kd 0.0265) | 14.1 it/s | elapsed 4.1 min | epoch ETA 1.1 min
  epoch 032 | batch 4,000/4,475 (89.4%) | loss 1.0001 (gt 0.1109, kd 0.0265) | 14.1 it/s | elapsed 4.7 min | epoch ETA 0.6 min
Epoch 032 | train 0.999959 (gt 0.110899, kd 0.026473) | val 0.878356 (gt 0.100612, kd 0.021492) | KL end 1.6751 path 2.1874 | rough FDE 1211.0m
  epoch 033 | batch 500/4,475 (11.2%) | loss 1.0007 (gt 0.1108, kd 0.0263) | 14.0 it/s | elapsed 0.6 min | epoch ETA 4.7 min
  epoch 033 | batch 1,000/4,475 (22.3%) | loss 0.9990 (gt 0.1108, kd 0.0263) | 14.1 it/s | elapsed 1.2 min | epoch ETA 4.1 min
  epoch 033 | batch 1,500/4,475 (33.5%) | loss 0.9993 (gt 0.1107, kd 0.0262) | 14.1 it/s | elapsed 1.8 min | epoch ETA 3.5 min
  epoch 033 | batch 2,000/4,475 (44.7%) | loss 0.9995 (gt 0.1106, kd 0.0262) | 14.1 it/s | elapsed 2.4 min | epoch ETA 2.9 min
  epoch 033 | batch 2,500/4,475 (55.9%) | loss 0.9997 (gt 0.1106, kd 0.0262) | 14.1 it/s | elapsed 2.9 min | epoch ETA 2.3 min
  epoch 033 | batch 3,000/4,475 (67.0%) | loss 0.9998 (gt 0.1106, kd 0.0262) | 14.1 it/s | elapsed 3.5 min | epoch ETA 1.7 min
  epoch 033 | batch 3,500/4,475 (78.2%) | loss 0.9998 (gt 0.1107, kd 0.0262) | 14.1 it/s | elapsed 4.1 min | epoch ETA 1.1 min
  epoch 033 | batch 4,000/4,475 (89.4%) | loss 0.9997 (gt 0.1106, kd 0.0262) | 14.1 it/s | elapsed 4.7 min | epoch ETA 0.6 min
Epoch 033 | train 0.999767 (gt 0.110599, kd 0.026133) | val 0.881577 (gt 0.100335, kd 0.021204) | KL end 1.6591 path 2.1566 | rough FDE 1207.8m
  epoch 034 | batch 500/4,475 (11.2%) | loss 0.9995 (gt 0.1102, kd 0.0260) | 14.0 it/s | elapsed 0.6 min | epoch ETA 4.7 min
  epoch 034 | batch 1,000/4,475 (22.3%) | loss 1.0001 (gt 0.1103, kd 0.0260) | 14.1 it/s | elapsed 1.2 min | epoch ETA 4.1 min
  epoch 034 | batch 1,500/4,475 (33.5%) | loss 0.9996 (gt 0.1102, kd 0.0259) | 14.1 it/s | elapsed 1.8 min | epoch ETA 3.5 min
  epoch 034 | batch 2,000/4,475 (44.7%) | loss 1.0002 (gt 0.1104, kd 0.0259) | 14.1 it/s | elapsed 2.4 min | epoch ETA 2.9 min
  epoch 034 | batch 2,500/4,475 (55.9%) | loss 0.9999 (gt 0.1104, kd 0.0259) | 14.1 it/s | elapsed 2.9 min | epoch ETA 2.3 min
  epoch 034 | batch 3,000/4,475 (67.0%) | loss 1.0000 (gt 0.1104, kd 0.0259) | 14.1 it/s | elapsed 3.5 min | epoch ETA 1.7 min
  epoch 034 | batch 3,500/4,475 (78.2%) | loss 0.9999 (gt 0.1104, kd 0.0259) | 14.1 it/s | elapsed 4.1 min | epoch ETA 1.1 min
  epoch 034 | batch 4,000/4,475 (89.4%) | loss 1.0000 (gt 0.1104, kd 0.0259) | 14.1 it/s | elapsed 4.7 min | epoch ETA 0.6 min
Epoch 034 | train 0.999999 (gt 0.110398, kd 0.025858) | val 0.876325 (gt 0.100085, kd 0.020952) | KL end 1.6504 path 2.1386 | rough FDE 1204.7m
  epoch 035 | batch 500/4,475 (11.2%) | loss 0.9986 (gt 0.1105, kd 0.0256) | 14.0 it/s | elapsed 0.6 min | epoch ETA 4.7 min
  epoch 035 | batch 1,000/4,475 (22.3%) | loss 0.9992 (gt 0.1104, kd 0.0256) | 14.1 it/s | elapsed 1.2 min | epoch ETA 4.1 min
  epoch 035 | batch 1,500/4,475 (33.5%) | loss 0.9993 (gt 0.1101, kd 0.0256) | 14.1 it/s | elapsed 1.8 min | epoch ETA 3.5 min
  epoch 035 | batch 2,000/4,475 (44.7%) | loss 0.9994 (gt 0.1102, kd 0.0256) | 14.1 it/s | elapsed 2.4 min | epoch ETA 2.9 min
  epoch 035 | batch 2,500/4,475 (55.9%) | loss 0.9995 (gt 0.1101, kd 0.0255) | 14.1 it/s | elapsed 2.9 min | epoch ETA 2.3 min
  epoch 035 | batch 3,000/4,475 (67.0%) | loss 0.9995 (gt 0.1100, kd 0.0255) | 14.1 it/s | elapsed 3.5 min | epoch ETA 1.7 min
  epoch 035 | batch 3,500/4,475 (78.2%) | loss 0.9997 (gt 0.1100, kd 0.0255) | 14.1 it/s | elapsed 4.1 min | epoch ETA 1.1 min
  epoch 035 | batch 4,000/4,475 (89.4%) | loss 0.9996 (gt 0.1100, kd 0.0255) | 14.1 it/s | elapsed 4.7 min | epoch ETA 0.6 min
Epoch 035 | train 0.999868 (gt 0.110009, kd 0.025497) | val 0.876291 (gt 0.099861, kd 0.020706) | KL end 1.6362 path 2.1181 | rough FDE 1200.1m | proper FDE 1297.4m (teacher 820.8m)  ✓ best
  epoch 036 | batch 500/4,475 (11.2%) | loss 0.9981 (gt 0.1096, kd 0.0251) | 14.0 it/s | elapsed 0.6 min | epoch ETA 4.7 min
  epoch 036 | batch 1,000/4,475 (22.3%) | loss 0.9991 (gt 0.1096, kd 0.0252) | 14.1 it/s | elapsed 1.2 min | epoch ETA 4.1 min
  epoch 036 | batch 1,500/4,475 (33.5%) | loss 0.9997 (gt 0.1097, kd 0.0252) | 14.1 it/s | elapsed 1.8 min | epoch ETA 3.5 min
  epoch 036 | batch 2,000/4,475 (44.7%) | loss 0.9994 (gt 0.1096, kd 0.0252) | 14.1 it/s | elapsed 2.4 min | epoch ETA 2.9 min
  epoch 036 | batch 2,500/4,475 (55.9%) | loss 0.9995 (gt 0.1096, kd 0.0252) | 14.1 it/s | elapsed 2.9 min | epoch ETA 2.3 min
  epoch 036 | batch 3,000/4,475 (67.0%) | loss 0.9998 (gt 0.1096, kd 0.0252) | 14.1 it/s | elapsed 3.5 min | epoch ETA 1.7 min
  epoch 036 | batch 3,500/4,475 (78.2%) | loss 0.9996 (gt 0.1097, kd 0.0252) | 14.1 it/s | elapsed 4.1 min | epoch ETA 1.1 min
  epoch 036 | batch 4,000/4,475 (89.4%) | loss 0.9997 (gt 0.1096, kd 0.0252) | 14.1 it/s | elapsed 4.7 min | epoch ETA 0.6 min
Epoch 036 | train 0.999715 (gt 0.109619, kd 0.025198) | val 0.882515 (gt 0.099639, kd 0.020472) | KL end 1.6205 path 2.0904 | rough FDE 1194.1m
  epoch 037 | batch 500/4,475 (11.2%) | loss 1.0009 (gt 0.1098, kd 0.0251) | 14.0 it/s | elapsed 0.6 min | epoch ETA 4.7 min
  epoch 037 | batch 1,000/4,475 (22.3%) | loss 1.0002 (gt 0.1096, kd 0.0250) | 14.1 it/s | elapsed 1.2 min | epoch ETA 4.1 min
  epoch 037 | batch 1,500/4,475 (33.5%) | loss 0.9996 (gt 0.1095, kd 0.0250) | 14.1 it/s | elapsed 1.8 min | epoch ETA 3.5 min
  epoch 037 | batch 2,000/4,475 (44.7%) | loss 1.0001 (gt 0.1095, kd 0.0251) | 14.1 it/s | elapsed 2.4 min | epoch ETA 2.9 min
  epoch 037 | batch 2,500/4,475 (55.9%) | loss 0.9999 (gt 0.1095, kd 0.0250) | 14.1 it/s | elapsed 2.9 min | epoch ETA 2.3 min
  epoch 037 | batch 3,000/4,475 (67.0%) | loss 1.0000 (gt 0.1095, kd 0.0250) | 14.1 it/s | elapsed 3.5 min | epoch ETA 1.7 min
  epoch 037 | batch 3,500/4,475 (78.2%) | loss 1.0001 (gt 0.1095, kd 0.0250) | 14.1 it/s | elapsed 4.1 min | epoch ETA 1.1 min
  epoch 037 | batch 4,000/4,475 (89.4%) | loss 0.9999 (gt 0.1095, kd 0.0250) | 14.1 it/s | elapsed 4.7 min | epoch ETA 0.6 min
Epoch 037 | train 0.999913 (gt 0.109426, kd 0.024943) | val 0.880864 (gt 0.099416, kd 0.020237) | KL end 1.6084 path 2.0752 | rough FDE 1191.8m
  epoch 038 | batch 500/4,475 (11.2%) | loss 0.9994 (gt 0.1092, kd 0.0248) | 14.0 it/s | elapsed 0.6 min | epoch ETA 4.7 min
  epoch 038 | batch 1,000/4,475 (22.3%) | loss 1.0005 (gt 0.1093, kd 0.0249) | 14.1 it/s | elapsed 1.2 min | epoch ETA 4.1 min
  epoch 038 | batch 1,500/4,475 (33.5%) | loss 0.9997 (gt 0.1092, kd 0.0248) | 14.1 it/s | elapsed 1.8 min | epoch ETA 3.5 min
  epoch 038 | batch 2,000/4,475 (44.7%) | loss 0.9998 (gt 0.1092, kd 0.0248) | 14.1 it/s | elapsed 2.4 min | epoch ETA 2.9 min
  epoch 038 | batch 2,500/4,475 (55.9%) | loss 0.9999 (gt 0.1093, kd 0.0248) | 14.1 it/s | elapsed 2.9 min | epoch ETA 2.3 min
  epoch 038 | batch 3,000/4,475 (67.0%) | loss 0.9998 (gt 0.1092, kd 0.0247) | 14.1 it/s | elapsed 3.5 min | epoch ETA 1.7 min
  epoch 038 | batch 3,500/4,475 (78.2%) | loss 0.9998 (gt 0.1091, kd 0.0247) | 14.1 it/s | elapsed 4.1 min | epoch ETA 1.1 min
  epoch 038 | batch 4,000/4,475 (89.4%) | loss 0.9998 (gt 0.1091, kd 0.0247) | 14.1 it/s | elapsed 4.7 min | epoch ETA 0.6 min
Epoch 038 | train 0.999941 (gt 0.109108, kd 0.024693) | val 0.878379 (gt 0.099200, kd 0.020009) | KL end 1.5936 path 2.0628 | rough FDE 1187.3m
  epoch 039 | batch 500/4,475 (11.2%) | loss 0.9991 (gt 0.1092, kd 0.0246) | 14.0 it/s | elapsed 0.6 min | epoch ETA 4.7 min
  epoch 039 | batch 1,000/4,475 (22.3%) | loss 0.9992 (gt 0.1089, kd 0.0245) | 14.1 it/s | elapsed 1.2 min | epoch ETA 4.1 min
  epoch 039 | batch 1,500/4,475 (33.5%) | loss 0.9995 (gt 0.1090, kd 0.0245) | 14.1 it/s | elapsed 1.8 min | epoch ETA 3.5 min
  epoch 039 | batch 2,000/4,475 (44.7%) | loss 0.9994 (gt 0.1089, kd 0.0245) | 14.1 it/s | elapsed 2.4 min | epoch ETA 2.9 min
  epoch 039 | batch 2,500/4,475 (55.9%) | loss 1.0001 (gt 0.1090, kd 0.0245) | 14.1 it/s | elapsed 2.9 min | epoch ETA 2.3 min
  epoch 039 | batch 3,000/4,475 (67.0%) | loss 0.9998 (gt 0.1090, kd 0.0245) | 14.1 it/s | elapsed 3.5 min | epoch ETA 1.7 min
  epoch 039 | batch 3,500/4,475 (78.2%) | loss 0.9998 (gt 0.1089, kd 0.0244) | 14.2 it/s | elapsed 4.1 min | epoch ETA 1.1 min
  epoch 039 | batch 4,000/4,475 (89.4%) | loss 0.9998 (gt 0.1089, kd 0.0244) | 14.2 it/s | elapsed 4.7 min | epoch ETA 0.6 min
Epoch 039 | train 0.999784 (gt 0.108873, kd 0.024422) | val 0.882194 (gt 0.098992, kd 0.019791) | KL end 1.5794 path 2.0473 | rough FDE 1185.3m
  epoch 040 | batch 500/4,475 (11.2%) | loss 1.0003 (gt 0.1090, kd 0.0243) | 14.0 it/s | elapsed 0.6 min | epoch ETA 4.7 min
  epoch 040 | batch 1,000/4,475 (22.3%) | loss 0.9998 (gt 0.1089, kd 0.0243) | 14.1 it/s | elapsed 1.2 min | epoch ETA 4.1 min
  epoch 040 | batch 1,500/4,475 (33.5%) | loss 0.9999 (gt 0.1088, kd 0.0243) | 14.1 it/s | elapsed 1.8 min | epoch ETA 3.5 min
  epoch 040 | batch 2,000/4,475 (44.7%) | loss 0.9998 (gt 0.1086, kd 0.0242) | 14.1 it/s | elapsed 2.4 min | epoch ETA 2.9 min
  epoch 040 | batch 2,500/4,475 (55.9%) | loss 0.9998 (gt 0.1085, kd 0.0242) | 14.1 it/s | elapsed 2.9 min | epoch ETA 2.3 min
  epoch 040 | batch 3,000/4,475 (67.0%) | loss 1.0002 (gt 0.1086, kd 0.0242) | 14.1 it/s | elapsed 3.5 min | epoch ETA 1.7 min
  epoch 040 | batch 3,500/4,475 (78.2%) | loss 0.9999 (gt 0.1085, kd 0.0242) | 14.2 it/s | elapsed 4.1 min | epoch ETA 1.1 min
  epoch 040 | batch 4,000/4,475 (89.4%) | loss 0.9999 (gt 0.1086, kd 0.0242) | 14.2 it/s | elapsed 4.7 min | epoch ETA 0.6 min
Epoch 040 | train 0.999992 (gt 0.108578, kd 0.024183) | val 0.877791 (gt 0.098805, kd 0.019587) | KL end 1.5699 path 2.0410 | rough FDE 1182.8m | proper FDE 1268.3m (teacher 820.8m)  ✓ best
  epoch 041 | batch 500/4,475 (11.2%) | loss 0.9984 (gt 0.1080, kd 0.0239) | 14.0 it/s | elapsed 0.6 min | epoch ETA 4.7 min
  epoch 041 | batch 1,000/4,475 (22.3%) | loss 0.9996 (gt 0.1082, kd 0.0239) | 14.1 it/s | elapsed 1.2 min | epoch ETA 4.1 min
  epoch 041 | batch 1,500/4,475 (33.5%) | loss 0.9997 (gt 0.1084, kd 0.0240) | 14.1 it/s | elapsed 1.8 min | epoch ETA 3.5 min
  epoch 041 | batch 2,000/4,475 (44.7%) | loss 0.9998 (gt 0.1084, kd 0.0240) | 14.1 it/s | elapsed 2.4 min | epoch ETA 2.9 min
  epoch 041 | batch 2,500/4,475 (55.9%) | loss 0.9996 (gt 0.1084, kd 0.0240) | 14.1 it/s | elapsed 2.9 min | epoch ETA 2.3 min
  epoch 041 | batch 3,000/4,475 (67.0%) | loss 0.9998 (gt 0.1083, kd 0.0239) | 14.1 it/s | elapsed 3.5 min | epoch ETA 1.7 min
  epoch 041 | batch 3,500/4,475 (78.2%) | loss 0.9998 (gt 0.1083, kd 0.0239) | 14.1 it/s | elapsed 4.1 min | epoch ETA 1.1 min
  epoch 041 | batch 4,000/4,475 (89.4%) | loss 0.9997 (gt 0.1083, kd 0.0239) | 14.1 it/s | elapsed 4.7 min | epoch ETA 0.6 min
Epoch 041 | train 0.999847 (gt 0.108368, kd 0.023932) | val 0.878799 (gt 0.098585, kd 0.019375) | KL end 1.5569 path 2.0225 | rough FDE 1176.7m
  epoch 042 | batch 500/4,475 (11.2%) | loss 0.9981 (gt 0.1079, kd 0.0237) | 14.0 it/s | elapsed 0.6 min | epoch ETA 4.7 min
  epoch 042 | batch 1,000/4,475 (22.3%) | loss 0.9997 (gt 0.1079, kd 0.0237) | 14.1 it/s | elapsed 1.2 min | epoch ETA 4.1 min
  epoch 042 | batch 1,500/4,475 (33.5%) | loss 0.9998 (gt 0.1081, kd 0.0237) | 14.1 it/s | elapsed 1.8 min | epoch ETA 3.5 min
  epoch 042 | batch 2,000/4,475 (44.7%) | loss 0.9997 (gt 0.1082, kd 0.0237) | 14.1 it/s | elapsed 2.4 min | epoch ETA 2.9 min
  epoch 042 | batch 2,500/4,475 (55.9%) | loss 1.0000 (gt 0.1082, kd 0.0237) | 14.1 it/s | elapsed 2.9 min | epoch ETA 2.3 min
  epoch 042 | batch 3,000/4,475 (67.0%) | loss 0.9997 (gt 0.1081, kd 0.0237) | 14.1 it/s | elapsed 3.5 min | epoch ETA 1.7 min
  epoch 042 | batch 3,500/4,475 (78.2%) | loss 1.0000 (gt 0.1082, kd 0.0237) | 14.1 it/s | elapsed 4.1 min | epoch ETA 1.1 min
  epoch 042 | batch 4,000/4,475 (89.4%) | loss 0.9999 (gt 0.1082, kd 0.0237) | 14.2 it/s | elapsed 4.7 min | epoch ETA 0.6 min
Epoch 042 | train 0.999895 (gt 0.108178, kd 0.023693) | val 0.878777 (gt 0.098412, kd 0.019191) | KL end 1.5479 path 2.0132 | rough FDE 1172.1m
  epoch 043 | batch 500/4,475 (11.2%) | loss 0.9979 (gt 0.1075, kd 0.0234) | 14.0 it/s | elapsed 0.6 min | epoch ETA 4.7 min
  epoch 043 | batch 1,000/4,475 (22.3%) | loss 0.9996 (gt 0.1077, kd 0.0235) | 14.1 it/s | elapsed 1.2 min | epoch ETA 4.1 min
  epoch 043 | batch 1,500/4,475 (33.5%) | loss 0.9998 (gt 0.1077, kd 0.0235) | 14.1 it/s | elapsed 1.8 min | epoch ETA 3.5 min
  epoch 043 | batch 2,000/4,475 (44.7%) | loss 1.0000 (gt 0.1079, kd 0.0235) | 14.1 it/s | elapsed 2.4 min | epoch ETA 2.9 min
  epoch 043 | batch 2,500/4,475 (55.9%) | loss 0.9998 (gt 0.1078, kd 0.0235) | 14.1 it/s | elapsed 2.9 min | epoch ETA 2.3 min
  epoch 043 | batch 3,000/4,475 (67.0%) | loss 0.9999 (gt 0.1079, kd 0.0235) | 14.1 it/s | elapsed 3.5 min | epoch ETA 1.7 min
  epoch 043 | batch 3,500/4,475 (78.2%) | loss 0.9998 (gt 0.1078, kd 0.0235) | 14.1 it/s | elapsed 4.1 min | epoch ETA 1.1 min
  epoch 043 | batch 4,000/4,475 (89.4%) | loss 0.9999 (gt 0.1079, kd 0.0235) | 14.1 it/s | elapsed 4.7 min | epoch ETA 0.6 min
Epoch 043 | train 0.999829 (gt 0.107877, kd 0.023476) | val 0.881543 (gt 0.098239, kd 0.019018) | KL end 1.5413 path 2.0114 | rough FDE 1169.3m
  epoch 044 | batch 500/4,475 (11.2%) | loss 0.9988 (gt 0.1074, kd 0.0233) | 14.0 it/s | elapsed 0.6 min | epoch ETA 4.7 min
  epoch 044 | batch 1,000/4,475 (22.3%) | loss 0.9996 (gt 0.1075, kd 0.0233) | 14.1 it/s | elapsed 1.2 min | epoch ETA 4.1 min
  epoch 044 | batch 1,500/4,475 (33.5%) | loss 1.0003 (gt 0.1078, kd 0.0233) | 14.1 it/s | elapsed 1.8 min | epoch ETA 3.5 min
  epoch 044 | batch 2,000/4,475 (44.7%) | loss 0.9997 (gt 0.1078, kd 0.0233) | 14.1 it/s | elapsed 2.4 min | epoch ETA 2.9 min
  epoch 044 | batch 2,500/4,475 (55.9%) | loss 1.0002 (gt 0.1078, kd 0.0233) | 14.1 it/s | elapsed 2.9 min | epoch ETA 2.3 min
  epoch 044 | batch 3,000/4,475 (67.0%) | loss 1.0002 (gt 0.1078, kd 0.0233) | 14.1 it/s | elapsed 3.5 min | epoch ETA 1.7 min
  epoch 044 | batch 3,500/4,475 (78.2%) | loss 0.9999 (gt 0.1078, kd 0.0233) | 14.1 it/s | elapsed 4.1 min | epoch ETA 1.1 min
  epoch 044 | batch 4,000/4,475 (89.4%) | loss 0.9999 (gt 0.1078, kd 0.0233) | 14.1 it/s | elapsed 4.7 min | epoch ETA 0.6 min
Epoch 044 | train 0.999995 (gt 0.107835, kd 0.023290) | val 0.877503 (gt 0.098077, kd 0.018848) | KL end 1.5378 path 2.0046 | rough FDE 1168.5m
  epoch 045 | batch 500/4,475 (11.2%) | loss 0.9991 (gt 0.1078, kd 0.0232) | 14.0 it/s | elapsed 0.6 min | epoch ETA 4.7 min
  epoch 045 | batch 1,000/4,475 (22.3%) | loss 0.9990 (gt 0.1074, kd 0.0231) | 14.1 it/s | elapsed 1.2 min | epoch ETA 4.1 min
  epoch 045 | batch 1,500/4,475 (33.5%) | loss 0.9993 (gt 0.1074, kd 0.0231) | 14.1 it/s | elapsed 1.8 min | epoch ETA 3.5 min
  epoch 045 | batch 2,000/4,475 (44.7%) | loss 1.0001 (gt 0.1075, kd 0.0231) | 14.1 it/s | elapsed 2.4 min | epoch ETA 2.9 min
  epoch 045 | batch 2,500/4,475 (55.9%) | loss 0.9997 (gt 0.1075, kd 0.0231) | 14.2 it/s | elapsed 2.9 min | epoch ETA 2.3 min
  epoch 045 | batch 3,000/4,475 (67.0%) | loss 0.9995 (gt 0.1074, kd 0.0231) | 14.2 it/s | elapsed 3.5 min | epoch ETA 1.7 min
  epoch 045 | batch 3,500/4,475 (78.2%) | loss 0.9998 (gt 0.1074, kd 0.0231) | 14.2 it/s | elapsed 4.1 min | epoch ETA 1.1 min
  epoch 045 | batch 4,000/4,475 (89.4%) | loss 0.9999 (gt 0.1074, kd 0.0231) | 14.2 it/s | elapsed 4.7 min | epoch ETA 0.6 min
Epoch 045 | train 0.999745 (gt 0.107450, kd 0.023057) | val 0.883748 (gt 0.097912, kd 0.018680) | KL end 1.5264 path 1.9973 | rough FDE 1163.7m | proper FDE 1244.9m (teacher 820.8m)  ✓ best
  epoch 046 | batch 500/4,475 (11.2%) | loss 1.0007 (gt 0.1074, kd 0.0230) | 14.0 it/s | elapsed 0.6 min | epoch ETA 4.7 min
  epoch 046 | batch 1,000/4,475 (22.3%) | loss 1.0003 (gt 0.1075, kd 0.0229) | 14.1 it/s | elapsed 1.2 min | epoch ETA 4.1 min
  epoch 046 | batch 1,500/4,475 (33.5%) | loss 0.9999 (gt 0.1074, kd 0.0229) | 14.1 it/s | elapsed 1.8 min | epoch ETA 3.5 min
  epoch 046 | batch 2,000/4,475 (44.7%) | loss 1.0001 (gt 0.1075, kd 0.0229) | 14.1 it/s | elapsed 2.4 min | epoch ETA 2.9 min
  epoch 046 | batch 2,500/4,475 (55.9%) | loss 1.0000 (gt 0.1075, kd 0.0229) | 14.1 it/s | elapsed 2.9 min | epoch ETA 2.3 min
  epoch 046 | batch 3,000/4,475 (67.0%) | loss 1.0001 (gt 0.1075, kd 0.0229) | 14.1 it/s | elapsed 3.5 min | epoch ETA 1.7 min
  epoch 046 | batch 3,500/4,475 (78.2%) | loss 1.0001 (gt 0.1075, kd 0.0229) | 14.1 it/s | elapsed 4.1 min | epoch ETA 1.1 min
  epoch 046 | batch 4,000/4,475 (89.4%) | loss 1.0002 (gt 0.1074, kd 0.0229) | 14.1 it/s | elapsed 4.7 min | epoch ETA 0.6 min
Epoch 046 | train 0.999852 (gt 0.107421, kd 0.022874) | val 0.885652 (gt 0.097752, kd 0.018516) | KL end 1.5183 path 1.9892 | rough FDE 1157.6m
  epoch 047 | batch 500/4,475 (11.2%) | loss 1.0008 (gt 0.1070, kd 0.0227) | 14.0 it/s | elapsed 0.6 min | epoch ETA 4.7 min
  epoch 047 | batch 1,000/4,475 (22.3%) | loss 1.0006 (gt 0.1071, kd 0.0227) | 14.1 it/s | elapsed 1.2 min | epoch ETA 4.1 min
  epoch 047 | batch 1,500/4,475 (33.5%) | loss 1.0006 (gt 0.1072, kd 0.0227) | 14.1 it/s | elapsed 1.8 min | epoch ETA 3.5 min
  epoch 047 | batch 2,000/4,475 (44.7%) | loss 1.0000 (gt 0.1071, kd 0.0227) | 14.1 it/s | elapsed 2.4 min | epoch ETA 2.9 min
  epoch 047 | batch 2,500/4,475 (55.9%) | loss 1.0001 (gt 0.1072, kd 0.0227) | 14.1 it/s | elapsed 2.9 min | epoch ETA 2.3 min
  epoch 047 | batch 3,000/4,475 (67.0%) | loss 1.0000 (gt 0.1072, kd 0.0227) | 14.1 it/s | elapsed 3.5 min | epoch ETA 1.7 min
  epoch 047 | batch 3,500/4,475 (78.2%) | loss 1.0000 (gt 0.1072, kd 0.0227) | 14.1 it/s | elapsed 4.1 min | epoch ETA 1.1 min
  epoch 047 | batch 4,000/4,475 (89.4%) | loss 1.0000 (gt 0.1071, kd 0.0227) | 14.1 it/s | elapsed 4.7 min | epoch ETA 0.6 min
Epoch 047 | train 0.999930 (gt 0.107075, kd 0.022659) | val 0.884597 (gt 0.097610, kd 0.018366) | KL end 1.5080 path 1.9801 | rough FDE 1154.0m
  epoch 048 | batch 500/4,475 (11.2%) | loss 0.9994 (gt 0.1068, kd 0.0226) | 14.0 it/s | elapsed 0.6 min | epoch ETA 4.7 min
  epoch 048 | batch 1,000/4,475 (22.3%) | loss 1.0002 (gt 0.1069, kd 0.0226) | 14.1 it/s | elapsed 1.2 min | epoch ETA 4.1 min
  epoch 048 | batch 1,500/4,475 (33.5%) | loss 0.9999 (gt 0.1068, kd 0.0225) | 14.1 it/s | elapsed 1.8 min | epoch ETA 3.5 min
  epoch 048 | batch 2,000/4,475 (44.7%) | loss 1.0003 (gt 0.1069, kd 0.0225) | 14.1 it/s | elapsed 2.4 min | epoch ETA 2.9 min
  epoch 048 | batch 2,500/4,475 (55.9%) | loss 1.0000 (gt 0.1070, kd 0.0225) | 14.1 it/s | elapsed 2.9 min | epoch ETA 2.3 min
  epoch 048 | batch 3,000/4,475 (67.0%) | loss 1.0001 (gt 0.1070, kd 0.0225) | 14.1 it/s | elapsed 3.5 min | epoch ETA 1.7 min
  epoch 048 | batch 3,500/4,475 (78.2%) | loss 1.0001 (gt 0.1070, kd 0.0225) | 14.2 it/s | elapsed 4.1 min | epoch ETA 1.1 min
  epoch 048 | batch 4,000/4,475 (89.4%) | loss 0.9998 (gt 0.1069, kd 0.0225) | 14.2 it/s | elapsed 4.7 min | epoch ETA 0.6 min
Epoch 048 | train 0.999827 (gt 0.106879, kd 0.022479) | val 0.887685 (gt 0.097471, kd 0.018212) | KL end 1.4974 path 1.9766 | rough FDE 1150.5m
  epoch 049 | batch 500/4,475 (11.2%) | loss 1.0008 (gt 0.1069, kd 0.0224) | 14.0 it/s | elapsed 0.6 min | epoch ETA 4.7 min
  epoch 049 | batch 1,000/4,475 (22.3%) | loss 1.0002 (gt 0.1069, kd 0.0224) | 14.1 it/s | elapsed 1.2 min | epoch ETA 4.1 min
  epoch 049 | batch 1,500/4,475 (33.5%) | loss 1.0007 (gt 0.1069, kd 0.0224) | 14.1 it/s | elapsed 1.8 min | epoch ETA 3.5 min
  epoch 049 | batch 2,000/4,475 (44.7%) | loss 1.0003 (gt 0.1068, kd 0.0223) | 14.1 it/s | elapsed 2.4 min | epoch ETA 2.9 min
  epoch 049 | batch 2,500/4,475 (55.9%) | loss 1.0001 (gt 0.1068, kd 0.0223) | 14.1 it/s | elapsed 2.9 min | epoch ETA 2.3 min
  epoch 049 | batch 3,000/4,475 (67.0%) | loss 1.0002 (gt 0.1068, kd 0.0223) | 14.1 it/s | elapsed 3.5 min | epoch ETA 1.7 min
  epoch 049 | batch 3,500/4,475 (78.2%) | loss 0.9999 (gt 0.1068, kd 0.0223) | 14.1 it/s | elapsed 4.1 min | epoch ETA 1.1 min
  epoch 049 | batch 4,000/4,475 (89.4%) | loss 1.0000 (gt 0.1067, kd 0.0223) | 14.1 it/s | elapsed 4.7 min | epoch ETA 0.6 min
Epoch 049 | train 1.000137 (gt 0.106753, kd 0.022297) | val 0.878312 (gt 0.097324, kd 0.018063) | KL end 1.4968 path 1.9686 | rough FDE 1147.9m
  epoch 050 | batch 500/4,475 (11.2%) | loss 0.9978 (gt 0.1063, kd 0.0221) | 14.0 it/s | elapsed 0.6 min | epoch ETA 4.7 min
  epoch 050 | batch 1,000/4,475 (22.3%) | loss 0.9992 (gt 0.1064, kd 0.0221) | 14.1 it/s | elapsed 1.2 min | epoch ETA 4.1 min
  epoch 050 | batch 1,500/4,475 (33.5%) | loss 0.9994 (gt 0.1064, kd 0.0221) | 14.1 it/s | elapsed 1.8 min | epoch ETA 3.5 min
  epoch 050 | batch 2,000/4,475 (44.7%) | loss 1.0000 (gt 0.1066, kd 0.0221) | 14.1 it/s | elapsed 2.4 min | epoch ETA 2.9 min
  epoch 050 | batch 2,500/4,475 (55.9%) | loss 0.9998 (gt 0.1066, kd 0.0221) | 14.1 it/s | elapsed 2.9 min | epoch ETA 2.3 min
  epoch 050 | batch 3,000/4,475 (67.0%) | loss 0.9998 (gt 0.1067, kd 0.0222) | 14.1 it/s | elapsed 3.5 min | epoch ETA 1.7 min
  epoch 050 | batch 3,500/4,475 (78.2%) | loss 0.9999 (gt 0.1067, kd 0.0222) | 14.1 it/s | elapsed 4.1 min | epoch ETA 1.1 min
  epoch 050 | batch 4,000/4,475 (89.4%) | loss 0.9998 (gt 0.1067, kd 0.0222) | 14.1 it/s | elapsed 4.7 min | epoch ETA 0.6 min
Epoch 050 | train 0.999849 (gt 0.106684, kd 0.022141) | val 0.880708 (gt 0.097187, kd 0.017925) | KL end 1.4962 path 1.9692 | rough FDE 1149.7m | proper FDE 1223.2m (teacher 820.8m)  ✓ best
  epoch 051 | batch 500/4,475 (11.2%) | loss 1.0005 (gt 0.1068, kd 0.0220) | 14.0 it/s | elapsed 0.6 min | epoch ETA 4.7 min
  epoch 051 | batch 1,000/4,475 (22.3%) | loss 1.0001 (gt 0.1066, kd 0.0220) | 14.1 it/s | elapsed 1.2 min | epoch ETA 4.1 min
  epoch 051 | batch 1,500/4,475 (33.5%) | loss 0.9993 (gt 0.1065, kd 0.0220) | 14.1 it/s | elapsed 1.8 min | epoch ETA 3.5 min
  epoch 051 | batch 2,000/4,475 (44.7%) | loss 1.0000 (gt 0.1065, kd 0.0220) | 14.1 it/s | elapsed 2.4 min | epoch ETA 2.9 min
  epoch 051 | batch 2,500/4,475 (55.9%) | loss 0.9997 (gt 0.1065, kd 0.0220) | 14.1 it/s | elapsed 2.9 min | epoch ETA 2.3 min
  epoch 051 | batch 3,000/4,475 (67.0%) | loss 0.9996 (gt 0.1064, kd 0.0220) | 14.1 it/s | elapsed 3.5 min | epoch ETA 1.7 min
  epoch 051 | batch 3,500/4,475 (78.2%) | loss 0.9998 (gt 0.1064, kd 0.0220) | 14.1 it/s | elapsed 4.1 min | epoch ETA 1.1 min
  epoch 051 | batch 4,000/4,475 (89.4%) | loss 0.9998 (gt 0.1064, kd 0.0220) | 14.1 it/s | elapsed 4.7 min | epoch ETA 0.6 min
Epoch 051 | train 0.999941 (gt 0.106357, kd 0.021945) | val 0.879782 (gt 0.097064, kd 0.017797) | KL end 1.4888 path 1.9636 | rough FDE 1148.4m
  epoch 052 | batch 500/4,475 (11.2%) | loss 0.9987 (gt 0.1063, kd 0.0218) | 14.0 it/s | elapsed 0.6 min | epoch ETA 4.7 min
  epoch 052 | batch 1,000/4,475 (22.3%) | loss 0.9998 (gt 0.1065, kd 0.0218) | 14.1 it/s | elapsed 1.2 min | epoch ETA 4.1 min
  epoch 052 | batch 1,500/4,475 (33.5%) | loss 0.9996 (gt 0.1064, kd 0.0218) | 14.1 it/s | elapsed 1.8 min | epoch ETA 3.5 min
  epoch 052 | batch 2,000/4,475 (44.7%) | loss 1.0000 (gt 0.1064, kd 0.0218) | 14.1 it/s | elapsed 2.4 min | epoch ETA 2.9 min
  epoch 052 | batch 2,500/4,475 (55.9%) | loss 0.9995 (gt 0.1063, kd 0.0218) | 14.1 it/s | elapsed 2.9 min | epoch ETA 2.3 min
  epoch 052 | batch 3,000/4,475 (67.0%) | loss 0.9999 (gt 0.1063, kd 0.0218) | 14.1 it/s | elapsed 3.5 min | epoch ETA 1.7 min
  epoch 052 | batch 3,500/4,475 (78.2%) | loss 0.9998 (gt 0.1063, kd 0.0218) | 14.1 it/s | elapsed 4.1 min | epoch ETA 1.1 min
  epoch 052 | batch 4,000/4,475 (89.4%) | loss 0.9999 (gt 0.1063, kd 0.0218) | 14.1 it/s | elapsed 4.7 min | epoch ETA 0.6 min
Epoch 052 | train 0.999925 (gt 0.106288, kd 0.021817) | val 0.879228 (gt 0.096930, kd 0.017674) | KL end 1.4816 path 1.9568 | rough FDE 1144.9m
  epoch 053 | batch 500/4,475 (11.2%) | loss 0.9986 (gt 0.1066, kd 0.0218) | 14.0 it/s | elapsed 0.6 min | epoch ETA 4.7 min
  epoch 053 | batch 1,000/4,475 (22.3%) | loss 0.9988 (gt 0.1064, kd 0.0217) | 14.1 it/s | elapsed 1.2 min | epoch ETA 4.1 min
  epoch 053 | batch 1,500/4,475 (33.5%) | loss 1.0001 (gt 0.1063, kd 0.0217) | 14.1 it/s | elapsed 1.8 min | epoch ETA 3.5 min
  epoch 053 | batch 2,000/4,475 (44.7%) | loss 0.9996 (gt 0.1062, kd 0.0217) | 14.1 it/s | elapsed 2.4 min | epoch ETA 2.9 min
  epoch 053 | batch 2,500/4,475 (55.9%) | loss 0.9996 (gt 0.1062, kd 0.0217) | 14.1 it/s | elapsed 2.9 min | epoch ETA 2.3 min
  epoch 053 | batch 3,000/4,475 (67.0%) | loss 0.9998 (gt 0.1061, kd 0.0217) | 14.1 it/s | elapsed 3.5 min | epoch ETA 1.7 min
  epoch 053 | batch 3,500/4,475 (78.2%) | loss 0.9997 (gt 0.1062, kd 0.0216) | 14.1 it/s | elapsed 4.1 min | epoch ETA 1.1 min
  epoch 053 | batch 4,000/4,475 (89.4%) | loss 0.9999 (gt 0.1062, kd 0.0216) | 14.2 it/s | elapsed 4.7 min | epoch ETA 0.6 min
Epoch 053 | train 0.999713 (gt 0.106134, kd 0.021622) | val 0.887440 (gt 0.096818, kd 0.017555) | KL end 1.4746 path 1.9614 | rough FDE 1144.2m
  epoch 054 | batch 500/4,475 (11.2%) | loss 0.9998 (gt 0.1056, kd 0.0214) | 14.0 it/s | elapsed 0.6 min | epoch ETA 4.7 min
  epoch 054 | batch 1,000/4,475 (22.3%) | loss 0.9998 (gt 0.1056, kd 0.0214) | 14.1 it/s | elapsed 1.2 min | epoch ETA 4.1 min
  epoch 054 | batch 1,500/4,475 (33.5%) | loss 1.0005 (gt 0.1057, kd 0.0215) | 14.1 it/s | elapsed 1.8 min | epoch ETA 3.5 min
  epoch 054 | batch 2,000/4,475 (44.7%) | loss 1.0005 (gt 0.1059, kd 0.0215) | 14.1 it/s | elapsed 2.4 min | epoch ETA 2.9 min
  epoch 054 | batch 2,500/4,475 (55.9%) | loss 1.0001 (gt 0.1059, kd 0.0215) | 14.1 it/s | elapsed 2.9 min | epoch ETA 2.3 min
  epoch 054 | batch 3,000/4,475 (67.0%) | loss 1.0001 (gt 0.1059, kd 0.0215) | 14.1 it/s | elapsed 3.5 min | epoch ETA 1.7 min
  epoch 054 | batch 3,500/4,475 (78.2%) | loss 1.0003 (gt 0.1059, kd 0.0215) | 14.1 it/s | elapsed 4.1 min | epoch ETA 1.1 min
  epoch 054 | batch 4,000/4,475 (89.4%) | loss 1.0001 (gt 0.1059, kd 0.0215) | 14.2 it/s | elapsed 4.7 min | epoch ETA 0.6 min
Epoch 054 | train 0.999943 (gt 0.105886, kd 0.021478) | val 0.886536 (gt 0.096706, kd 0.017434) | KL end 1.4743 path 1.9598 | rough FDE 1143.4m
  epoch 055 | batch 500/4,475 (11.2%) | loss 1.0022 (gt 0.1059, kd 0.0214) | 14.0 it/s | elapsed 0.6 min | epoch ETA 4.7 min
  epoch 055 | batch 1,000/4,475 (22.3%) | loss 1.0001 (gt 0.1057, kd 0.0213) | 14.1 it/s | elapsed 1.2 min | epoch ETA 4.1 min
  epoch 055 | batch 1,500/4,475 (33.5%) | loss 1.0000 (gt 0.1056, kd 0.0213) | 14.1 it/s | elapsed 1.8 min | epoch ETA 3.5 min
  epoch 055 | batch 2,000/4,475 (44.7%) | loss 1.0002 (gt 0.1058, kd 0.0213) | 14.1 it/s | elapsed 2.4 min | epoch ETA 2.9 min
  epoch 055 | batch 2,500/4,475 (55.9%) | loss 1.0000 (gt 0.1058, kd 0.0213) | 14.1 it/s | elapsed 2.9 min | epoch ETA 2.3 min
  epoch 055 | batch 3,000/4,475 (67.0%) | loss 1.0002 (gt 0.1058, kd 0.0213) | 14.1 it/s | elapsed 3.5 min | epoch ETA 1.7 min
  epoch 055 | batch 3,500/4,475 (78.2%) | loss 1.0000 (gt 0.1057, kd 0.0213) | 14.1 it/s | elapsed 4.1 min | epoch ETA 1.1 min
  epoch 055 | batch 4,000/4,475 (89.4%) | loss 1.0000 (gt 0.1057, kd 0.0213) | 14.2 it/s | elapsed 4.7 min | epoch ETA 0.6 min
Epoch 055 | train 0.999953 (gt 0.105701, kd 0.021299) | val 0.884990 (gt 0.096582, kd 0.017313) | KL end 1.4673 path 1.9514 | rough FDE 1139.6m | proper FDE 1206.2m (teacher 820.8m)  ✓ best
  epoch 056 | batch 500/4,475 (11.2%) | loss 0.9993 (gt 0.1058, kd 0.0212) | 14.0 it/s | elapsed 0.6 min | epoch ETA 4.7 min
  epoch 056 | batch 1,000/4,475 (22.3%) | loss 1.0003 (gt 0.1057, kd 0.0212) | 14.1 it/s | elapsed 1.2 min | epoch ETA 4.1 min
  epoch 056 | batch 1,500/4,475 (33.5%) | loss 1.0000 (gt 0.1057, kd 0.0212) | 14.1 it/s | elapsed 1.8 min | epoch ETA 3.5 min
  epoch 056 | batch 2,000/4,475 (44.7%) | loss 1.0000 (gt 0.1057, kd 0.0212) | 14.1 it/s | elapsed 2.4 min | epoch ETA 2.9 min
  epoch 056 | batch 2,500/4,475 (55.9%) | loss 1.0002 (gt 0.1057, kd 0.0212) | 14.1 it/s | elapsed 2.9 min | epoch ETA 2.3 min
  epoch 056 | batch 3,000/4,475 (67.0%) | loss 1.0002 (gt 0.1058, kd 0.0212) | 14.1 it/s | elapsed 3.5 min | epoch ETA 1.7 min
  epoch 056 | batch 3,500/4,475 (78.2%) | loss 1.0001 (gt 0.1058, kd 0.0212) | 14.1 it/s | elapsed 4.1 min | epoch ETA 1.1 min
  epoch 056 | batch 4,000/4,475 (89.4%) | loss 1.0000 (gt 0.1057, kd 0.0212) | 14.1 it/s | elapsed 4.7 min | epoch ETA 0.6 min
Epoch 056 | train 0.999985 (gt 0.105734, kd 0.021204) | val 0.882598 (gt 0.096484, kd 0.017205) | KL end 1.4641 path 1.9492 | rough FDE 1137.5m
  epoch 057 | batch 500/4,475 (11.2%) | loss 0.9988 (gt 0.1054, kd 0.0210) | 14.0 it/s | elapsed 0.6 min | epoch ETA 4.7 min
  epoch 057 | batch 1,000/4,475 (22.3%) | loss 1.0000 (gt 0.1056, kd 0.0211) | 14.1 it/s | elapsed 1.2 min | epoch ETA 4.1 min
  epoch 057 | batch 1,500/4,475 (33.5%) | loss 0.9998 (gt 0.1056, kd 0.0211) | 14.1 it/s | elapsed 1.8 min | epoch ETA 3.5 min
  epoch 057 | batch 2,000/4,475 (44.7%) | loss 0.9996 (gt 0.1057, kd 0.0211) | 14.1 it/s | elapsed 2.4 min | epoch ETA 2.9 min
  epoch 057 | batch 2,500/4,475 (55.9%) | loss 0.9998 (gt 0.1056, kd 0.0211) | 14.1 it/s | elapsed 2.9 min | epoch ETA 2.3 min
  epoch 057 | batch 3,000/4,475 (67.0%) | loss 0.9997 (gt 0.1055, kd 0.0210) | 14.1 it/s | elapsed 3.5 min | epoch ETA 1.7 min
  epoch 057 | batch 3,500/4,475 (78.2%) | loss 0.9998 (gt 0.1055, kd 0.0210) | 14.1 it/s | elapsed 4.1 min | epoch ETA 1.1 min
  epoch 057 | batch 4,000/4,475 (89.4%) | loss 1.0000 (gt 0.1055, kd 0.0210) | 14.2 it/s | elapsed 4.7 min | epoch ETA 0.6 min
Epoch 057 | train 0.999938 (gt 0.105546, kd 0.021023) | val 0.881754 (gt 0.096352, kd 0.017094) | KL end 1.4587 path 1.9529 | rough FDE 1136.7m
  epoch 058 | batch 500/4,475 (11.2%) | loss 0.9983 (gt 0.1050, kd 0.0209) | 14.0 it/s | elapsed 0.6 min | epoch ETA 4.7 min
  epoch 058 | batch 1,000/4,475 (22.3%) | loss 0.9993 (gt 0.1050, kd 0.0209) | 14.1 it/s | elapsed 1.2 min | epoch ETA 4.1 min
  epoch 058 | batch 1,500/4,475 (33.5%) | loss 0.9996 (gt 0.1051, kd 0.0209) | 14.1 it/s | elapsed 1.8 min | epoch ETA 3.5 min
  epoch 058 | batch 2,000/4,475 (44.7%) | loss 0.9997 (gt 0.1052, kd 0.0209) | 14.1 it/s | elapsed 2.4 min | epoch ETA 2.9 min
  epoch 058 | batch 2,500/4,475 (55.9%) | loss 0.9998 (gt 0.1052, kd 0.0209) | 14.1 it/s | elapsed 2.9 min | epoch ETA 2.3 min
  epoch 058 | batch 3,000/4,475 (67.0%) | loss 0.9999 (gt 0.1053, kd 0.0209) | 14.1 it/s | elapsed 3.5 min | epoch ETA 1.7 min
  epoch 058 | batch 3,500/4,475 (78.2%) | loss 1.0000 (gt 0.1053, kd 0.0209) | 14.1 it/s | elapsed 4.1 min | epoch ETA 1.1 min
  epoch 058 | batch 4,000/4,475 (89.4%) | loss 0.9999 (gt 0.1053, kd 0.0209) | 14.1 it/s | elapsed 4.7 min | epoch ETA 0.6 min
Epoch 058 | train 0.999718 (gt 0.105308, kd 0.020901) | val 0.890048 (gt 0.096244, kd 0.016987) | KL end 1.4589 path 1.9509 | rough FDE 1134.2m
  epoch 059 | batch 500/4,475 (11.2%) | loss 1.0012 (gt 0.1053, kd 0.0208) | 14.0 it/s | elapsed 0.6 min | epoch ETA 4.7 min
  epoch 059 | batch 1,000/4,475 (22.3%) | loss 1.0008 (gt 0.1053, kd 0.0208) | 14.1 it/s | elapsed 1.2 min | epoch ETA 4.1 min
  epoch 059 | batch 1,500/4,475 (33.5%) | loss 1.0003 (gt 0.1052, kd 0.0208) | 14.1 it/s | elapsed 1.8 min | epoch ETA 3.5 min
  epoch 059 | batch 2,000/4,475 (44.7%) | loss 1.0003 (gt 0.1053, kd 0.0208) | 14.1 it/s | elapsed 2.4 min | epoch ETA 2.9 min
  epoch 059 | batch 2,500/4,475 (55.9%) | loss 1.0000 (gt 0.1053, kd 0.0208) | 14.1 it/s | elapsed 2.9 min | epoch ETA 2.3 min
  epoch 059 | batch 3,000/4,475 (67.0%) | loss 1.0002 (gt 0.1053, kd 0.0208) | 14.1 it/s | elapsed 3.5 min | epoch ETA 1.7 min
  epoch 059 | batch 3,500/4,475 (78.2%) | loss 1.0001 (gt 0.1053, kd 0.0208) | 14.2 it/s | elapsed 4.1 min | epoch ETA 1.1 min
  epoch 059 | batch 4,000/4,475 (89.4%) | loss 1.0000 (gt 0.1053, kd 0.0208) | 14.2 it/s | elapsed 4.7 min | epoch ETA 0.6 min
Epoch 059 | train 1.000238 (gt 0.105281, kd 0.020775) | val 0.877654 (gt 0.096148, kd 0.016887) | KL end 1.4619 path 1.9531 | rough FDE 1133.8m
  epoch 060 | batch 500/4,475 (11.2%) | loss 0.9991 (gt 0.1053, kd 0.0207) | 14.0 it/s | elapsed 0.6 min | epoch ETA 4.7 min
  epoch 060 | batch 1,000/4,475 (22.3%) | loss 0.9997 (gt 0.1053, kd 0.0207) | 14.1 it/s | elapsed 1.2 min | epoch ETA 4.1 min
  epoch 060 | batch 1,500/4,475 (33.5%) | loss 0.9992 (gt 0.1053, kd 0.0207) | 14.1 it/s | elapsed 1.8 min | epoch ETA 3.5 min
  epoch 060 | batch 2,000/4,475 (44.7%) | loss 0.9994 (gt 0.1052, kd 0.0207) | 14.1 it/s | elapsed 2.4 min | epoch ETA 2.9 min
  epoch 060 | batch 2,500/4,475 (55.9%) | loss 0.9996 (gt 0.1051, kd 0.0207) | 14.1 it/s | elapsed 2.9 min | epoch ETA 2.3 min
  epoch 060 | batch 3,000/4,475 (67.0%) | loss 0.9997 (gt 0.1051, kd 0.0207) | 14.1 it/s | elapsed 3.5 min | epoch ETA 1.7 min
  epoch 060 | batch 3,500/4,475 (78.2%) | loss 0.9997 (gt 0.1051, kd 0.0207) | 14.1 it/s | elapsed 4.1 min | epoch ETA 1.1 min
  epoch 060 | batch 4,000/4,475 (89.4%) | loss 0.9998 (gt 0.1052, kd 0.0207) | 14.2 it/s | elapsed 4.7 min | epoch ETA 0.6 min
Epoch 060 | train 0.999691 (gt 0.105156, kd 0.020650) | val 0.887005 (gt 0.096045, kd 0.016785) | KL end 1.4541 path 1.9465 | rough FDE 1134.2m | proper FDE 1192.6m (teacher 820.8m)  ✓ best
  epoch 061 | batch 500/4,475 (11.2%) | loss 0.9996 (gt 0.1048, kd 0.0205) | 14.0 it/s | elapsed 0.6 min | epoch ETA 4.7 min
  epoch 061 | batch 1,000/4,475 (22.3%) | loss 1.0002 (gt 0.1050, kd 0.0205) | 14.1 it/s | elapsed 1.2 min | epoch ETA 4.1 min
  epoch 061 | batch 1,500/4,475 (33.5%) | loss 0.9997 (gt 0.1050, kd 0.0205) | 14.1 it/s | elapsed 1.8 min | epoch ETA 3.5 min
  epoch 061 | batch 2,000/4,475 (44.7%) | loss 1.0003 (gt 0.1050, kd 0.0205) | 14.1 it/s | elapsed 2.4 min | epoch ETA 2.9 min
  epoch 061 | batch 2,500/4,475 (55.9%) | loss 1.0000 (gt 0.1050, kd 0.0205) | 14.1 it/s | elapsed 2.9 min | epoch ETA 2.3 min
  epoch 061 | batch 3,000/4,475 (67.0%) | loss 0.9999 (gt 0.1050, kd 0.0205) | 14.1 it/s | elapsed 3.5 min | epoch ETA 1.7 min
  epoch 061 | batch 3,500/4,475 (78.2%) | loss 0.9999 (gt 0.1050, kd 0.0205) | 14.1 it/s | elapsed 4.1 min | epoch ETA 1.1 min
  epoch 061 | batch 4,000/4,475 (89.4%) | loss 0.9999 (gt 0.1050, kd 0.0205) | 14.1 it/s | elapsed 4.7 min | epoch ETA 0.6 min
Epoch 061 | train 0.999965 (gt 0.104962, kd 0.020511) | val 0.885430 (gt 0.095946, kd 0.016686) | KL end 1.4475 path 1.9393 | rough FDE 1131.9m
  epoch 062 | batch 500/4,475 (11.2%) | loss 0.9991 (gt 0.1050, kd 0.0204) | 14.0 it/s | elapsed 0.6 min | epoch ETA 4.7 min
  epoch 062 | batch 1,000/4,475 (22.3%) | loss 0.9996 (gt 0.1049, kd 0.0204) | 14.1 it/s | elapsed 1.2 min | epoch ETA 4.1 min
  epoch 062 | batch 1,500/4,475 (33.5%) | loss 1.0002 (gt 0.1049, kd 0.0204) | 14.1 it/s | elapsed 1.8 min | epoch ETA 3.5 min
  epoch 062 | batch 2,000/4,475 (44.7%) | loss 0.9999 (gt 0.1049, kd 0.0204) | 14.1 it/s | elapsed 2.4 min | epoch ETA 2.9 min
  epoch 062 | batch 2,500/4,475 (55.9%) | loss 1.0000 (gt 0.1049, kd 0.0204) | 14.1 it/s | elapsed 2.9 min | epoch ETA 2.3 min
  epoch 062 | batch 3,000/4,475 (67.0%) | loss 0.9999 (gt 0.1049, kd 0.0204) | 14.1 it/s | elapsed 3.5 min | epoch ETA 1.7 min
  epoch 062 | batch 3,500/4,475 (78.2%) | loss 0.9999 (gt 0.1049, kd 0.0204) | 14.1 it/s | elapsed 4.1 min | epoch ETA 1.1 min
  epoch 062 | batch 4,000/4,475 (89.4%) | loss 0.9999 (gt 0.1049, kd 0.0204) | 14.1 it/s | elapsed 4.7 min | epoch ETA 0.6 min
Epoch 062 | train 0.999907 (gt 0.104924, kd 0.020385) | val 0.886118 (gt 0.095842, kd 0.016579) | KL end 1.4430 path 1.9455 | rough FDE 1131.9m
  epoch 063 | batch 500/4,475 (11.2%) | loss 1.0001 (gt 0.1048, kd 0.0203) | 14.0 it/s | elapsed 0.6 min | epoch ETA 4.7 min
  epoch 063 | batch 1,000/4,475 (22.3%) | loss 1.0003 (gt 0.1050, kd 0.0203) | 14.1 it/s | elapsed 1.2 min | epoch ETA 4.1 min
  epoch 063 | batch 1,500/4,475 (33.5%) | loss 0.9998 (gt 0.1048, kd 0.0203) | 14.1 it/s | elapsed 1.8 min | epoch ETA 3.5 min
  epoch 063 | batch 2,000/4,475 (44.7%) | loss 1.0001 (gt 0.1049, kd 0.0203) | 14.1 it/s | elapsed 2.4 min | epoch ETA 2.9 min
  epoch 063 | batch 2,500/4,475 (55.9%) | loss 1.0005 (gt 0.1050, kd 0.0203) | 14.1 it/s | elapsed 2.9 min | epoch ETA 2.3 min
  epoch 063 | batch 3,000/4,475 (67.0%) | loss 0.9999 (gt 0.1049, kd 0.0203) | 14.1 it/s | elapsed 3.5 min | epoch ETA 1.7 min
  epoch 063 | batch 3,500/4,475 (78.2%) | loss 0.9998 (gt 0.1048, kd 0.0203) | 14.1 it/s | elapsed 4.1 min | epoch ETA 1.1 min
  epoch 063 | batch 4,000/4,475 (89.4%) | loss 1.0001 (gt 0.1048, kd 0.0203) | 14.1 it/s | elapsed 4.7 min | epoch ETA 0.6 min
Epoch 063 | train 0.999882 (gt 0.104770, kd 0.020287) | val 0.888101 (gt 0.095733, kd 0.016490) | KL end 1.4356 path 1.9475 | rough FDE 1129.4m
  epoch 064 | batch 500/4,475 (11.2%) | loss 1.0016 (gt 0.1047, kd 0.0202) | 14.0 it/s | elapsed 0.6 min | epoch ETA 4.7 min
  epoch 064 | batch 1,000/4,475 (22.3%) | loss 1.0006 (gt 0.1047, kd 0.0202) | 14.1 it/s | elapsed 1.2 min | epoch ETA 4.1 min
  epoch 064 | batch 1,500/4,475 (33.5%) | loss 1.0002 (gt 0.1047, kd 0.0202) | 14.1 it/s | elapsed 1.8 min | epoch ETA 3.5 min
  epoch 064 | batch 2,000/4,475 (44.7%) | loss 0.9996 (gt 0.1046, kd 0.0202) | 14.1 it/s | elapsed 2.4 min | epoch ETA 2.9 min
  epoch 064 | batch 2,500/4,475 (55.9%) | loss 0.9999 (gt 0.1047, kd 0.0202) | 14.1 it/s | elapsed 2.9 min | epoch ETA 2.3 min
  epoch 064 | batch 3,000/4,475 (67.0%) | loss 0.9999 (gt 0.1047, kd 0.0201) | 14.1 it/s | elapsed 3.5 min | epoch ETA 1.7 min
  epoch 064 | batch 3,500/4,475 (78.2%) | loss 0.9999 (gt 0.1046, kd 0.0201) | 14.1 it/s | elapsed 4.1 min | epoch ETA 1.1 min
  epoch 064 | batch 4,000/4,475 (89.4%) | loss 1.0001 (gt 0.1046, kd 0.0201) | 14.2 it/s | elapsed 4.7 min | epoch ETA 0.6 min
Epoch 064 | train 0.999944 (gt 0.104634, kd 0.020144) | val 0.887471 (gt 0.095664, kd 0.016410) | KL end 1.4295 path 1.9419 | rough FDE 1128.6m
  epoch 065 | batch 500/4,475 (11.2%) | loss 1.0012 (gt 0.1047, kd 0.0201) | 14.1 it/s | elapsed 0.6 min | epoch ETA 4.7 min
  epoch 065 | batch 1,000/4,475 (22.3%) | loss 1.0003 (gt 0.1045, kd 0.0201) | 14.1 it/s | elapsed 1.2 min | epoch ETA 4.1 min
  epoch 065 | batch 1,500/4,475 (33.5%) | loss 1.0001 (gt 0.1044, kd 0.0201) | 14.1 it/s | elapsed 1.8 min | epoch ETA 3.5 min
  epoch 065 | batch 2,000/4,475 (44.7%) | loss 0.9999 (gt 0.1044, kd 0.0201) | 14.1 it/s | elapsed 2.4 min | epoch ETA 2.9 min
  epoch 065 | batch 2,500/4,475 (55.9%) | loss 1.0001 (gt 0.1044, kd 0.0201) | 14.1 it/s | elapsed 2.9 min | epoch ETA 2.3 min
  epoch 065 | batch 3,000/4,475 (67.0%) | loss 1.0000 (gt 0.1045, kd 0.0201) | 14.1 it/s | elapsed 3.5 min | epoch ETA 1.7 min
  epoch 065 | batch 3,500/4,475 (78.2%) | loss 0.9999 (gt 0.1045, kd 0.0201) | 14.1 it/s | elapsed 4.1 min | epoch ETA 1.1 min
  epoch 065 | batch 4,000/4,475 (89.4%) | loss 0.9999 (gt 0.1044, kd 0.0201) | 14.1 it/s | elapsed 4.7 min | epoch ETA 0.6 min
Epoch 065 | train 1.000040 (gt 0.104427, kd 0.020059) | val 0.883240 (gt 0.095569, kd 0.016322) | KL end 1.4318 path 1.9406 | rough FDE 1128.2m | proper FDE 1180.9m (teacher 820.8m)  ✓ best
  epoch 066 | batch 500/4,475 (11.2%) | loss 0.9987 (gt 0.1041, kd 0.0199) | 14.0 it/s | elapsed 0.6 min | epoch ETA 4.7 min
  epoch 066 | batch 1,000/4,475 (22.3%) | loss 0.9995 (gt 0.1041, kd 0.0199) | 14.1 it/s | elapsed 1.2 min | epoch ETA 4.1 min
  epoch 066 | batch 1,500/4,475 (33.5%) | loss 1.0002 (gt 0.1043, kd 0.0199) | 14.1 it/s | elapsed 1.8 min | epoch ETA 3.5 min
  epoch 066 | batch 2,000/4,475 (44.7%) | loss 1.0001 (gt 0.1044, kd 0.0199) | 14.1 it/s | elapsed 2.4 min | epoch ETA 2.9 min
  epoch 066 | batch 2,500/4,475 (55.9%) | loss 0.9999 (gt 0.1045, kd 0.0199) | 14.1 it/s | elapsed 2.9 min | epoch ETA 2.3 min
  epoch 066 | batch 3,000/4,475 (67.0%) | loss 0.9998 (gt 0.1044, kd 0.0199) | 14.1 it/s | elapsed 3.5 min | epoch ETA 1.7 min
  epoch 066 | batch 3,500/4,475 (78.2%) | loss 0.9997 (gt 0.1044, kd 0.0199) | 14.2 it/s | elapsed 4.1 min | epoch ETA 1.1 min
  epoch 066 | batch 4,000/4,475 (89.4%) | loss 1.0000 (gt 0.1044, kd 0.0199) | 14.2 it/s | elapsed 4.7 min | epoch ETA 0.6 min
Epoch 066 | train 1.000023 (gt 0.104414, kd 0.019940) | val 0.879868 (gt 0.095501, kd 0.016252) | KL end 1.4285 path 1.9362 | rough FDE 1126.8m
  epoch 067 | batch 500/4,475 (11.2%) | loss 0.9986 (gt 0.1045, kd 0.0199) | 14.0 it/s | elapsed 0.6 min | epoch ETA 4.7 min
  epoch 067 | batch 1,000/4,475 (22.3%) | loss 0.9989 (gt 0.1045, kd 0.0199) | 14.1 it/s | elapsed 1.2 min | epoch ETA 4.1 min
  epoch 067 | batch 1,500/4,475 (33.5%) | loss 0.9999 (gt 0.1045, kd 0.0199) | 14.1 it/s | elapsed 1.8 min | epoch ETA 3.5 min
  epoch 067 | batch 2,000/4,475 (44.7%) | loss 0.9996 (gt 0.1044, kd 0.0199) | 14.1 it/s | elapsed 2.4 min | epoch ETA 2.9 min
  epoch 067 | batch 2,500/4,475 (55.9%) | loss 0.9999 (gt 0.1045, kd 0.0199) | 14.1 it/s | elapsed 2.9 min | epoch ETA 2.3 min
  epoch 067 | batch 3,000/4,475 (67.0%) | loss 0.9998 (gt 0.1044, kd 0.0199) | 14.1 it/s | elapsed 3.5 min | epoch ETA 1.7 min
  epoch 067 | batch 3,500/4,475 (78.2%) | loss 0.9998 (gt 0.1043, kd 0.0199) | 14.2 it/s | elapsed 4.1 min | epoch ETA 1.1 min
  epoch 067 | batch 4,000/4,475 (89.4%) | loss 0.9998 (gt 0.1044, kd 0.0199) | 14.2 it/s | elapsed 4.7 min | epoch ETA 0.6 min
Epoch 067 | train 0.999937 (gt 0.104356, kd 0.019858) | val 0.880180 (gt 0.095430, kd 0.016180) | KL end 1.4219 path 1.9353 | rough FDE 1126.5m
  epoch 068 | batch 500/4,475 (11.2%) | loss 0.9987 (gt 0.1043, kd 0.0198) | 14.0 it/s | elapsed 0.6 min | epoch ETA 4.7 min
  epoch 068 | batch 1,000/4,475 (22.3%) | loss 1.0000 (gt 0.1045, kd 0.0198) | 14.1 it/s | elapsed 1.2 min | epoch ETA 4.1 min
  epoch 068 | batch 1,500/4,475 (33.5%) | loss 0.9992 (gt 0.1044, kd 0.0198) | 14.1 it/s | elapsed 1.8 min | epoch ETA 3.5 min
  epoch 068 | batch 2,000/4,475 (44.7%) | loss 0.9995 (gt 0.1043, kd 0.0198) | 14.1 it/s | elapsed 2.4 min | epoch ETA 2.9 min
  epoch 068 | batch 2,500/4,475 (55.9%) | loss 0.9997 (gt 0.1042, kd 0.0198) | 14.1 it/s | elapsed 2.9 min | epoch ETA 2.3 min
  epoch 068 | batch 3,000/4,475 (67.0%) | loss 1.0000 (gt 0.1043, kd 0.0198) | 14.1 it/s | elapsed 3.5 min | epoch ETA 1.7 min
  epoch 068 | batch 3,500/4,475 (78.2%) | loss 0.9998 (gt 0.1043, kd 0.0198) | 14.1 it/s | elapsed 4.1 min | epoch ETA 1.1 min
  epoch 068 | batch 4,000/4,475 (89.4%) | loss 0.9997 (gt 0.1042, kd 0.0197) | 14.1 it/s | elapsed 4.7 min | epoch ETA 0.6 min
Epoch 068 | train 0.999808 (gt 0.104240, kd 0.019742) | val 0.885356 (gt 0.095354, kd 0.016106) | KL end 1.4187 path 1.9301 | rough FDE 1124.8m
  epoch 069 | batch 500/4,475 (11.2%) | loss 1.0005 (gt 0.1046, kd 0.0197) | 14.0 it/s | elapsed 0.6 min | epoch ETA 4.7 min
  epoch 069 | batch 1,000/4,475 (22.3%) | loss 1.0001 (gt 0.1043, kd 0.0197) | 14.1 it/s | elapsed 1.2 min | epoch ETA 4.1 min
  epoch 069 | batch 1,500/4,475 (33.5%) | loss 0.9995 (gt 0.1041, kd 0.0197) | 14.1 it/s | elapsed 1.8 min | epoch ETA 3.5 min
  epoch 069 | batch 2,000/4,475 (44.7%) | loss 0.9995 (gt 0.1041, kd 0.0197) | 14.1 it/s | elapsed 2.4 min | epoch ETA 2.9 min
  epoch 069 | batch 2,500/4,475 (55.9%) | loss 0.9999 (gt 0.1042, kd 0.0197) | 14.1 it/s | elapsed 2.9 min | epoch ETA 2.3 min
  epoch 069 | batch 3,000/4,475 (67.0%) | loss 0.9999 (gt 0.1041, kd 0.0197) | 14.1 it/s | elapsed 3.5 min | epoch ETA 1.7 min
  epoch 069 | batch 3,500/4,475 (78.2%) | loss 0.9999 (gt 0.1041, kd 0.0197) | 14.1 it/s | elapsed 4.1 min | epoch ETA 1.1 min
  epoch 069 | batch 4,000/4,475 (89.4%) | loss 0.9999 (gt 0.1041, kd 0.0197) | 14.1 it/s | elapsed 4.7 min | epoch ETA 0.6 min
Epoch 069 | train 0.999908 (gt 0.104112, kd 0.019655) | val 0.886842 (gt 0.095288, kd 0.016044) | KL end 1.4178 path 1.9296 | rough FDE 1124.0m
  epoch 070 | batch 500/4,475 (11.2%) | loss 1.0000 (gt 0.1039, kd 0.0195) | 14.0 it/s | elapsed 0.6 min | epoch ETA 4.7 min
  epoch 070 | batch 1,000/4,475 (22.3%) | loss 0.9995 (gt 0.1040, kd 0.0195) | 14.1 it/s | elapsed 1.2 min | epoch ETA 4.1 min
  epoch 070 | batch 1,500/4,475 (33.5%) | loss 1.0001 (gt 0.1041, kd 0.0195) | 14.1 it/s | elapsed 1.8 min | epoch ETA 3.5 min
  epoch 070 | batch 2,000/4,475 (44.7%) | loss 0.9997 (gt 0.1040, kd 0.0195) | 14.1 it/s | elapsed 2.4 min | epoch ETA 2.9 min
  epoch 070 | batch 2,500/4,475 (55.9%) | loss 0.9996 (gt 0.1038, kd 0.0195) | 14.1 it/s | elapsed 2.9 min | epoch ETA 2.3 min
  epoch 070 | batch 3,000/4,475 (67.0%) | loss 1.0002 (gt 0.1039, kd 0.0195) | 14.1 it/s | elapsed 3.5 min | epoch ETA 1.7 min
  epoch 070 | batch 3,500/4,475 (78.2%) | loss 0.9998 (gt 0.1039, kd 0.0195) | 14.1 it/s | elapsed 4.1 min | epoch ETA 1.1 min
  epoch 070 | batch 4,000/4,475 (89.4%) | loss 0.9998 (gt 0.1039, kd 0.0195) | 14.1 it/s | elapsed 4.7 min | epoch ETA 0.6 min
Epoch 070 | train 0.999932 (gt 0.103922, kd 0.019536) | val 0.887549 (gt 0.095236, kd 0.015994) | KL end 1.4100 path 1.9250 | rough FDE 1122.2m | proper FDE 1172.0m (teacher 820.8m)  ✓ best
  epoch 071 | batch 500/4,475 (11.2%) | loss 1.0006 (gt 0.1040, kd 0.0195) | 14.0 it/s | elapsed 0.6 min | epoch ETA 4.7 min
  epoch 071 | batch 1,000/4,475 (22.3%) | loss 0.9998 (gt 0.1041, kd 0.0195) | 14.1 it/s | elapsed 1.2 min | epoch ETA 4.1 min
  epoch 071 | batch 1,500/4,475 (33.5%) | loss 0.9999 (gt 0.1041, kd 0.0195) | 14.1 it/s | elapsed 1.8 min | epoch ETA 3.5 min
  epoch 071 | batch 2,000/4,475 (44.7%) | loss 0.9995 (gt 0.1039, kd 0.0195) | 14.1 it/s | elapsed 2.4 min | epoch ETA 2.9 min
  epoch 071 | batch 2,500/4,475 (55.9%) | loss 1.0001 (gt 0.1039, kd 0.0195) | 14.1 it/s | elapsed 2.9 min | epoch ETA 2.3 min
  epoch 071 | batch 3,000/4,475 (67.0%) | loss 1.0000 (gt 0.1039, kd 0.0195) | 14.1 it/s | elapsed 3.5 min | epoch ETA 1.7 min
  epoch 071 | batch 3,500/4,475 (78.2%) | loss 1.0000 (gt 0.1039, kd 0.0195) | 14.1 it/s | elapsed 4.1 min | epoch ETA 1.1 min
  epoch 071 | batch 4,000/4,475 (89.4%) | loss 1.0000 (gt 0.1039, kd 0.0195) | 14.1 it/s | elapsed 4.7 min | epoch ETA 0.6 min
Epoch 071 | train 0.999954 (gt 0.103879, kd 0.019467) | val 0.887571 (gt 0.095186, kd 0.015947) | KL end 1.4063 path 1.9215 | rough FDE 1123.0m
  epoch 072 | batch 500/4,475 (11.2%) | loss 1.0016 (gt 0.1042, kd 0.0195) | 14.0 it/s | elapsed 0.6 min | epoch ETA 4.7 min
  epoch 072 | batch 1,000/4,475 (22.3%) | loss 1.0001 (gt 0.1041, kd 0.0195) | 14.1 it/s | elapsed 1.2 min | epoch ETA 4.1 min
  epoch 072 | batch 1,500/4,475 (33.5%) | loss 0.9996 (gt 0.1040, kd 0.0195) | 14.1 it/s | elapsed 1.8 min | epoch ETA 3.5 min
  epoch 072 | batch 2,000/4,475 (44.7%) | loss 1.0003 (gt 0.1040, kd 0.0195) | 14.1 it/s | elapsed 2.4 min | epoch ETA 2.9 min
  epoch 072 | batch 2,500/4,475 (55.9%) | loss 1.0001 (gt 0.1039, kd 0.0195) | 14.1 it/s | elapsed 2.9 min | epoch ETA 2.3 min
  epoch 072 | batch 3,000/4,475 (67.0%) | loss 1.0000 (gt 0.1039, kd 0.0194) | 14.1 it/s | elapsed 3.5 min | epoch ETA 1.7 min
  epoch 072 | batch 3,500/4,475 (78.2%) | loss 0.9998 (gt 0.1039, kd 0.0194) | 14.1 it/s | elapsed 4.1 min | epoch ETA 1.1 min
  epoch 072 | batch 4,000/4,475 (89.4%) | loss 0.9999 (gt 0.1039, kd 0.0194) | 14.1 it/s | elapsed 4.7 min | epoch ETA 0.6 min
Epoch 072 | train 0.999875 (gt 0.103864, kd 0.019418) | val 0.890474 (gt 0.095129, kd 0.015891) | KL end 1.3992 path 1.9217 | rough FDE 1119.7m
  epoch 073 | batch 500/4,475 (11.2%) | loss 1.0006 (gt 0.1038, kd 0.0193) | 14.0 it/s | elapsed 0.6 min | epoch ETA 4.7 min
  epoch 073 | batch 1,000/4,475 (22.3%) | loss 1.0002 (gt 0.1038, kd 0.0193) | 14.1 it/s | elapsed 1.2 min | epoch ETA 4.1 min
  epoch 073 | batch 1,500/4,475 (33.5%) | loss 0.9999 (gt 0.1038, kd 0.0193) | 14.1 it/s | elapsed 1.8 min | epoch ETA 3.5 min
  epoch 073 | batch 2,000/4,475 (44.7%) | loss 1.0003 (gt 0.1038, kd 0.0193) | 14.1 it/s | elapsed 2.4 min | epoch ETA 2.9 min
  epoch 073 | batch 2,500/4,475 (55.9%) | loss 0.9999 (gt 0.1038, kd 0.0193) | 14.1 it/s | elapsed 2.9 min | epoch ETA 2.3 min
  epoch 073 | batch 3,000/4,475 (67.0%) | loss 0.9999 (gt 0.1038, kd 0.0193) | 14.1 it/s | elapsed 3.5 min | epoch ETA 1.7 min
  epoch 073 | batch 3,500/4,475 (78.2%) | loss 1.0001 (gt 0.1037, kd 0.0193) | 14.1 it/s | elapsed 4.1 min | epoch ETA 1.1 min
  epoch 073 | batch 4,000/4,475 (89.4%) | loss 1.0000 (gt 0.1038, kd 0.0193) | 14.1 it/s | elapsed 4.7 min | epoch ETA 0.6 min
Epoch 073 | train 1.000071 (gt 0.103796, kd 0.019304) | val 0.885704 (gt 0.095081, kd 0.015841) | KL end 1.4008 path 1.9245 | rough FDE 1118.6m
  epoch 074 | batch 500/4,475 (11.2%) | loss 0.9991 (gt 0.1036, kd 0.0192) | 14.0 it/s | elapsed 0.6 min | epoch ETA 4.7 min
  epoch 074 | batch 1,000/4,475 (22.3%) | loss 1.0000 (gt 0.1035, kd 0.0192) | 14.1 it/s | elapsed 1.2 min | epoch ETA 4.1 min
  epoch 074 | batch 1,500/4,475 (33.5%) | loss 1.0003 (gt 0.1036, kd 0.0193) | 14.1 it/s | elapsed 1.8 min | epoch ETA 3.5 min
  epoch 074 | batch 2,000/4,475 (44.7%) | loss 0.9997 (gt 0.1036, kd 0.0193) | 14.1 it/s | elapsed 2.4 min | epoch ETA 2.9 min
  epoch 074 | batch 2,500/4,475 (55.9%) | loss 0.9999 (gt 0.1037, kd 0.0193) | 14.1 it/s | elapsed 2.9 min | epoch ETA 2.3 min
  epoch 074 | batch 3,000/4,475 (67.0%) | loss 0.9997 (gt 0.1037, kd 0.0193) | 14.1 it/s | elapsed 3.5 min | epoch ETA 1.7 min
  epoch 074 | batch 3,500/4,475 (78.2%) | loss 0.9999 (gt 0.1037, kd 0.0193) | 14.1 it/s | elapsed 4.1 min | epoch ETA 1.1 min
  epoch 074 | batch 4,000/4,475 (89.4%) | loss 0.9999 (gt 0.1036, kd 0.0193) | 14.1 it/s | elapsed 4.7 min | epoch ETA 0.6 min
Epoch 074 | train 0.999878 (gt 0.103655, kd 0.019257) | val 0.888985 (gt 0.095037, kd 0.015796) | KL end 1.3988 path 1.9213 | rough FDE 1117.6m
  epoch 075 | batch 500/4,475 (11.2%) | loss 0.9999 (gt 0.1032, kd 0.0192) | 14.0 it/s | elapsed 0.6 min | epoch ETA 4.7 min
  epoch 075 | batch 1,000/4,475 (22.3%) | loss 0.9995 (gt 0.1032, kd 0.0191) | 14.1 it/s | elapsed 1.2 min | epoch ETA 4.1 min
  epoch 075 | batch 1,500/4,475 (33.5%) | loss 1.0002 (gt 0.1034, kd 0.0191) | 14.1 it/s | elapsed 1.8 min | epoch ETA 3.5 min
  epoch 075 | batch 2,000/4,475 (44.7%) | loss 1.0002 (gt 0.1035, kd 0.0192) | 14.1 it/s | elapsed 2.4 min | epoch ETA 2.9 min
  epoch 075 | batch 2,500/4,475 (55.9%) | loss 0.9999 (gt 0.1036, kd 0.0192) | 14.1 it/s | elapsed 2.9 min | epoch ETA 2.3 min
  epoch 075 | batch 3,000/4,475 (67.0%) | loss 1.0000 (gt 0.1036, kd 0.0192) | 14.1 it/s | elapsed 3.5 min | epoch ETA 1.7 min
  epoch 075 | batch 3,500/4,475 (78.2%) | loss 1.0000 (gt 0.1037, kd 0.0192) | 14.1 it/s | elapsed 4.1 min | epoch ETA 1.1 min
  epoch 075 | batch 4,000/4,475 (89.4%) | loss 0.9999 (gt 0.1036, kd 0.0192) | 14.1 it/s | elapsed 4.7 min | epoch ETA 0.6 min
Epoch 075 | train 0.999897 (gt 0.103632, kd 0.019168) | val 0.890902 (gt 0.094987, kd 0.015746) | KL end 1.3998 path 1.9226 | rough FDE 1118.1m | proper FDE 1166.4m (teacher 820.8m)  ✓ best
  epoch 076 | batch 500/4,475 (11.2%) | loss 0.9996 (gt 0.1031, kd 0.0190) | 14.0 it/s | elapsed 0.6 min | epoch ETA 4.7 min
  epoch 076 | batch 1,000/4,475 (22.3%) | loss 0.9997 (gt 0.1033, kd 0.0191) | 14.1 it/s | elapsed 1.2 min | epoch ETA 4.1 min
  epoch 076 | batch 1,500/4,475 (33.5%) | loss 0.9997 (gt 0.1033, kd 0.0190) | 14.1 it/s | elapsed 1.8 min | epoch ETA 3.5 min
  epoch 076 | batch 2,000/4,475 (44.7%) | loss 0.9998 (gt 0.1034, kd 0.0191) | 14.1 it/s | elapsed 2.4 min | epoch ETA 2.9 min
  epoch 076 | batch 2,500/4,475 (55.9%) | loss 1.0001 (gt 0.1034, kd 0.0191) | 14.1 it/s | elapsed 2.9 min | epoch ETA 2.3 min
  epoch 076 | batch 3,000/4,475 (67.0%) | loss 0.9999 (gt 0.1034, kd 0.0191) | 14.1 it/s | elapsed 3.5 min | epoch ETA 1.7 min
  epoch 076 | batch 3,500/4,475 (78.2%) | loss 1.0001 (gt 0.1035, kd 0.0191) | 14.1 it/s | elapsed 4.1 min | epoch ETA 1.1 min
  epoch 076 | batch 4,000/4,475 (89.4%) | loss 1.0000 (gt 0.1035, kd 0.0191) | 14.1 it/s | elapsed 4.7 min | epoch ETA 0.6 min
Epoch 076 | train 1.000117 (gt 0.103531, kd 0.019079) | val 0.884375 (gt 0.094934, kd 0.015703) | KL end 1.3973 path 1.9241 | rough FDE 1117.9m
  epoch 077 | batch 500/4,475 (11.2%) | loss 0.9998 (gt 0.1035, kd 0.0190) | 14.0 it/s | elapsed 0.6 min | epoch ETA 4.7 min
  epoch 077 | batch 1,000/4,475 (22.3%) | loss 0.9999 (gt 0.1035, kd 0.0191) | 14.1 it/s | elapsed 1.2 min | epoch ETA 4.1 min
  epoch 077 | batch 1,500/4,475 (33.5%) | loss 0.9996 (gt 0.1035, kd 0.0190) | 14.1 it/s | elapsed 1.8 min | epoch ETA 3.5 min
  epoch 077 | batch 2,000/4,475 (44.7%) | loss 0.9999 (gt 0.1035, kd 0.0190) | 14.1 it/s | elapsed 2.4 min | epoch ETA 2.9 min
  epoch 077 | batch 2,500/4,475 (55.9%) | loss 0.9997 (gt 0.1035, kd 0.0190) | 14.1 it/s | elapsed 2.9 min | epoch ETA 2.3 min
  epoch 077 | batch 3,000/4,475 (67.0%) | loss 1.0000 (gt 0.1035, kd 0.0190) | 14.1 it/s | elapsed 3.5 min | epoch ETA 1.7 min
  epoch 077 | batch 3,500/4,475 (78.2%) | loss 0.9999 (gt 0.1035, kd 0.0190) | 14.1 it/s | elapsed 4.1 min | epoch ETA 1.1 min
  epoch 077 | batch 4,000/4,475 (89.4%) | loss 0.9998 (gt 0.1035, kd 0.0190) | 14.1 it/s | elapsed 4.7 min | epoch ETA 0.6 min
Epoch 077 | train 0.999856 (gt 0.103443, kd 0.019020) | val 0.888560 (gt 0.094891, kd 0.015667) | KL end 1.3975 path 1.9284 | rough FDE 1117.0m
  epoch 078 | batch 500/4,475 (11.2%) | loss 0.9980 (gt 0.1031, kd 0.0189) | 14.0 it/s | elapsed 0.6 min | epoch ETA 4.7 min
  epoch 078 | batch 1,000/4,475 (22.3%) | loss 0.9995 (gt 0.1032, kd 0.0189) | 14.1 it/s | elapsed 1.2 min | epoch ETA 4.1 min
  epoch 078 | batch 1,500/4,475 (33.5%) | loss 0.9997 (gt 0.1033, kd 0.0189) | 14.1 it/s | elapsed 1.8 min | epoch ETA 3.5 min
  epoch 078 | batch 2,000/4,475 (44.7%) | loss 0.9997 (gt 0.1034, kd 0.0190) | 14.1 it/s | elapsed 2.4 min | epoch ETA 2.9 min
  epoch 078 | batch 2,500/4,475 (55.9%) | loss 0.9998 (gt 0.1034, kd 0.0190) | 14.1 it/s | elapsed 2.9 min | epoch ETA 2.3 min
  epoch 078 | batch 3,000/4,475 (67.0%) | loss 0.9999 (gt 0.1035, kd 0.0190) | 14.1 it/s | elapsed 3.5 min | epoch ETA 1.7 min
  epoch 078 | batch 3,500/4,475 (78.2%) | loss 1.0000 (gt 0.1034, kd 0.0190) | 14.1 it/s | elapsed 4.1 min | epoch ETA 1.1 min
  epoch 078 | batch 4,000/4,475 (89.4%) | loss 1.0000 (gt 0.1034, kd 0.0189) | 14.1 it/s | elapsed 4.7 min | epoch ETA 0.6 min
Epoch 078 | train 0.999974 (gt 0.103425, kd 0.018947) | val 0.888002 (gt 0.094853, kd 0.015625) | KL end 1.3933 path 1.9249 | rough FDE 1115.1m
  epoch 079 | batch 500/4,475 (11.2%) | loss 0.9971 (gt 0.1030, kd 0.0188) | 14.0 it/s | elapsed 0.6 min | epoch ETA 4.7 min
  epoch 079 | batch 1,000/4,475 (22.3%) | loss 0.9997 (gt 0.1032, kd 0.0189) | 14.1 it/s | elapsed 1.2 min | epoch ETA 4.1 min
  epoch 079 | batch 1,500/4,475 (33.5%) | loss 0.9998 (gt 0.1034, kd 0.0189) | 14.1 it/s | elapsed 1.8 min | epoch ETA 3.5 min
  epoch 079 | batch 2,000/4,475 (44.7%) | loss 0.9998 (gt 0.1034, kd 0.0189) | 14.1 it/s | elapsed 2.4 min | epoch ETA 2.9 min
  epoch 079 | batch 2,500/4,475 (55.9%) | loss 0.9998 (gt 0.1033, kd 0.0189) | 14.1 it/s | elapsed 2.9 min | epoch ETA 2.3 min
  epoch 079 | batch 3,000/4,475 (67.0%) | loss 1.0000 (gt 0.1033, kd 0.0189) | 14.1 it/s | elapsed 3.5 min | epoch ETA 1.7 min
  epoch 079 | batch 3,500/4,475 (78.2%) | loss 0.9999 (gt 0.1033, kd 0.0189) | 14.1 it/s | elapsed 4.1 min | epoch ETA 1.1 min
  epoch 079 | batch 4,000/4,475 (89.4%) | loss 0.9999 (gt 0.1033, kd 0.0189) | 14.1 it/s | elapsed 4.7 min | epoch ETA 0.6 min
Epoch 079 | train 0.999889 (gt 0.103357, kd 0.018893) | val 0.890792 (gt 0.094814, kd 0.015590) | KL end 1.3907 path 1.9255 | rough FDE 1113.6m
  epoch 080 | batch 500/4,475 (11.2%) | loss 1.0004 (gt 0.1034, kd 0.0189) | 14.0 it/s | elapsed 0.6 min | epoch ETA 4.7 min
  epoch 080 | batch 1,000/4,475 (22.3%) | loss 1.0009 (gt 0.1035, kd 0.0189) | 14.1 it/s | elapsed 1.2 min | epoch ETA 4.1 min
  epoch 080 | batch 1,500/4,475 (33.5%) | loss 0.9997 (gt 0.1034, kd 0.0189) | 14.1 it/s | elapsed 1.8 min | epoch ETA 3.5 min
  epoch 080 | batch 2,000/4,475 (44.7%) | loss 1.0000 (gt 0.1033, kd 0.0189) | 14.1 it/s | elapsed 2.4 min | epoch ETA 2.9 min
  epoch 080 | batch 2,500/4,475 (55.9%) | loss 1.0001 (gt 0.1033, kd 0.0189) | 14.1 it/s | elapsed 2.9 min | epoch ETA 2.3 min
  epoch 080 | batch 3,000/4,475 (67.0%) | loss 1.0001 (gt 0.1033, kd 0.0189) | 14.1 it/s | elapsed 3.5 min | epoch ETA 1.7 min
  epoch 080 | batch 3,500/4,475 (78.2%) | loss 1.0000 (gt 0.1033, kd 0.0189) | 14.1 it/s | elapsed 4.1 min | epoch ETA 1.2 min
  epoch 080 | batch 4,000/4,475 (89.4%) | loss 0.9999 (gt 0.1033, kd 0.0189) | 14.1 it/s | elapsed 4.7 min | epoch ETA 0.6 min
Epoch 080 | train 1.000036 (gt 0.103257, kd 0.018862) | val 0.887952 (gt 0.094779, kd 0.015558) | KL end 1.3906 path 1.9242 | rough FDE 1112.1m | proper FDE 1164.1m (teacher 820.8m)  ✓ best
  epoch 081 | batch 500/4,475 (11.2%) | loss 0.9996 (gt 0.1034, kd 0.0188) | 14.0 it/s | elapsed 0.6 min | epoch ETA 4.7 min
  epoch 081 | batch 1,000/4,475 (22.3%) | loss 0.9994 (gt 0.1033, kd 0.0188) | 14.1 it/s | elapsed 1.2 min | epoch ETA 4.1 min
  epoch 081 | batch 1,500/4,475 (33.5%) | loss 0.9997 (gt 0.1032, kd 0.0188) | 14.1 it/s | elapsed 1.8 min | epoch ETA 3.5 min
  epoch 081 | batch 2,000/4,475 (44.7%) | loss 0.9999 (gt 0.1033, kd 0.0188) | 14.1 it/s | elapsed 2.4 min | epoch ETA 2.9 min
  epoch 081 | batch 2,500/4,475 (55.9%) | loss 0.9997 (gt 0.1032, kd 0.0188) | 14.1 it/s | elapsed 2.9 min | epoch ETA 2.3 min
  epoch 081 | batch 3,000/4,475 (67.0%) | loss 0.9998 (gt 0.1032, kd 0.0188) | 14.1 it/s | elapsed 3.5 min | epoch ETA 1.7 min
  epoch 081 | batch 3,500/4,475 (78.2%) | loss 1.0000 (gt 0.1032, kd 0.0188) | 14.1 it/s | elapsed 4.1 min | epoch ETA 1.1 min
  epoch 081 | batch 4,000/4,475 (89.4%) | loss 0.9999 (gt 0.1033, kd 0.0188) | 14.1 it/s | elapsed 4.7 min | epoch ETA 0.6 min
Epoch 081 | train 1.000024 (gt 0.103314, kd 0.018807) | val 0.885335 (gt 0.094751, kd 0.015521) | KL end 1.3863 path 1.9227 | rough FDE 1109.7m
  epoch 082 | batch 500/4,475 (11.2%) | loss 0.9984 (gt 0.1029, kd 0.0187) | 14.0 it/s | elapsed 0.6 min | epoch ETA 4.7 min
  epoch 082 | batch 1,000/4,475 (22.3%) | loss 0.9993 (gt 0.1031, kd 0.0188) | 14.1 it/s | elapsed 1.2 min | epoch ETA 4.1 min
  epoch 082 | batch 1,500/4,475 (33.5%) | loss 0.9997 (gt 0.1032, kd 0.0188) | 14.1 it/s | elapsed 1.8 min | epoch ETA 3.5 min
  epoch 082 | batch 2,000/4,475 (44.7%) | loss 0.9994 (gt 0.1030, kd 0.0187) | 14.1 it/s | elapsed 2.4 min | epoch ETA 2.9 min
  epoch 082 | batch 2,500/4,475 (55.9%) | loss 0.9998 (gt 0.1031, kd 0.0188) | 14.1 it/s | elapsed 2.9 min | epoch ETA 2.3 min
  epoch 082 | batch 3,000/4,475 (67.0%) | loss 0.9997 (gt 0.1031, kd 0.0188) | 14.1 it/s | elapsed 3.5 min | epoch ETA 1.7 min
  epoch 082 | batch 3,500/4,475 (78.2%) | loss 0.9999 (gt 0.1031, kd 0.0188) | 14.1 it/s | elapsed 4.1 min | epoch ETA 1.1 min
  epoch 082 | batch 4,000/4,475 (89.4%) | loss 0.9999 (gt 0.1031, kd 0.0187) | 14.1 it/s | elapsed 4.7 min | epoch ETA 0.6 min
Epoch 082 | train 0.999912 (gt 0.103135, kd 0.018750) | val 0.887492 (gt 0.094730, kd 0.015495) | KL end 1.3835 path 1.9219 | rough FDE 1108.7m
  epoch 083 | batch 500/4,475 (11.2%) | loss 0.9995 (gt 0.1030, kd 0.0187) | 14.0 it/s | elapsed 0.6 min | epoch ETA 4.7 min
  epoch 083 | batch 1,000/4,475 (22.3%) | loss 0.9993 (gt 0.1030, kd 0.0187) | 14.1 it/s | elapsed 1.2 min | epoch ETA 4.1 min
  epoch 083 | batch 1,500/4,475 (33.5%) | loss 1.0003 (gt 0.1032, kd 0.0188) | 14.1 it/s | elapsed 1.8 min | epoch ETA 3.5 min
  epoch 083 | batch 2,000/4,475 (44.7%) | loss 1.0000 (gt 0.1033, kd 0.0188) | 14.1 it/s | elapsed 2.4 min | epoch ETA 2.9 min
  epoch 083 | batch 2,500/4,475 (55.9%) | loss 1.0000 (gt 0.1033, kd 0.0187) | 14.1 it/s | elapsed 3.0 min | epoch ETA 2.3 min
  epoch 083 | batch 3,000/4,475 (67.0%) | loss 1.0000 (gt 0.1033, kd 0.0187) | 14.1 it/s | elapsed 3.5 min | epoch ETA 1.7 min
  epoch 083 | batch 3,500/4,475 (78.2%) | loss 1.0000 (gt 0.1033, kd 0.0187) | 14.1 it/s | elapsed 4.1 min | epoch ETA 1.2 min
  epoch 083 | batch 4,000/4,475 (89.4%) | loss 0.9999 (gt 0.1033, kd 0.0187) | 14.1 it/s | elapsed 4.7 min | epoch ETA 0.6 min
Epoch 083 | train 0.999961 (gt 0.103273, kd 0.018707) | val 0.887617 (gt 0.094710, kd 0.015471) | KL end 1.3826 path 1.9219 | rough FDE 1109.7m
  epoch 084 | batch 500/4,475 (11.2%) | loss 0.9995 (gt 0.1030, kd 0.0186) | 14.0 it/s | elapsed 0.6 min | epoch ETA 4.7 min
  epoch 084 | batch 1,000/4,475 (22.3%) | loss 0.9998 (gt 0.1033, kd 0.0187) | 14.1 it/s | elapsed 1.2 min | epoch ETA 4.1 min
  epoch 084 | batch 1,500/4,475 (33.5%) | loss 0.9998 (gt 0.1032, kd 0.0187) | 14.1 it/s | elapsed 1.8 min | epoch ETA 3.5 min
  epoch 084 | batch 2,000/4,475 (44.7%) | loss 0.9996 (gt 0.1031, kd 0.0187) | 14.1 it/s | elapsed 2.4 min | epoch ETA 2.9 min
  epoch 084 | batch 2,500/4,475 (55.9%) | loss 0.9998 (gt 0.1031, kd 0.0187) | 14.1 it/s | elapsed 2.9 min | epoch ETA 2.3 min
  epoch 084 | batch 3,000/4,475 (67.0%) | loss 0.9996 (gt 0.1031, kd 0.0187) | 14.1 it/s | elapsed 3.5 min | epoch ETA 1.7 min
  epoch 084 | batch 3,500/4,475 (78.2%) | loss 1.0000 (gt 0.1031, kd 0.0187) | 14.1 it/s | elapsed 4.1 min | epoch ETA 1.1 min
  epoch 084 | batch 4,000/4,475 (89.4%) | loss 0.9998 (gt 0.1031, kd 0.0187) | 14.1 it/s | elapsed 4.7 min | epoch ETA 0.6 min
Epoch 084 | train 0.999894 (gt 0.103103, kd 0.018656) | val 0.890888 (gt 0.094694, kd 0.015452) | KL end 1.3819 path 1.9159 | rough FDE 1110.5m
  epoch 085 | batch 500/4,475 (11.2%) | loss 0.9990 (gt 0.1029, kd 0.0186) | 14.0 it/s | elapsed 0.6 min | epoch ETA 4.7 min
  epoch 085 | batch 1,000/4,475 (22.3%) | loss 0.9995 (gt 0.1028, kd 0.0186) | 14.1 it/s | elapsed 1.2 min | epoch ETA 4.1 min
  epoch 085 | batch 1,500/4,475 (33.5%) | loss 0.9995 (gt 0.1030, kd 0.0186) | 14.1 it/s | elapsed 1.8 min | epoch ETA 3.5 min
  epoch 085 | batch 2,000/4,475 (44.7%) | loss 0.9999 (gt 0.1030, kd 0.0186) | 14.1 it/s | elapsed 2.4 min | epoch ETA 2.9 min
  epoch 085 | batch 2,500/4,475 (55.9%) | loss 0.9997 (gt 0.1031, kd 0.0186) | 14.1 it/s | elapsed 2.9 min | epoch ETA 2.3 min
  epoch 085 | batch 3,000/4,475 (67.0%) | loss 0.9999 (gt 0.1030, kd 0.0186) | 14.1 it/s | elapsed 3.5 min | epoch ETA 1.7 min
  epoch 085 | batch 3,500/4,475 (78.2%) | loss 1.0000 (gt 0.1031, kd 0.0186) | 14.1 it/s | elapsed 4.1 min | epoch ETA 1.1 min
  epoch 085 | batch 4,000/4,475 (89.4%) | loss 1.0000 (gt 0.1031, kd 0.0186) | 14.1 it/s | elapsed 4.7 min | epoch ETA 0.6 min
Epoch 085 | train 0.999967 (gt 0.103032, kd 0.018613) | val 0.890986 (gt 0.094679, kd 0.015436) | KL end 1.3775 path 1.9122 | rough FDE 1110.1m | proper FDE 1160.1m (teacher 820.8m)  ✓ best
  epoch 086 | batch 500/4,475 (11.2%) | loss 0.9998 (gt 0.1032, kd 0.0186) | 14.1 it/s | elapsed 0.6 min | epoch ETA 4.7 min
  epoch 086 | batch 1,000/4,475 (22.3%) | loss 0.9995 (gt 0.1030, kd 0.0186) | 14.1 it/s | elapsed 1.2 min | epoch ETA 4.1 min
  epoch 086 | batch 1,500/4,475 (33.5%) | loss 0.9997 (gt 0.1030, kd 0.0186) | 14.1 it/s | elapsed 1.8 min | epoch ETA 3.5 min
  epoch 086 | batch 2,000/4,475 (44.7%) | loss 0.9999 (gt 0.1030, kd 0.0186) | 14.1 it/s | elapsed 2.4 min | epoch ETA 2.9 min
  epoch 086 | batch 2,500/4,475 (55.9%) | loss 0.9999 (gt 0.1029, kd 0.0186) | 14.1 it/s | elapsed 3.0 min | epoch ETA 2.3 min
  epoch 086 | batch 3,000/4,475 (67.0%) | loss 0.9998 (gt 0.1029, kd 0.0186) | 14.1 it/s | elapsed 3.5 min | epoch ETA 1.7 min
  epoch 086 | batch 3,500/4,475 (78.2%) | loss 0.9999 (gt 0.1029, kd 0.0186) | 14.1 it/s | elapsed 4.1 min | epoch ETA 1.2 min
  epoch 086 | batch 4,000/4,475 (89.4%) | loss 0.9999 (gt 0.1030, kd 0.0186) | 14.1 it/s | elapsed 4.7 min | epoch ETA 0.6 min
Epoch 086 | train 1.000032 (gt 0.102972, kd 0.018584) | val 0.888502 (gt 0.094655, kd 0.015418) | KL end 1.3748 path 1.9026 | rough FDE 1109.2m
  epoch 087 | batch 500/4,475 (11.2%) | loss 0.9998 (gt 0.1031, kd 0.0186) | 14.0 it/s | elapsed 0.6 min | epoch ETA 4.7 min
  epoch 087 | batch 1,000/4,475 (22.3%) | loss 0.9995 (gt 0.1031, kd 0.0185) | 14.1 it/s | elapsed 1.2 min | epoch ETA 4.1 min
  epoch 087 | batch 1,500/4,475 (33.5%) | loss 0.9997 (gt 0.1030, kd 0.0185) | 14.1 it/s | elapsed 1.8 min | epoch ETA 3.5 min
  epoch 087 | batch 2,000/4,475 (44.7%) | loss 0.9997 (gt 0.1029, kd 0.0185) | 14.1 it/s | elapsed 2.4 min | epoch ETA 2.9 min
  epoch 087 | batch 2,500/4,475 (55.9%) | loss 0.9995 (gt 0.1029, kd 0.0185) | 14.1 it/s | elapsed 2.9 min | epoch ETA 2.3 min
  epoch 087 | batch 3,000/4,475 (67.0%) | loss 0.9998 (gt 0.1029, kd 0.0185) | 14.1 it/s | elapsed 3.5 min | epoch ETA 1.7 min
  epoch 087 | batch 3,500/4,475 (78.2%) | loss 1.0001 (gt 0.1030, kd 0.0185) | 14.1 it/s | elapsed 4.1 min | epoch ETA 1.2 min
  epoch 087 | batch 4,000/4,475 (89.4%) | loss 0.9999 (gt 0.1030, kd 0.0185) | 14.1 it/s | elapsed 4.7 min | epoch ETA 0.6 min
Epoch 087 | train 0.999892 (gt 0.102998, kd 0.018542) | val 0.891685 (gt 0.094628, kd 0.015402) | KL end 1.3779 path 1.9019 | rough FDE 1108.3m
  epoch 088 | batch 500/4,475 (11.2%) | loss 0.9993 (gt 0.1026, kd 0.0185) | 14.0 it/s | elapsed 0.6 min | epoch ETA 4.7 min
  epoch 088 | batch 1,000/4,475 (22.3%) | loss 0.9992 (gt 0.1028, kd 0.0185) | 14.1 it/s | elapsed 1.2 min | epoch ETA 4.1 min
  epoch 088 | batch 1,500/4,475 (33.5%) | loss 0.9995 (gt 0.1028, kd 0.0185) | 14.1 it/s | elapsed 1.8 min | epoch ETA 3.5 min
  epoch 088 | batch 2,000/4,475 (44.7%) | loss 0.9999 (gt 0.1028, kd 0.0185) | 14.1 it/s | elapsed 2.4 min | epoch ETA 2.9 min
  epoch 088 | batch 2,500/4,475 (55.9%) | loss 0.9999 (gt 0.1028, kd 0.0185) | 14.1 it/s | elapsed 3.0 min | epoch ETA 2.3 min
  epoch 088 | batch 3,000/4,475 (67.0%) | loss 1.0002 (gt 0.1029, kd 0.0185) | 14.1 it/s | elapsed 3.5 min | epoch ETA 1.7 min
  epoch 088 | batch 3,500/4,475 (78.2%) | loss 0.9999 (gt 0.1029, kd 0.0185) | 14.1 it/s | elapsed 4.1 min | epoch ETA 1.2 min
  epoch 088 | batch 4,000/4,475 (89.4%) | loss 0.9999 (gt 0.1029, kd 0.0185) | 14.1 it/s | elapsed 4.7 min | epoch ETA 0.6 min
Epoch 088 | train 1.000057 (gt 0.102911, kd 0.018514) | val 0.888459 (gt 0.094618, kd 0.015389) | KL end 1.3784 path 1.9102 | rough FDE 1107.8m
  epoch 089 | batch 500/4,475 (11.2%) | loss 0.9984 (gt 0.1025, kd 0.0183) | 14.0 it/s | elapsed 0.6 min | epoch ETA 4.7 min
  epoch 089 | batch 1,000/4,475 (22.3%) | loss 0.9996 (gt 0.1026, kd 0.0184) | 14.1 it/s | elapsed 1.2 min | epoch ETA 4.1 min
  epoch 089 | batch 1,500/4,475 (33.5%) | loss 1.0003 (gt 0.1028, kd 0.0185) | 14.1 it/s | elapsed 1.8 min | epoch ETA 3.5 min
  epoch 089 | batch 2,000/4,475 (44.7%) | loss 0.9997 (gt 0.1029, kd 0.0185) | 14.1 it/s | elapsed 2.4 min | epoch ETA 2.9 min
  epoch 089 | batch 2,500/4,475 (55.9%) | loss 0.9997 (gt 0.1029, kd 0.0185) | 14.1 it/s | elapsed 3.0 min | epoch ETA 2.3 min
  epoch 089 | batch 3,000/4,475 (67.0%) | loss 0.9998 (gt 0.1028, kd 0.0185) | 14.1 it/s | elapsed 3.5 min | epoch ETA 1.7 min
  epoch 089 | batch 3,500/4,475 (78.2%) | loss 0.9997 (gt 0.1028, kd 0.0184) | 14.1 it/s | elapsed 4.1 min | epoch ETA 1.2 min
  epoch 089 | batch 4,000/4,475 (89.4%) | loss 0.9998 (gt 0.1028, kd 0.0185) | 14.1 it/s | elapsed 4.7 min | epoch ETA 0.6 min
Epoch 089 | train 0.999831 (gt 0.102842, kd 0.018451) | val 0.893992 (gt 0.094612, kd 0.015375) | KL end 1.3777 path 1.9119 | rough FDE 1107.5m
  epoch 090 | batch 500/4,475 (11.2%) | loss 1.0003 (gt 0.1027, kd 0.0184) | 14.1 it/s | elapsed 0.6 min | epoch ETA 4.7 min
  epoch 090 | batch 1,000/4,475 (22.3%) | loss 1.0000 (gt 0.1028, kd 0.0184) | 14.1 it/s | elapsed 1.2 min | epoch ETA 4.1 min
  epoch 090 | batch 1,500/4,475 (33.5%) | loss 1.0002 (gt 0.1028, kd 0.0184) | 14.1 it/s | elapsed 1.8 min | epoch ETA 3.5 min
  epoch 090 | batch 2,000/4,475 (44.7%) | loss 0.9999 (gt 0.1029, kd 0.0184) | 14.1 it/s | elapsed 2.4 min | epoch ETA 2.9 min
  epoch 090 | batch 2,500/4,475 (55.9%) | loss 0.9997 (gt 0.1028, kd 0.0184) | 14.1 it/s | elapsed 3.0 min | epoch ETA 2.3 min
  epoch 090 | batch 3,000/4,475 (67.0%) | loss 1.0002 (gt 0.1029, kd 0.0184) | 14.1 it/s | elapsed 3.5 min | epoch ETA 1.7 min
  epoch 090 | batch 3,500/4,475 (78.2%) | loss 0.9999 (gt 0.1029, kd 0.0184) | 14.1 it/s | elapsed 4.1 min | epoch ETA 1.2 min
  epoch 090 | batch 4,000/4,475 (89.4%) | loss 0.9999 (gt 0.1028, kd 0.0184) | 14.1 it/s | elapsed 4.7 min | epoch ETA 0.6 min
Epoch 090 | train 0.999936 (gt 0.102842, kd 0.018430) | val 0.895465 (gt 0.094591, kd 0.015359) | KL end 1.3782 path 1.9177 | rough FDE 1107.6m | proper FDE 1157.9m (teacher 820.8m)  ✓ best
  epoch 091 | batch 500/4,475 (11.2%) | loss 0.9996 (gt 0.1028, kd 0.0185) | 14.1 it/s | elapsed 0.6 min | epoch ETA 4.7 min
  epoch 091 | batch 1,000/4,475 (22.3%) | loss 1.0003 (gt 0.1028, kd 0.0184) | 14.1 it/s | elapsed 1.2 min | epoch ETA 4.1 min
  epoch 091 | batch 1,500/4,475 (33.5%) | loss 1.0005 (gt 0.1029, kd 0.0185) | 14.1 it/s | elapsed 1.8 min | epoch ETA 3.5 min
  epoch 091 | batch 2,000/4,475 (44.7%) | loss 1.0001 (gt 0.1028, kd 0.0185) | 14.1 it/s | elapsed 2.4 min | epoch ETA 2.9 min
  epoch 091 | batch 2,500/4,475 (55.9%) | loss 1.0001 (gt 0.1028, kd 0.0184) | 14.1 it/s | elapsed 2.9 min | epoch ETA 2.3 min
  epoch 091 | batch 3,000/4,475 (67.0%) | loss 0.9999 (gt 0.1028, kd 0.0184) | 14.1 it/s | elapsed 3.5 min | epoch ETA 1.7 min
  epoch 091 | batch 3,500/4,475 (78.2%) | loss 0.9999 (gt 0.1028, kd 0.0184) | 14.1 it/s | elapsed 4.1 min | epoch ETA 1.2 min
  epoch 091 | batch 4,000/4,475 (89.4%) | loss 1.0001 (gt 0.1029, kd 0.0184) | 14.1 it/s | elapsed 4.7 min | epoch ETA 0.6 min
Epoch 091 | train 1.000068 (gt 0.102898, kd 0.018431) | val 0.891489 (gt 0.094583, kd 0.015348) | KL end 1.3785 path 1.9167 | rough FDE 1107.2m
  epoch 092 | batch 500/4,475 (11.2%) | loss 0.9985 (gt 0.1026, kd 0.0184) | 14.1 it/s | elapsed 0.6 min | epoch ETA 4.7 min
  epoch 092 | batch 1,000/4,475 (22.3%) | loss 1.0000 (gt 0.1027, kd 0.0184) | 14.1 it/s | elapsed 1.2 min | epoch ETA 4.1 min
  epoch 092 | batch 1,500/4,475 (33.5%) | loss 0.9999 (gt 0.1029, kd 0.0184) | 14.1 it/s | elapsed 1.8 min | epoch ETA 3.5 min
  epoch 092 | batch 2,000/4,475 (44.7%) | loss 0.9998 (gt 0.1029, kd 0.0184) | 14.1 it/s | elapsed 2.4 min | epoch ETA 2.9 min
  epoch 092 | batch 2,500/4,475 (55.9%) | loss 0.9998 (gt 0.1028, kd 0.0184) | 14.1 it/s | elapsed 2.9 min | epoch ETA 2.3 min
  epoch 092 | batch 3,000/4,475 (67.0%) | loss 1.0000 (gt 0.1029, kd 0.0184) | 14.1 it/s | elapsed 3.5 min | epoch ETA 1.7 min
  epoch 092 | batch 3,500/4,475 (78.2%) | loss 0.9999 (gt 0.1029, kd 0.0184) | 14.1 it/s | elapsed 4.1 min | epoch ETA 1.1 min
  epoch 092 | batch 4,000/4,475 (89.4%) | loss 0.9998 (gt 0.1028, kd 0.0184) | 14.1 it/s | elapsed 4.7 min | epoch ETA 0.6 min
Epoch 092 | train 1.000029 (gt 0.102853, kd 0.018414) | val 0.889337 (gt 0.094569, kd 0.015337) | KL end 1.3744 path 1.9212 | rough FDE 1105.9m
  epoch 093 | batch 500/4,475 (11.2%) | loss 0.9994 (gt 0.1032, kd 0.0184) | 14.0 it/s | elapsed 0.6 min | epoch ETA 4.7 min
  epoch 093 | batch 1,000/4,475 (22.3%) | loss 0.9990 (gt 0.1029, kd 0.0184) | 14.1 it/s | elapsed 1.2 min | epoch ETA 4.1 min
  epoch 093 | batch 1,500/4,475 (33.5%) | loss 0.9996 (gt 0.1029, kd 0.0184) | 14.1 it/s | elapsed 1.8 min | epoch ETA 3.5 min
  epoch 093 | batch 2,000/4,475 (44.7%) | loss 0.9997 (gt 0.1029, kd 0.0184) | 14.1 it/s | elapsed 2.4 min | epoch ETA 2.9 min
  epoch 093 | batch 2,500/4,475 (55.9%) | loss 0.9999 (gt 0.1029, kd 0.0184) | 14.1 it/s | elapsed 3.0 min | epoch ETA 2.3 min
  epoch 093 | batch 3,000/4,475 (67.0%) | loss 0.9998 (gt 0.1029, kd 0.0184) | 14.1 it/s | elapsed 3.5 min | epoch ETA 1.7 min
  epoch 093 | batch 3,500/4,475 (78.2%) | loss 0.9997 (gt 0.1028, kd 0.0184) | 14.1 it/s | elapsed 4.1 min | epoch ETA 1.2 min
  epoch 093 | batch 4,000/4,475 (89.4%) | loss 0.9997 (gt 0.1028, kd 0.0184) | 14.1 it/s | elapsed 4.7 min | epoch ETA 0.6 min
Epoch 093 | train 0.999842 (gt 0.102824, kd 0.018362) | val 0.894788 (gt 0.094559, kd 0.015329) | KL end 1.3729 path 1.9261 | rough FDE 1105.8m
  epoch 094 | batch 500/4,475 (11.2%) | loss 1.0007 (gt 0.1029, kd 0.0183) | 14.1 it/s | elapsed 0.6 min | epoch ETA 4.7 min
  epoch 094 | batch 1,000/4,475 (22.3%) | loss 1.0006 (gt 0.1030, kd 0.0184) | 14.1 it/s | elapsed 1.2 min | epoch ETA 4.1 min
  epoch 094 | batch 1,500/4,475 (33.5%) | loss 1.0001 (gt 0.1030, kd 0.0184) | 14.1 it/s | elapsed 1.8 min | epoch ETA 3.5 min
  epoch 094 | batch 2,000/4,475 (44.7%) | loss 1.0001 (gt 0.1029, kd 0.0184) | 14.1 it/s | elapsed 2.4 min | epoch ETA 2.9 min
  epoch 094 | batch 2,500/4,475 (55.9%) | loss 0.9998 (gt 0.1029, kd 0.0184) | 14.1 it/s | elapsed 3.0 min | epoch ETA 2.3 min
  epoch 094 | batch 3,000/4,475 (67.0%) | loss 1.0001 (gt 0.1029, kd 0.0184) | 14.1 it/s | elapsed 3.5 min | epoch ETA 1.7 min
  epoch 094 | batch 3,500/4,475 (78.2%) | loss 1.0000 (gt 0.1029, kd 0.0184) | 14.1 it/s | elapsed 4.1 min | epoch ETA 1.2 min
  epoch 094 | batch 4,000/4,475 (89.4%) | loss 1.0000 (gt 0.1028, kd 0.0184) | 14.1 it/s | elapsed 4.7 min | epoch ETA 0.6 min
Epoch 094 | train 0.999940 (gt 0.102810, kd 0.018384) | val 0.896390 (gt 0.094546, kd 0.015322) | KL end 1.3720 path 1.9248 | rough FDE 1105.1m
  epoch 095 | batch 500/4,475 (11.2%) | loss 1.0011 (gt 0.1031, kd 0.0184) | 14.0 it/s | elapsed 0.6 min | epoch ETA 4.7 min
  epoch 095 | batch 1,000/4,475 (22.3%) | loss 1.0002 (gt 0.1029, kd 0.0184) | 14.1 it/s | elapsed 1.2 min | epoch ETA 4.1 min
  epoch 095 | batch 1,500/4,475 (33.5%) | loss 0.9997 (gt 0.1028, kd 0.0184) | 14.1 it/s | elapsed 1.8 min | epoch ETA 3.5 min
  epoch 095 | batch 2,000/4,475 (44.7%) | loss 1.0005 (gt 0.1028, kd 0.0184) | 14.1 it/s | elapsed 2.4 min | epoch ETA 2.9 min
  epoch 095 | batch 2,500/4,475 (55.9%) | loss 1.0000 (gt 0.1028, kd 0.0184) | 14.1 it/s | elapsed 3.0 min | epoch ETA 2.3 min
  epoch 095 | batch 3,000/4,475 (67.0%) | loss 1.0001 (gt 0.1028, kd 0.0184) | 14.1 it/s | elapsed 3.5 min | epoch ETA 1.7 min
  epoch 095 | batch 3,500/4,475 (78.2%) | loss 0.9999 (gt 0.1028, kd 0.0184) | 14.1 it/s | elapsed 4.1 min | epoch ETA 1.2 min
  epoch 095 | batch 4,000/4,475 (89.4%) | loss 1.0001 (gt 0.1028, kd 0.0184) | 14.1 it/s | elapsed 4.7 min | epoch ETA 0.6 min
Epoch 095 | train 1.000034 (gt 0.102762, kd 0.018358) | val 0.894162 (gt 0.094539, kd 0.015318) | KL end 1.3711 path 1.9216 | rough FDE 1103.9m | proper FDE 1153.9m (teacher 820.8m)  ✓ best
  epoch 096 | batch 500/4,475 (11.2%) | loss 0.9990 (gt 0.1025, kd 0.0183) | 14.1 it/s | elapsed 0.6 min | epoch ETA 4.7 min
  epoch 096 | batch 1,000/4,475 (22.3%) | loss 0.9999 (gt 0.1029, kd 0.0184) | 14.1 it/s | elapsed 1.2 min | epoch ETA 4.1 min
  epoch 096 | batch 1,500/4,475 (33.5%) | loss 1.0002 (gt 0.1029, kd 0.0184) | 14.1 it/s | elapsed 1.8 min | epoch ETA 3.5 min
  epoch 096 | batch 2,000/4,475 (44.7%) | loss 1.0000 (gt 0.1030, kd 0.0184) | 14.1 it/s | elapsed 2.4 min | epoch ETA 2.9 min
  epoch 096 | batch 2,500/4,475 (55.9%) | loss 0.9998 (gt 0.1028, kd 0.0183) | 14.1 it/s | elapsed 3.0 min | epoch ETA 2.3 min
  epoch 096 | batch 3,000/4,475 (67.0%) | loss 0.9998 (gt 0.1028, kd 0.0183) | 14.1 it/s | elapsed 3.5 min | epoch ETA 1.7 min
  epoch 096 | batch 3,500/4,475 (78.2%) | loss 1.0000 (gt 0.1027, kd 0.0183) | 14.1 it/s | elapsed 4.1 min | epoch ETA 1.2 min
  epoch 096 | batch 4,000/4,475 (89.4%) | loss 1.0001 (gt 0.1027, kd 0.0183) | 14.1 it/s | elapsed 4.7 min | epoch ETA 0.6 min
Epoch 096 | train 1.000064 (gt 0.102763, kd 0.018350) | val 0.890626 (gt 0.094531, kd 0.015311) | KL end 1.3702 path 1.9197 | rough FDE 1104.2m
  epoch 097 | batch 500/4,475 (11.2%) | loss 0.9986 (gt 0.1024, kd 0.0183) | 14.1 it/s | elapsed 0.6 min | epoch ETA 4.7 min
  epoch 097 | batch 1,000/4,475 (22.3%) | loss 0.9993 (gt 0.1025, kd 0.0183) | 14.1 it/s | elapsed 1.2 min | epoch ETA 4.1 min
  epoch 097 | batch 1,500/4,475 (33.5%) | loss 0.9995 (gt 0.1026, kd 0.0183) | 14.1 it/s | elapsed 1.8 min | epoch ETA 3.5 min
  epoch 097 | batch 2,000/4,475 (44.7%) | loss 0.9995 (gt 0.1026, kd 0.0183) | 14.1 it/s | elapsed 2.4 min | epoch ETA 2.9 min
  epoch 097 | batch 2,500/4,475 (55.9%) | loss 0.9995 (gt 0.1026, kd 0.0183) | 14.1 it/s | elapsed 3.0 min | epoch ETA 2.3 min
  epoch 097 | batch 3,000/4,475 (67.0%) | loss 1.0000 (gt 0.1027, kd 0.0183) | 14.1 it/s | elapsed 3.5 min | epoch ETA 1.7 min
  epoch 097 | batch 3,500/4,475 (78.2%) | loss 0.9998 (gt 0.1026, kd 0.0183) | 14.1 it/s | elapsed 4.1 min | epoch ETA 1.2 min
  epoch 097 | batch 4,000/4,475 (89.4%) | loss 0.9998 (gt 0.1027, kd 0.0183) | 14.1 it/s | elapsed 4.7 min | epoch ETA 0.6 min
Epoch 097 | train 0.999752 (gt 0.102667, kd 0.018306) | val 0.899872 (gt 0.094528, kd 0.015306) | KL end 1.3704 path 1.9246 | rough FDE 1104.6m
  epoch 098 | batch 500/4,475 (11.2%) | loss 1.0008 (gt 0.1029, kd 0.0183) | 14.0 it/s | elapsed 0.6 min | epoch ETA 4.7 min
  epoch 098 | batch 1,000/4,475 (22.3%) | loss 1.0000 (gt 0.1027, kd 0.0183) | 14.0 it/s | elapsed 1.2 min | epoch ETA 4.1 min
  epoch 098 | batch 1,500/4,475 (33.5%) | loss 1.0003 (gt 0.1028, kd 0.0183) | 14.1 it/s | elapsed 1.8 min | epoch ETA 3.5 min
  epoch 098 | batch 2,000/4,475 (44.7%) | loss 1.0001 (gt 0.1028, kd 0.0183) | 14.1 it/s | elapsed 2.4 min | epoch ETA 2.9 min
  epoch 098 | batch 2,500/4,475 (55.9%) | loss 1.0002 (gt 0.1028, kd 0.0183) | 14.1 it/s | elapsed 3.0 min | epoch ETA 2.3 min
  epoch 098 | batch 3,000/4,475 (67.0%) | loss 1.0001 (gt 0.1028, kd 0.0183) | 14.1 it/s | elapsed 3.6 min | epoch ETA 1.7 min
  epoch 098 | batch 3,500/4,475 (78.2%) | loss 1.0003 (gt 0.1028, kd 0.0183) | 14.1 it/s | elapsed 4.1 min | epoch ETA 1.2 min
  epoch 098 | batch 4,000/4,475 (89.4%) | loss 1.0003 (gt 0.1028, kd 0.0183) | 14.1 it/s | elapsed 4.7 min | epoch ETA 0.6 min
Epoch 098 | train 1.000222 (gt 0.102803, kd 0.018322) | val 0.890036 (gt 0.094525, kd 0.015304) | KL end 1.3707 path 1.9273 | rough FDE 1105.2m
  epoch 099 | batch 500/4,475 (11.2%) | loss 0.9983 (gt 0.1028, kd 0.0183) | 14.0 it/s | elapsed 0.6 min | epoch ETA 4.7 min
  epoch 099 | batch 1,000/4,475 (22.3%) | loss 0.9995 (gt 0.1028, kd 0.0183) | 14.0 it/s | elapsed 1.2 min | epoch ETA 4.1 min
  epoch 099 | batch 1,500/4,475 (33.5%) | loss 1.0000 (gt 0.1028, kd 0.0183) | 14.1 it/s | elapsed 1.8 min | epoch ETA 3.5 min
  epoch 099 | batch 2,000/4,475 (44.7%) | loss 0.9996 (gt 0.1027, kd 0.0183) | 14.1 it/s | elapsed 2.4 min | epoch ETA 2.9 min
  epoch 099 | batch 2,500/4,475 (55.9%) | loss 0.9999 (gt 0.1027, kd 0.0183) | 14.1 it/s | elapsed 3.0 min | epoch ETA 2.3 min
  epoch 099 | batch 3,000/4,475 (67.0%) | loss 0.9999 (gt 0.1027, kd 0.0183) | 14.1 it/s | elapsed 3.6 min | epoch ETA 1.7 min
  epoch 099 | batch 3,500/4,475 (78.2%) | loss 0.9996 (gt 0.1027, kd 0.0183) | 14.1 it/s | elapsed 4.1 min | epoch ETA 1.2 min
  epoch 099 | batch 4,000/4,475 (89.4%) | loss 0.9998 (gt 0.1027, kd 0.0183) | 14.1 it/s | elapsed 4.7 min | epoch ETA 0.6 min
Epoch 099 | train 0.999787 (gt 0.102666, kd 0.018320) | val 0.897749 (gt 0.094524, kd 0.015302) | KL end 1.3702 path 1.9320 | rough FDE 1105.1m
  epoch 100 | batch 500/4,475 (11.2%) | loss 1.0008 (gt 0.1025, kd 0.0183) | 14.0 it/s | elapsed 0.6 min | epoch ETA 4.7 min
  epoch 100 | batch 1,000/4,475 (22.3%) | loss 1.0004 (gt 0.1027, kd 0.0184) | 14.0 it/s | elapsed 1.2 min | epoch ETA 4.1 min
  epoch 100 | batch 1,500/4,475 (33.5%) | loss 1.0004 (gt 0.1027, kd 0.0183) | 14.1 it/s | elapsed 1.8 min | epoch ETA 3.5 min
  epoch 100 | batch 2,000/4,475 (44.7%) | loss 1.0004 (gt 0.1028, kd 0.0183) | 14.1 it/s | elapsed 2.4 min | epoch ETA 2.9 min
  epoch 100 | batch 2,500/4,475 (55.9%) | loss 1.0001 (gt 0.1028, kd 0.0183) | 14.1 it/s | elapsed 3.0 min | epoch ETA 2.3 min
  epoch 100 | batch 3,000/4,475 (67.0%) | loss 1.0002 (gt 0.1028, kd 0.0183) | 14.1 it/s | elapsed 3.5 min | epoch ETA 1.7 min
  epoch 100 | batch 3,500/4,475 (78.2%) | loss 1.0000 (gt 0.1028, kd 0.0183) | 14.1 it/s | elapsed 4.1 min | epoch ETA 1.2 min
  epoch 100 | batch 4,000/4,475 (89.4%) | loss 1.0000 (gt 0.1028, kd 0.0183) | 14.1 it/s | elapsed 4.7 min | epoch ETA 0.6 min
Epoch 100 | train 1.000069 (gt 0.102805, kd 0.018336) | val 0.894025 (gt 0.094523, kd 0.015300) | KL end 1.3696 path 1.9339 | rough FDE 1105.0m | proper FDE 1153.6m (teacher 820.8m)  ✓ best
Job finished at Thu Oct  8 13:16:32 PDT 2026 with exit code 0
