Python: /global/home/users/kevingeng/.conda/envs/adsb/bin/python
torch 2.14.1+cu130 | netCDF4 1.7.4
CUDA available: True
Device: NVIDIA GeForce RTX 2080 Ti
Training on cuda — CFM + SWI_DiT distillation (swi_dit_6L_teacher → swi_dit_2L_student, alpha=0.7, seed=42)
Batches per epoch: 4,475 train, 499 val (batch_size=256, num_workers=2)
Teacher: /global/scratch/users/kevingeng/aviation-bayen/AviationDiffusionModelsKishore/training/checkpoints/swi_dit/best_swi_dit.pt (epoch=84, ckpt val_fde=824.5062353116024) | {'obs_len': 43, 'fut_len': 43, 'in_dim': 6, 'd_model': 256, 'n_heads': 8, 'n_layers': 6, 'dropout': 0.1, 'ff_expansion': 3} | 7,249,158 params
Student: {'obs_len': 43, 'fut_len': 43, 'in_dim': 6, 'd_model': 256, 'n_heads': 8, 'n_layers': 2, 'dropout': 0.1, 'ff_expansion': 3} | 2,784,518 params
Teacher val minFDE (this split): 820.8m
  epoch 001 | batch 500/4,475 (11.2%) | loss 0.6875 (gt 1.3036, kd 1.2179) | 10.8 it/s | elapsed 0.8 min | epoch ETA 6.1 min
  epoch 001 | batch 1,000/4,475 (22.3%) | loss 0.7721 (gt 0.8165, kd 0.7311) | 10.9 it/s | elapsed 1.5 min | epoch ETA 5.3 min
  epoch 001 | batch 1,500/4,475 (33.5%) | loss 0.8363 (gt 0.6351, kd 0.5498) | 10.9 it/s | elapsed 2.3 min | epoch ETA 4.6 min
  epoch 001 | batch 2,000/4,475 (44.7%) | loss 0.8723 (gt 0.5378, kd 0.4526) | 10.9 it/s | elapsed 3.1 min | epoch ETA 3.8 min
  epoch 001 | batch 2,500/4,475 (55.9%) | loss 0.8936 (gt 0.4752, kd 0.3901) | 10.9 it/s | elapsed 3.8 min | epoch ETA 3.0 min
  epoch 001 | batch 3,000/4,475 (67.0%) | loss 0.9089 (gt 0.4309, kd 0.3459) | 10.9 it/s | elapsed 4.6 min | epoch ETA 2.3 min
  epoch 001 | batch 3,500/4,475 (78.2%) | loss 0.9205 (gt 0.3977, kd 0.3128) | 10.9 it/s | elapsed 5.3 min | epoch ETA 1.5 min
  epoch 001 | batch 4,000/4,475 (89.4%) | loss 0.9292 (gt 0.3719, kd 0.2871) | 10.9 it/s | elapsed 6.1 min | epoch ETA 0.7 min
Epoch 001 | train 0.935980 (gt 0.352178, kd 0.267349) | val 14.430521 (gt 2.149031, kd 2.069508) | KL end 8.1523 path 11.3163 | rough FDE 29152.8m
  epoch 002 | batch 500/4,475 (11.2%) | loss 0.9931 (gt 0.1799, kd 0.0954) | 10.9 it/s | elapsed 0.8 min | epoch ETA 6.1 min
  epoch 002 | batch 1,000/4,475 (22.3%) | loss 0.9936 (gt 0.1778, kd 0.0932) | 10.9 it/s | elapsed 1.5 min | epoch ETA 5.3 min
  epoch 002 | batch 1,500/4,475 (33.5%) | loss 0.9943 (gt 0.1758, kd 0.0912) | 10.9 it/s | elapsed 2.3 min | epoch ETA 4.6 min
  epoch 002 | batch 2,000/4,475 (44.7%) | loss 0.9940 (gt 0.1739, kd 0.0894) | 10.9 it/s | elapsed 3.1 min | epoch ETA 3.8 min
  epoch 002 | batch 2,500/4,475 (55.9%) | loss 0.9943 (gt 0.1721, kd 0.0876) | 10.9 it/s | elapsed 3.8 min | epoch ETA 3.0 min
  epoch 002 | batch 3,000/4,475 (67.0%) | loss 0.9947 (gt 0.1704, kd 0.0860) | 10.9 it/s | elapsed 4.6 min | epoch ETA 2.3 min
  epoch 002 | batch 3,500/4,475 (78.2%) | loss 0.9946 (gt 0.1689, kd 0.0844) | 10.9 it/s | elapsed 5.4 min | epoch ETA 1.5 min
  epoch 002 | batch 4,000/4,475 (89.4%) | loss 0.9949 (gt 0.1675, kd 0.0830) | 10.9 it/s | elapsed 6.1 min | epoch ETA 0.7 min
Epoch 002 | train 0.995058 (gt 0.166186, kd 0.081751) | val 11.106953 (gt 1.306240, kd 1.225973) | KL end 7.3040 path 10.2632 | rough FDE 18879.2m
  epoch 003 | batch 500/4,475 (11.2%) | loss 0.9980 (gt 0.1542, kd 0.0692) | 10.8 it/s | elapsed 0.8 min | epoch ETA 6.1 min
  epoch 003 | batch 1,000/4,475 (22.3%) | loss 0.9962 (gt 0.1531, kd 0.0683) | 10.8 it/s | elapsed 1.5 min | epoch ETA 5.3 min
  epoch 003 | batch 1,500/4,475 (33.5%) | loss 0.9968 (gt 0.1519, kd 0.0673) | 10.9 it/s | elapsed 2.3 min | epoch ETA 4.6 min
  epoch 003 | batch 2,000/4,475 (44.7%) | loss 0.9972 (gt 0.1510, kd 0.0665) | 10.9 it/s | elapsed 3.1 min | epoch ETA 3.8 min
  epoch 003 | batch 2,500/4,475 (55.9%) | loss 0.9973 (gt 0.1504, kd 0.0659) | 10.9 it/s | elapsed 3.8 min | epoch ETA 3.0 min
  epoch 003 | batch 3,000/4,475 (67.0%) | loss 0.9974 (gt 0.1498, kd 0.0652) | 10.9 it/s | elapsed 4.6 min | epoch ETA 2.3 min
  epoch 003 | batch 3,500/4,475 (78.2%) | loss 0.9971 (gt 0.1491, kd 0.0646) | 10.9 it/s | elapsed 5.4 min | epoch ETA 1.5 min
  epoch 003 | batch 4,000/4,475 (89.4%) | loss 0.9975 (gt 0.1485, kd 0.0640) | 10.9 it/s | elapsed 6.1 min | epoch ETA 0.7 min
Epoch 003 | train 0.997449 (gt 0.147969, kd 0.063450) | val 6.725553 (gt 0.712035, kd 0.630774) | KL end 6.2610 path 8.7428 | rough FDE 10021.5m
  epoch 004 | batch 500/4,475 (11.2%) | loss 0.9971 (gt 0.1417, kd 0.0573) | 10.9 it/s | elapsed 0.8 min | epoch ETA 6.1 min
  epoch 004 | batch 1,000/4,475 (22.3%) | loss 0.9981 (gt 0.1416, kd 0.0571) | 10.9 it/s | elapsed 1.5 min | epoch ETA 5.3 min
  epoch 004 | batch 1,500/4,475 (33.5%) | loss 0.9979 (gt 0.1413, kd 0.0567) | 10.9 it/s | elapsed 2.3 min | epoch ETA 4.6 min
  epoch 004 | batch 2,000/4,475 (44.7%) | loss 0.9983 (gt 0.1407, kd 0.0562) | 10.9 it/s | elapsed 3.1 min | epoch ETA 3.8 min
  epoch 004 | batch 2,500/4,475 (55.9%) | loss 0.9984 (gt 0.1403, kd 0.0558) | 10.9 it/s | elapsed 3.8 min | epoch ETA 3.0 min
  epoch 004 | batch 3,000/4,475 (67.0%) | loss 0.9980 (gt 0.1399, kd 0.0553) | 10.9 it/s | elapsed 4.6 min | epoch ETA 2.3 min
  epoch 004 | batch 3,500/4,475 (78.2%) | loss 0.9981 (gt 0.1394, kd 0.0549) | 10.9 it/s | elapsed 5.4 min | epoch ETA 1.5 min
  epoch 004 | batch 4,000/4,475 (89.4%) | loss 0.9984 (gt 0.1391, kd 0.0545) | 10.9 it/s | elapsed 6.1 min | epoch ETA 0.7 min
Epoch 004 | train 0.998097 (gt 0.138620, kd 0.054123) | val 3.820692 (gt 0.386392, kd 0.305371) | KL end 5.1575 path 7.4317 | rough FDE 5340.9m
  epoch 005 | batch 500/4,475 (11.2%) | loss 0.9987 (gt 0.1343, kd 0.0501) | 10.9 it/s | elapsed 0.8 min | epoch ETA 6.1 min
  epoch 005 | batch 1,000/4,475 (22.3%) | loss 0.9990 (gt 0.1343, kd 0.0498) | 10.9 it/s | elapsed 1.5 min | epoch ETA 5.3 min
  epoch 005 | batch 1,500/4,475 (33.5%) | loss 0.9987 (gt 0.1340, kd 0.0495) | 10.9 it/s | elapsed 2.3 min | epoch ETA 4.6 min
  epoch 005 | batch 2,000/4,475 (44.7%) | loss 0.9982 (gt 0.1335, kd 0.0491) | 10.9 it/s | elapsed 3.1 min | epoch ETA 3.8 min
  epoch 005 | batch 2,500/4,475 (55.9%) | loss 0.9984 (gt 0.1331, kd 0.0487) | 10.9 it/s | elapsed 3.8 min | epoch ETA 3.0 min
  epoch 005 | batch 3,000/4,475 (67.0%) | loss 0.9986 (gt 0.1327, kd 0.0484) | 10.9 it/s | elapsed 4.6 min | epoch ETA 2.3 min
  epoch 005 | batch 3,500/4,475 (78.2%) | loss 0.9985 (gt 0.1324, kd 0.0480) | 10.9 it/s | elapsed 5.3 min | epoch ETA 1.5 min
  epoch 005 | batch 4,000/4,475 (89.4%) | loss 0.9986 (gt 0.1320, kd 0.0477) | 10.9 it/s | elapsed 6.1 min | epoch ETA 0.7 min
Epoch 005 | train 0.998539 (gt 0.131804, kd 0.047404) | val 2.371081 (gt 0.240104, kd 0.159665) | KL end 3.9595 path 6.2176 | rough FDE 3294.4m | proper FDE 3432.9m (teacher 820.8m)  ✓ best
  epoch 006 | batch 500/4,475 (11.2%) | loss 0.9994 (gt 0.1295, kd 0.0444) | 10.9 it/s | elapsed 0.8 min | epoch ETA 6.1 min
  epoch 006 | batch 1,000/4,475 (22.3%) | loss 0.9988 (gt 0.1288, kd 0.0440) | 10.9 it/s | elapsed 1.5 min | epoch ETA 5.3 min
  epoch 006 | batch 1,500/4,475 (33.5%) | loss 0.9986 (gt 0.1285, kd 0.0438) | 10.9 it/s | elapsed 2.3 min | epoch ETA 4.6 min
  epoch 006 | batch 2,000/4,475 (44.7%) | loss 0.9991 (gt 0.1282, kd 0.0436) | 10.9 it/s | elapsed 3.1 min | epoch ETA 3.8 min
  epoch 006 | batch 2,500/4,475 (55.9%) | loss 0.9987 (gt 0.1279, kd 0.0433) | 10.9 it/s | elapsed 3.8 min | epoch ETA 3.0 min
  epoch 006 | batch 3,000/4,475 (67.0%) | loss 0.9986 (gt 0.1276, kd 0.0431) | 10.9 it/s | elapsed 4.6 min | epoch ETA 2.3 min
  epoch 006 | batch 3,500/4,475 (78.2%) | loss 0.9989 (gt 0.1274, kd 0.0428) | 10.9 it/s | elapsed 5.4 min | epoch ETA 1.5 min
  epoch 006 | batch 4,000/4,475 (89.4%) | loss 0.9990 (gt 0.1272, kd 0.0427) | 10.9 it/s | elapsed 6.1 min | epoch ETA 0.7 min
Epoch 006 | train 0.998894 (gt 0.127009, kd 0.042481) | val 1.685750 (gt 0.175862, kd 0.095683) | KL end 3.1440 path 5.0520 | rough FDE 2293.9m
  epoch 007 | batch 500/4,475 (11.2%) | loss 0.9980 (gt 0.1253, kd 0.0406) | 10.9 it/s | elapsed 0.8 min | epoch ETA 6.1 min
  epoch 007 | batch 1,000/4,475 (22.3%) | loss 0.9987 (gt 0.1248, kd 0.0403) | 10.9 it/s | elapsed 1.5 min | epoch ETA 5.3 min
  epoch 007 | batch 1,500/4,475 (33.5%) | loss 0.9987 (gt 0.1246, kd 0.0401) | 10.9 it/s | elapsed 2.3 min | epoch ETA 4.5 min
  epoch 007 | batch 2,000/4,475 (44.7%) | loss 0.9991 (gt 0.1244, kd 0.0399) | 10.9 it/s | elapsed 3.1 min | epoch ETA 3.8 min
  epoch 007 | batch 2,500/4,475 (55.9%) | loss 0.9992 (gt 0.1242, kd 0.0397) | 10.9 it/s | elapsed 3.8 min | epoch ETA 3.0 min
  epoch 007 | batch 3,000/4,475 (67.0%) | loss 0.9989 (gt 0.1240, kd 0.0395) | 10.9 it/s | elapsed 4.6 min | epoch ETA 2.3 min
  epoch 007 | batch 3,500/4,475 (78.2%) | loss 0.9991 (gt 0.1239, kd 0.0394) | 10.9 it/s | elapsed 5.3 min | epoch ETA 1.5 min
  epoch 007 | batch 4,000/4,475 (89.4%) | loss 0.9992 (gt 0.1237, kd 0.0392) | 10.9 it/s | elapsed 6.1 min | epoch ETA 0.7 min
Epoch 007 | train 0.999191 (gt 0.123631, kd 0.039109) | val 1.330874 (gt 0.144350, kd 0.064333) | KL end 2.6795 path 4.2265 | rough FDE 1794.0m
  epoch 008 | batch 500/4,475 (11.2%) | loss 0.9993 (gt 0.1220, kd 0.0377) | 10.9 it/s | elapsed 0.8 min | epoch ETA 6.1 min
  epoch 008 | batch 1,000/4,475 (22.3%) | loss 0.9989 (gt 0.1218, kd 0.0374) | 10.9 it/s | elapsed 1.5 min | epoch ETA 5.3 min
  epoch 008 | batch 1,500/4,475 (33.5%) | loss 0.9990 (gt 0.1218, kd 0.0374) | 10.9 it/s | elapsed 2.3 min | epoch ETA 4.5 min
  epoch 008 | batch 2,000/4,475 (44.7%) | loss 0.9992 (gt 0.1217, kd 0.0373) | 10.9 it/s | elapsed 3.1 min | epoch ETA 3.8 min
  epoch 008 | batch 2,500/4,475 (55.9%) | loss 0.9990 (gt 0.1216, kd 0.0371) | 10.9 it/s | elapsed 3.8 min | epoch ETA 3.0 min
  epoch 008 | batch 3,000/4,475 (67.0%) | loss 0.9991 (gt 0.1215, kd 0.0370) | 10.9 it/s | elapsed 4.6 min | epoch ETA 2.3 min
  epoch 008 | batch 3,500/4,475 (78.2%) | loss 0.9990 (gt 0.1213, kd 0.0369) | 10.9 it/s | elapsed 5.3 min | epoch ETA 1.5 min
  epoch 008 | batch 4,000/4,475 (89.4%) | loss 0.9991 (gt 0.1212, kd 0.0367) | 10.9 it/s | elapsed 6.1 min | epoch ETA 0.7 min
Epoch 008 | train 0.999087 (gt 0.121027, kd 0.036617) | val 1.150116 (gt 0.127414, kd 0.047606) | KL end 2.4079 path 3.6847 | rough FDE 1554.0m
  epoch 009 | batch 500/4,475 (11.2%) | loss 1.0007 (gt 0.1199, kd 0.0355) | 10.8 it/s | elapsed 0.8 min | epoch ETA 6.1 min
  epoch 009 | batch 1,000/4,475 (22.3%) | loss 1.0002 (gt 0.1199, kd 0.0353) | 10.9 it/s | elapsed 1.5 min | epoch ETA 5.3 min
  epoch 009 | batch 1,500/4,475 (33.5%) | loss 0.9997 (gt 0.1198, kd 0.0352) | 10.9 it/s | elapsed 2.3 min | epoch ETA 4.6 min
  epoch 009 | batch 2,000/4,475 (44.7%) | loss 0.9998 (gt 0.1197, kd 0.0351) | 10.9 it/s | elapsed 3.1 min | epoch ETA 3.8 min
  epoch 009 | batch 2,500/4,475 (55.9%) | loss 0.9998 (gt 0.1196, kd 0.0350) | 10.9 it/s | elapsed 3.8 min | epoch ETA 3.0 min
  epoch 009 | batch 3,000/4,475 (67.0%) | loss 0.9996 (gt 0.1195, kd 0.0349) | 10.9 it/s | elapsed 4.6 min | epoch ETA 2.3 min
  epoch 009 | batch 3,500/4,475 (78.2%) | loss 0.9997 (gt 0.1194, kd 0.0348) | 10.9 it/s | elapsed 5.3 min | epoch ETA 1.5 min
  epoch 009 | batch 4,000/4,475 (89.4%) | loss 0.9996 (gt 0.1193, kd 0.0347) | 10.9 it/s | elapsed 6.1 min | epoch ETA 0.7 min
Epoch 009 | train 0.999473 (gt 0.119132, kd 0.034628) | val 1.043842 (gt 0.118174, kd 0.038567) | KL end 2.2457 path 3.3219 | rough FDE 1436.3m
  epoch 010 | batch 500/4,475 (11.2%) | loss 0.9994 (gt 0.1183, kd 0.0336) | 10.9 it/s | elapsed 0.8 min | epoch ETA 6.1 min
  epoch 010 | batch 1,000/4,475 (22.3%) | loss 0.9993 (gt 0.1179, kd 0.0335) | 10.9 it/s | elapsed 1.5 min | epoch ETA 5.3 min
  epoch 010 | batch 1,500/4,475 (33.5%) | loss 0.9996 (gt 0.1179, kd 0.0335) | 10.9 it/s | elapsed 2.3 min | epoch ETA 4.5 min
  epoch 010 | batch 2,000/4,475 (44.7%) | loss 0.9995 (gt 0.1178, kd 0.0334) | 10.9 it/s | elapsed 3.1 min | epoch ETA 3.8 min
  epoch 010 | batch 2,500/4,475 (55.9%) | loss 0.9997 (gt 0.1178, kd 0.0333) | 10.9 it/s | elapsed 3.8 min | epoch ETA 3.0 min
  epoch 010 | batch 3,000/4,475 (67.0%) | loss 0.9996 (gt 0.1177, kd 0.0332) | 10.9 it/s | elapsed 4.6 min | epoch ETA 2.3 min
  epoch 010 | batch 3,500/4,475 (78.2%) | loss 0.9995 (gt 0.1176, kd 0.0331) | 10.9 it/s | elapsed 5.3 min | epoch ETA 1.5 min
  epoch 010 | batch 4,000/4,475 (89.4%) | loss 0.9995 (gt 0.1175, kd 0.0330) | 10.9 it/s | elapsed 6.1 min | epoch ETA 0.7 min
Epoch 010 | train 0.999341 (gt 0.117390, kd 0.032945) | val 0.995475 (gt 0.112847, kd 0.033424) | KL end 2.1471 path 3.0923 | rough FDE 1366.2m | proper FDE 1544.4m (teacher 820.8m)  ✓ best
  epoch 011 | batch 500/4,475 (11.2%) | loss 1.0005 (gt 0.1166, kd 0.0323) | 10.9 it/s | elapsed 0.8 min | epoch ETA 6.1 min
  epoch 011 | batch 1,000/4,475 (22.3%) | loss 1.0002 (gt 0.1167, kd 0.0321) | 10.9 it/s | elapsed 1.5 min | epoch ETA 5.3 min
  epoch 011 | batch 1,500/4,475 (33.5%) | loss 1.0003 (gt 0.1166, kd 0.0321) | 10.9 it/s | elapsed 2.3 min | epoch ETA 4.5 min
  epoch 011 | batch 2,000/4,475 (44.7%) | loss 0.9999 (gt 0.1165, kd 0.0320) | 10.9 it/s | elapsed 3.1 min | epoch ETA 3.8 min
  epoch 011 | batch 2,500/4,475 (55.9%) | loss 0.9997 (gt 0.1163, kd 0.0319) | 10.9 it/s | elapsed 3.8 min | epoch ETA 3.0 min
  epoch 011 | batch 3,000/4,475 (67.0%) | loss 0.9999 (gt 0.1163, kd 0.0318) | 10.9 it/s | elapsed 4.6 min | epoch ETA 2.3 min
  epoch 011 | batch 3,500/4,475 (78.2%) | loss 0.9998 (gt 0.1162, kd 0.0317) | 10.9 it/s | elapsed 5.3 min | epoch ETA 1.5 min
  epoch 011 | batch 4,000/4,475 (89.4%) | loss 0.9997 (gt 0.1162, kd 0.0317) | 10.9 it/s | elapsed 6.1 min | epoch ETA 0.7 min
Epoch 011 | train 0.999647 (gt 0.116058, kd 0.031591) | val 0.958415 (gt 0.109407, kd 0.030139) | KL end 2.0589 path 2.9166 | rough FDE 1322.7m
  epoch 012 | batch 500/4,475 (11.2%) | loss 0.9991 (gt 0.1151, kd 0.0309) | 10.9 it/s | elapsed 0.8 min | epoch ETA 6.1 min
  epoch 012 | batch 1,000/4,475 (22.3%) | loss 0.9998 (gt 0.1151, kd 0.0308) | 10.9 it/s | elapsed 1.5 min | epoch ETA 5.3 min
  epoch 012 | batch 1,500/4,475 (33.5%) | loss 0.9998 (gt 0.1152, kd 0.0308) | 10.9 it/s | elapsed 2.3 min | epoch ETA 4.5 min
  epoch 012 | batch 2,000/4,475 (44.7%) | loss 0.9994 (gt 0.1151, kd 0.0307) | 10.9 it/s | elapsed 3.1 min | epoch ETA 3.8 min
  epoch 012 | batch 2,500/4,475 (55.9%) | loss 0.9998 (gt 0.1151, kd 0.0306) | 10.9 it/s | elapsed 3.8 min | epoch ETA 3.0 min
  epoch 012 | batch 3,000/4,475 (67.0%) | loss 0.9999 (gt 0.1150, kd 0.0306) | 10.9 it/s | elapsed 4.6 min | epoch ETA 2.3 min
  epoch 012 | batch 3,500/4,475 (78.2%) | loss 0.9997 (gt 0.1150, kd 0.0305) | 10.9 it/s | elapsed 5.3 min | epoch ETA 1.5 min
  epoch 012 | batch 4,000/4,475 (89.4%) | loss 0.9997 (gt 0.1149, kd 0.0305) | 10.9 it/s | elapsed 6.1 min | epoch ETA 0.7 min
Epoch 012 | train 0.999713 (gt 0.114854, kd 0.030409) | val 0.932576 (gt 0.107001, kd 0.027834) | KL end 1.9602 path 2.7605 | rough FDE 1292.0m
  epoch 013 | batch 500/4,475 (11.2%) | loss 0.9967 (gt 0.1138, kd 0.0296) | 10.9 it/s | elapsed 0.8 min | epoch ETA 6.1 min
  epoch 013 | batch 1,000/4,475 (22.3%) | loss 0.9986 (gt 0.1139, kd 0.0296) | 10.9 it/s | elapsed 1.5 min | epoch ETA 5.3 min
  epoch 013 | batch 1,500/4,475 (33.5%) | loss 0.9993 (gt 0.1139, kd 0.0296) | 10.9 it/s | elapsed 2.3 min | epoch ETA 4.5 min
  epoch 013 | batch 2,000/4,475 (44.7%) | loss 0.9992 (gt 0.1139, kd 0.0295) | 10.9 it/s | elapsed 3.1 min | epoch ETA 3.8 min
  epoch 013 | batch 2,500/4,475 (55.9%) | loss 0.9994 (gt 0.1138, kd 0.0295) | 10.9 it/s | elapsed 3.8 min | epoch ETA 3.0 min
  epoch 013 | batch 3,000/4,475 (67.0%) | loss 0.9994 (gt 0.1138, kd 0.0294) | 10.9 it/s | elapsed 4.6 min | epoch ETA 2.3 min
  epoch 013 | batch 3,500/4,475 (78.2%) | loss 0.9995 (gt 0.1138, kd 0.0294) | 10.9 it/s | elapsed 5.3 min | epoch ETA 1.5 min
  epoch 013 | batch 4,000/4,475 (89.4%) | loss 0.9997 (gt 0.1138, kd 0.0293) | 10.9 it/s | elapsed 6.1 min | epoch ETA 0.7 min
Epoch 013 | train 0.999444 (gt 0.113714, kd 0.029307) | val 0.925764 (gt 0.105164, kd 0.026070) | KL end 1.8629 path 2.6205 | rough FDE 1272.4m
  epoch 014 | batch 500/4,475 (11.2%) | loss 1.0003 (gt 0.1133, kd 0.0287) | 10.9 it/s | elapsed 0.8 min | epoch ETA 6.1 min
  epoch 014 | batch 1,000/4,475 (22.3%) | loss 0.9996 (gt 0.1129, kd 0.0286) | 10.9 it/s | elapsed 1.5 min | epoch ETA 5.3 min
  epoch 014 | batch 1,500/4,475 (33.5%) | loss 0.9999 (gt 0.1129, kd 0.0285) | 10.9 it/s | elapsed 2.3 min | epoch ETA 4.5 min
  epoch 014 | batch 2,000/4,475 (44.7%) | loss 0.9998 (gt 0.1129, kd 0.0285) | 10.9 it/s | elapsed 3.1 min | epoch ETA 3.8 min
  epoch 014 | batch 2,500/4,475 (55.9%) | loss 0.9998 (gt 0.1130, kd 0.0285) | 10.9 it/s | elapsed 3.8 min | epoch ETA 3.0 min
  epoch 014 | batch 3,000/4,475 (67.0%) | loss 0.9999 (gt 0.1130, kd 0.0285) | 10.9 it/s | elapsed 4.6 min | epoch ETA 2.3 min
  epoch 014 | batch 3,500/4,475 (78.2%) | loss 0.9997 (gt 0.1129, kd 0.0284) | 10.9 it/s | elapsed 5.3 min | epoch ETA 1.5 min
  epoch 014 | batch 4,000/4,475 (89.4%) | loss 0.9995 (gt 0.1128, kd 0.0284) | 10.9 it/s | elapsed 6.1 min | epoch ETA 0.7 min
Epoch 014 | train 0.999797 (gt 0.112767, kd 0.028354) | val 0.908809 (gt 0.103669, kd 0.024629) | KL end 1.7873 path 2.5100 | rough FDE 1261.9m
  epoch 015 | batch 500/4,475 (11.2%) | loss 1.0010 (gt 0.1129, kd 0.0280) | 10.9 it/s | elapsed 0.8 min | epoch ETA 6.1 min
  epoch 015 | batch 1,000/4,475 (22.3%) | loss 0.9993 (gt 0.1125, kd 0.0279) | 10.9 it/s | elapsed 1.5 min | epoch ETA 5.3 min
  epoch 015 | batch 1,500/4,475 (33.5%) | loss 0.9998 (gt 0.1123, kd 0.0278) | 10.9 it/s | elapsed 2.3 min | epoch ETA 4.5 min
  epoch 015 | batch 2,000/4,475 (44.7%) | loss 0.9995 (gt 0.1123, kd 0.0277) | 11.0 it/s | elapsed 3.0 min | epoch ETA 3.8 min
  epoch 015 | batch 2,500/4,475 (55.9%) | loss 0.9997 (gt 0.1123, kd 0.0277) | 11.0 it/s | elapsed 3.8 min | epoch ETA 3.0 min
  epoch 015 | batch 3,000/4,475 (67.0%) | loss 0.9996 (gt 0.1122, kd 0.0277) | 11.0 it/s | elapsed 4.6 min | epoch ETA 2.2 min
  epoch 015 | batch 3,500/4,475 (78.2%) | loss 0.9997 (gt 0.1122, kd 0.0276) | 11.0 it/s | elapsed 5.3 min | epoch ETA 1.5 min
  epoch 015 | batch 4,000/4,475 (89.4%) | loss 0.9996 (gt 0.1122, kd 0.0276) | 11.0 it/s | elapsed 6.1 min | epoch ETA 0.7 min
Epoch 015 | train 0.999555 (gt 0.112082, kd 0.027523) | val 0.905567 (gt 0.102452, kd 0.023443) | KL end 1.7172 path 2.4085 | rough FDE 1245.5m | proper FDE 1340.4m (teacher 820.8m)  ✓ best
  epoch 016 | batch 500/4,475 (11.2%) | loss 0.9997 (gt 0.1114, kd 0.0270) | 10.9 it/s | elapsed 0.8 min | epoch ETA 6.1 min
  epoch 016 | batch 1,000/4,475 (22.3%) | loss 0.9999 (gt 0.1113, kd 0.0269) | 10.9 it/s | elapsed 1.5 min | epoch ETA 5.3 min
  epoch 016 | batch 1,500/4,475 (33.5%) | loss 1.0000 (gt 0.1113, kd 0.0269) | 10.9 it/s | elapsed 2.3 min | epoch ETA 4.5 min
  epoch 016 | batch 2,000/4,475 (44.7%) | loss 0.9997 (gt 0.1113, kd 0.0269) | 11.0 it/s | elapsed 3.0 min | epoch ETA 3.8 min
  epoch 016 | batch 2,500/4,475 (55.9%) | loss 0.9998 (gt 0.1113, kd 0.0269) | 11.0 it/s | elapsed 3.8 min | epoch ETA 3.0 min
  epoch 016 | batch 3,000/4,475 (67.0%) | loss 0.9999 (gt 0.1113, kd 0.0269) | 11.0 it/s | elapsed 4.6 min | epoch ETA 2.2 min
  epoch 016 | batch 3,500/4,475 (78.2%) | loss 0.9999 (gt 0.1112, kd 0.0268) | 11.0 it/s | elapsed 5.3 min | epoch ETA 1.5 min
  epoch 016 | batch 4,000/4,475 (89.4%) | loss 0.9998 (gt 0.1112, kd 0.0268) | 11.0 it/s | elapsed 6.1 min | epoch ETA 0.7 min
Epoch 016 | train 0.999592 (gt 0.111095, kd 0.026731) | val 0.904362 (gt 0.101474, kd 0.022483) | KL end 1.6590 path 2.3275 | rough FDE 1228.8m
  epoch 017 | batch 500/4,475 (11.2%) | loss 1.0035 (gt 0.1113, kd 0.0266) | 10.9 it/s | elapsed 0.8 min | epoch ETA 6.1 min
  epoch 017 | batch 1,000/4,475 (22.3%) | loss 1.0005 (gt 0.1111, kd 0.0264) | 10.9 it/s | elapsed 1.5 min | epoch ETA 5.3 min
  epoch 017 | batch 1,500/4,475 (33.5%) | loss 1.0004 (gt 0.1109, kd 0.0263) | 10.9 it/s | elapsed 2.3 min | epoch ETA 4.5 min
  epoch 017 | batch 2,000/4,475 (44.7%) | loss 1.0000 (gt 0.1109, kd 0.0263) | 10.9 it/s | elapsed 3.0 min | epoch ETA 3.8 min
  epoch 017 | batch 2,500/4,475 (55.9%) | loss 1.0001 (gt 0.1107, kd 0.0262) | 10.9 it/s | elapsed 3.8 min | epoch ETA 3.0 min
  epoch 017 | batch 3,000/4,475 (67.0%) | loss 0.9999 (gt 0.1106, kd 0.0262) | 11.0 it/s | elapsed 4.6 min | epoch ETA 2.2 min
  epoch 017 | batch 3,500/4,475 (78.2%) | loss 1.0000 (gt 0.1106, kd 0.0261) | 11.0 it/s | elapsed 5.3 min | epoch ETA 1.5 min
  epoch 017 | batch 4,000/4,475 (89.4%) | loss 0.9999 (gt 0.1106, kd 0.0261) | 11.0 it/s | elapsed 6.1 min | epoch ETA 0.7 min
Epoch 017 | train 0.999861 (gt 0.110501, kd 0.026043) | val 0.893801 (gt 0.100609, kd 0.021644) | KL end 1.6079 path 2.2463 | rough FDE 1213.1m
  epoch 018 | batch 500/4,475 (11.2%) | loss 1.0010 (gt 0.1104, kd 0.0257) | 10.9 it/s | elapsed 0.8 min | epoch ETA 6.1 min
  epoch 018 | batch 1,000/4,475 (22.3%) | loss 0.9995 (gt 0.1102, kd 0.0256) | 10.9 it/s | elapsed 1.5 min | epoch ETA 5.3 min
  epoch 018 | batch 1,500/4,475 (33.5%) | loss 0.9997 (gt 0.1102, kd 0.0256) | 10.9 it/s | elapsed 2.3 min | epoch ETA 4.5 min
  epoch 018 | batch 2,000/4,475 (44.7%) | loss 0.9998 (gt 0.1101, kd 0.0256) | 10.9 it/s | elapsed 3.0 min | epoch ETA 3.8 min
  epoch 018 | batch 2,500/4,475 (55.9%) | loss 0.9998 (gt 0.1100, kd 0.0255) | 10.9 it/s | elapsed 3.8 min | epoch ETA 3.0 min
  epoch 018 | batch 3,000/4,475 (67.0%) | loss 0.9998 (gt 0.1100, kd 0.0255) | 10.9 it/s | elapsed 4.6 min | epoch ETA 2.2 min
  epoch 018 | batch 3,500/4,475 (78.2%) | loss 0.9998 (gt 0.1098, kd 0.0254) | 10.9 it/s | elapsed 5.3 min | epoch ETA 1.5 min
  epoch 018 | batch 4,000/4,475 (89.4%) | loss 0.9999 (gt 0.1098, kd 0.0254) | 10.9 it/s | elapsed 6.1 min | epoch ETA 0.7 min
Epoch 018 | train 0.999739 (gt 0.109792, kd 0.025377) | val 0.889641 (gt 0.099847, kd 0.020898) | KL end 1.5643 path 2.1765 | rough FDE 1195.7m
  epoch 019 | batch 500/4,475 (11.2%) | loss 0.9998 (gt 0.1094, kd 0.0250) | 10.9 it/s | elapsed 0.8 min | epoch ETA 6.1 min
  epoch 019 | batch 1,000/4,475 (22.3%) | loss 1.0004 (gt 0.1097, kd 0.0250) | 10.9 it/s | elapsed 1.5 min | epoch ETA 5.3 min
  epoch 019 | batch 1,500/4,475 (33.5%) | loss 1.0002 (gt 0.1097, kd 0.0249) | 10.9 it/s | elapsed 2.3 min | epoch ETA 4.5 min
  epoch 019 | batch 2,000/4,475 (44.7%) | loss 1.0000 (gt 0.1097, kd 0.0250) | 10.9 it/s | elapsed 3.1 min | epoch ETA 3.8 min
  epoch 019 | batch 2,500/4,475 (55.9%) | loss 0.9997 (gt 0.1096, kd 0.0249) | 10.9 it/s | elapsed 3.8 min | epoch ETA 3.0 min
  epoch 019 | batch 3,000/4,475 (67.0%) | loss 0.9998 (gt 0.1094, kd 0.0249) | 10.9 it/s | elapsed 4.6 min | epoch ETA 2.2 min
  epoch 019 | batch 3,500/4,475 (78.2%) | loss 0.9997 (gt 0.1094, kd 0.0249) | 10.9 it/s | elapsed 5.3 min | epoch ETA 1.5 min
  epoch 019 | batch 4,000/4,475 (89.4%) | loss 0.9997 (gt 0.1093, kd 0.0248) | 10.9 it/s | elapsed 6.1 min | epoch ETA 0.7 min
Epoch 019 | train 0.999772 (gt 0.109278, kd 0.024780) | val 0.884898 (gt 0.099172, kd 0.020215) | KL end 1.5299 path 2.1169 | rough FDE 1182.0m
  epoch 020 | batch 500/4,475 (11.2%) | loss 0.9993 (gt 0.1089, kd 0.0244) | 10.9 it/s | elapsed 0.8 min | epoch ETA 6.1 min
  epoch 020 | batch 1,000/4,475 (22.3%) | loss 0.9987 (gt 0.1086, kd 0.0244) | 10.9 it/s | elapsed 1.5 min | epoch ETA 5.3 min
  epoch 020 | batch 1,500/4,475 (33.5%) | loss 1.0000 (gt 0.1088, kd 0.0244) | 10.9 it/s | elapsed 2.3 min | epoch ETA 4.5 min
  epoch 020 | batch 2,000/4,475 (44.7%) | loss 0.9997 (gt 0.1087, kd 0.0243) | 10.9 it/s | elapsed 3.1 min | epoch ETA 3.8 min
  epoch 020 | batch 2,500/4,475 (55.9%) | loss 0.9996 (gt 0.1087, kd 0.0243) | 10.9 it/s | elapsed 3.8 min | epoch ETA 3.0 min
  epoch 020 | batch 3,000/4,475 (67.0%) | loss 0.9998 (gt 0.1087, kd 0.0242) | 10.9 it/s | elapsed 4.6 min | epoch ETA 2.3 min
  epoch 020 | batch 3,500/4,475 (78.2%) | loss 0.9998 (gt 0.1087, kd 0.0242) | 10.9 it/s | elapsed 5.3 min | epoch ETA 1.5 min
  epoch 020 | batch 4,000/4,475 (89.4%) | loss 0.9998 (gt 0.1087, kd 0.0242) | 10.9 it/s | elapsed 6.1 min | epoch ETA 0.7 min
Epoch 020 | train 0.999520 (gt 0.108601, kd 0.024151) | val 0.891413 (gt 0.098563, kd 0.019592) | KL end 1.5013 path 2.0631 | rough FDE 1171.0m | proper FDE 1258.9m (teacher 820.8m)  ✓ best
  epoch 021 | batch 500/4,475 (11.2%) | loss 1.0024 (gt 0.1086, kd 0.0238) | 10.9 it/s | elapsed 0.8 min | epoch ETA 6.1 min
  epoch 021 | batch 1,000/4,475 (22.3%) | loss 1.0001 (gt 0.1085, kd 0.0238) | 10.9 it/s | elapsed 1.5 min | epoch ETA 5.3 min
  epoch 021 | batch 1,500/4,475 (33.5%) | loss 1.0002 (gt 0.1083, kd 0.0238) | 10.9 it/s | elapsed 2.3 min | epoch ETA 4.5 min
  epoch 021 | batch 2,000/4,475 (44.7%) | loss 1.0005 (gt 0.1083, kd 0.0237) | 10.9 it/s | elapsed 3.1 min | epoch ETA 3.8 min
  epoch 021 | batch 2,500/4,475 (55.9%) | loss 1.0004 (gt 0.1082, kd 0.0237) | 10.9 it/s | elapsed 3.8 min | epoch ETA 3.0 min
  epoch 021 | batch 3,000/4,475 (67.0%) | loss 1.0003 (gt 0.1082, kd 0.0237) | 10.9 it/s | elapsed 4.6 min | epoch ETA 2.2 min
  epoch 021 | batch 3,500/4,475 (78.2%) | loss 1.0001 (gt 0.1082, kd 0.0237) | 10.9 it/s | elapsed 5.3 min | epoch ETA 1.5 min
  epoch 021 | batch 4,000/4,475 (89.4%) | loss 0.9999 (gt 0.1081, kd 0.0237) | 10.9 it/s | elapsed 6.1 min | epoch ETA 0.7 min
Epoch 021 | train 1.000065 (gt 0.108121, kd 0.023624) | val 0.877012 (gt 0.098014, kd 0.019019) | KL end 1.4741 path 1.9994 | rough FDE 1160.4m
  epoch 022 | batch 500/4,475 (11.2%) | loss 1.0006 (gt 0.1082, kd 0.0235) | 10.9 it/s | elapsed 0.8 min | epoch ETA 6.1 min
  epoch 022 | batch 1,000/4,475 (22.3%) | loss 0.9996 (gt 0.1080, kd 0.0233) | 10.9 it/s | elapsed 1.5 min | epoch ETA 5.3 min
  epoch 022 | batch 1,500/4,475 (33.5%) | loss 0.9995 (gt 0.1078, kd 0.0232) | 10.9 it/s | elapsed 2.3 min | epoch ETA 4.5 min
  epoch 022 | batch 2,000/4,475 (44.7%) | loss 0.9995 (gt 0.1078, kd 0.0232) | 10.9 it/s | elapsed 3.0 min | epoch ETA 3.8 min
  epoch 022 | batch 2,500/4,475 (55.9%) | loss 0.9994 (gt 0.1077, kd 0.0232) | 10.9 it/s | elapsed 3.8 min | epoch ETA 3.0 min
  epoch 022 | batch 3,000/4,475 (67.0%) | loss 0.9996 (gt 0.1077, kd 0.0231) | 10.9 it/s | elapsed 4.6 min | epoch ETA 2.2 min
  epoch 022 | batch 3,500/4,475 (78.2%) | loss 0.9995 (gt 0.1076, kd 0.0231) | 10.9 it/s | elapsed 5.3 min | epoch ETA 1.5 min
  epoch 022 | batch 4,000/4,475 (89.4%) | loss 0.9999 (gt 0.1076, kd 0.0231) | 10.9 it/s | elapsed 6.1 min | epoch ETA 0.7 min
Epoch 022 | train 0.999505 (gt 0.107577, kd 0.023091) | val 0.885551 (gt 0.097512, kd 0.018493) | KL end 1.4586 path 1.9641 | rough FDE 1150.8m
  epoch 023 | batch 500/4,475 (11.2%) | loss 1.0017 (gt 0.1073, kd 0.0228) | 10.9 it/s | elapsed 0.8 min | epoch ETA 6.1 min
  epoch 023 | batch 1,000/4,475 (22.3%) | loss 1.0003 (gt 0.1072, kd 0.0228) | 10.9 it/s | elapsed 1.5 min | epoch ETA 5.3 min
  epoch 023 | batch 1,500/4,475 (33.5%) | loss 0.9999 (gt 0.1071, kd 0.0228) | 10.9 it/s | elapsed 2.3 min | epoch ETA 4.5 min
  epoch 023 | batch 2,000/4,475 (44.7%) | loss 1.0004 (gt 0.1072, kd 0.0227) | 10.9 it/s | elapsed 3.1 min | epoch ETA 3.8 min
  epoch 023 | batch 2,500/4,475 (55.9%) | loss 0.9999 (gt 0.1072, kd 0.0227) | 10.9 it/s | elapsed 3.8 min | epoch ETA 3.0 min
  epoch 023 | batch 3,000/4,475 (67.0%) | loss 1.0003 (gt 0.1072, kd 0.0227) | 10.9 it/s | elapsed 4.6 min | epoch ETA 2.2 min
  epoch 023 | batch 3,500/4,475 (78.2%) | loss 1.0000 (gt 0.1071, kd 0.0226) | 10.9 it/s | elapsed 5.3 min | epoch ETA 1.5 min
  epoch 023 | batch 4,000/4,475 (89.4%) | loss 1.0002 (gt 0.1071, kd 0.0226) | 10.9 it/s | elapsed 6.1 min | epoch ETA 0.7 min
Epoch 023 | train 0.999837 (gt 0.107064, kd 0.022596) | val 0.881475 (gt 0.097047, kd 0.018007) | KL end 1.4450 path 1.9342 | rough FDE 1142.6m
  epoch 024 | batch 500/4,475 (11.2%) | loss 1.0007 (gt 0.1070, kd 0.0223) | 10.9 it/s | elapsed 0.8 min | epoch ETA 6.1 min
  epoch 024 | batch 1,000/4,475 (22.3%) | loss 1.0002 (gt 0.1069, kd 0.0223) | 10.9 it/s | elapsed 1.5 min | epoch ETA 5.3 min
  epoch 024 | batch 1,500/4,475 (33.5%) | loss 1.0006 (gt 0.1069, kd 0.0223) | 10.9 it/s | elapsed 2.3 min | epoch ETA 4.5 min
  epoch 024 | batch 2,000/4,475 (44.7%) | loss 1.0001 (gt 0.1068, kd 0.0222) | 10.9 it/s | elapsed 3.1 min | epoch ETA 3.8 min
  epoch 024 | batch 2,500/4,475 (55.9%) | loss 1.0003 (gt 0.1068, kd 0.0222) | 10.9 it/s | elapsed 3.8 min | epoch ETA 3.0 min
  epoch 024 | batch 3,000/4,475 (67.0%) | loss 0.9999 (gt 0.1067, kd 0.0222) | 10.9 it/s | elapsed 4.6 min | epoch ETA 2.3 min
  epoch 024 | batch 3,500/4,475 (78.2%) | loss 0.9999 (gt 0.1067, kd 0.0222) | 10.9 it/s | elapsed 5.3 min | epoch ETA 1.5 min
  epoch 024 | batch 4,000/4,475 (89.4%) | loss 0.9999 (gt 0.1067, kd 0.0221) | 10.9 it/s | elapsed 6.1 min | epoch ETA 0.7 min
Epoch 024 | train 0.999830 (gt 0.106634, kd 0.022103) | val 0.877891 (gt 0.096590, kd 0.017557) | KL end 1.4290 path 1.8991 | rough FDE 1136.9m
  epoch 025 | batch 500/4,475 (11.2%) | loss 0.9983 (gt 0.1059, kd 0.0216) | 10.9 it/s | elapsed 0.8 min | epoch ETA 6.1 min
  epoch 025 | batch 1,000/4,475 (22.3%) | loss 1.0002 (gt 0.1062, kd 0.0218) | 10.9 it/s | elapsed 1.5 min | epoch ETA 5.3 min
  epoch 025 | batch 1,500/4,475 (33.5%) | loss 0.9996 (gt 0.1063, kd 0.0218) | 10.9 it/s | elapsed 2.3 min | epoch ETA 4.5 min
  epoch 025 | batch 2,000/4,475 (44.7%) | loss 0.9999 (gt 0.1062, kd 0.0217) | 10.9 it/s | elapsed 3.1 min | epoch ETA 3.8 min
  epoch 025 | batch 2,500/4,475 (55.9%) | loss 0.9999 (gt 0.1062, kd 0.0217) | 10.9 it/s | elapsed 3.8 min | epoch ETA 3.0 min
  epoch 025 | batch 3,000/4,475 (67.0%) | loss 1.0000 (gt 0.1062, kd 0.0217) | 10.9 it/s | elapsed 4.6 min | epoch ETA 2.2 min
  epoch 025 | batch 3,500/4,475 (78.2%) | loss 0.9998 (gt 0.1062, kd 0.0217) | 10.9 it/s | elapsed 5.3 min | epoch ETA 1.5 min
  epoch 025 | batch 4,000/4,475 (89.4%) | loss 0.9998 (gt 0.1062, kd 0.0217) | 10.9 it/s | elapsed 6.1 min | epoch ETA 0.7 min
Epoch 025 | train 0.999694 (gt 0.106129, kd 0.021640) | val 0.880504 (gt 0.096188, kd 0.017142) | KL end 1.4112 path 1.8662 | rough FDE 1133.6m | proper FDE 1209.0m (teacher 820.8m)  ✓ best
  epoch 026 | batch 500/4,475 (11.2%) | loss 1.0010 (gt 0.1059, kd 0.0214) | 10.9 it/s | elapsed 0.8 min | epoch ETA 6.1 min
  epoch 026 | batch 1,000/4,475 (22.3%) | loss 1.0002 (gt 0.1058, kd 0.0214) | 10.9 it/s | elapsed 1.5 min | epoch ETA 5.3 min
  epoch 026 | batch 1,500/4,475 (33.5%) | loss 0.9998 (gt 0.1056, kd 0.0213) | 10.9 it/s | elapsed 2.3 min | epoch ETA 4.5 min
  epoch 026 | batch 2,000/4,475 (44.7%) | loss 1.0000 (gt 0.1057, kd 0.0213) | 10.9 it/s | elapsed 3.1 min | epoch ETA 3.8 min
  epoch 026 | batch 2,500/4,475 (55.9%) | loss 0.9998 (gt 0.1057, kd 0.0212) | 10.9 it/s | elapsed 3.8 min | epoch ETA 3.0 min
  epoch 026 | batch 3,000/4,475 (67.0%) | loss 1.0000 (gt 0.1057, kd 0.0212) | 10.9 it/s | elapsed 4.6 min | epoch ETA 2.2 min
  epoch 026 | batch 3,500/4,475 (78.2%) | loss 1.0001 (gt 0.1057, kd 0.0212) | 10.9 it/s | elapsed 5.3 min | epoch ETA 1.5 min
  epoch 026 | batch 4,000/4,475 (89.4%) | loss 0.9999 (gt 0.1057, kd 0.0212) | 10.9 it/s | elapsed 6.1 min | epoch ETA 0.7 min
Epoch 026 | train 0.999990 (gt 0.105657, kd 0.021205) | val 0.872132 (gt 0.095809, kd 0.016757) | KL end 1.3988 path 1.8337 | rough FDE 1130.0m
  epoch 027 | batch 500/4,475 (11.2%) | loss 1.0009 (gt 0.1057, kd 0.0211) | 10.9 it/s | elapsed 0.8 min | epoch ETA 6.1 min
  epoch 027 | batch 1,000/4,475 (22.3%) | loss 0.9993 (gt 0.1055, kd 0.0210) | 10.9 it/s | elapsed 1.5 min | epoch ETA 5.3 min
  epoch 027 | batch 1,500/4,475 (33.5%) | loss 0.9997 (gt 0.1055, kd 0.0210) | 10.9 it/s | elapsed 2.3 min | epoch ETA 4.5 min
  epoch 027 | batch 2,000/4,475 (44.7%) | loss 0.9997 (gt 0.1054, kd 0.0209) | 10.9 it/s | elapsed 3.1 min | epoch ETA 3.8 min
  epoch 027 | batch 2,500/4,475 (55.9%) | loss 0.9996 (gt 0.1054, kd 0.0209) | 10.9 it/s | elapsed 3.8 min | epoch ETA 3.0 min
  epoch 027 | batch 3,000/4,475 (67.0%) | loss 0.9998 (gt 0.1054, kd 0.0209) | 10.9 it/s | elapsed 4.6 min | epoch ETA 2.2 min
  epoch 027 | batch 3,500/4,475 (78.2%) | loss 0.9997 (gt 0.1054, kd 0.0209) | 10.9 it/s | elapsed 5.3 min | epoch ETA 1.5 min
  epoch 027 | batch 4,000/4,475 (89.4%) | loss 0.9998 (gt 0.1053, kd 0.0208) | 10.9 it/s | elapsed 6.1 min | epoch ETA 0.7 min
Epoch 027 | train 0.999554 (gt 0.105275, kd 0.020820) | val 0.880699 (gt 0.095431, kd 0.016381) | KL end 1.3886 path 1.8067 | rough FDE 1127.6m
  epoch 028 | batch 500/4,475 (11.2%) | loss 1.0017 (gt 0.1047, kd 0.0205) | 10.9 it/s | elapsed 0.8 min | epoch ETA 6.1 min
  epoch 028 | batch 1,000/4,475 (22.3%) | loss 1.0003 (gt 0.1049, kd 0.0205) | 10.9 it/s | elapsed 1.5 min | epoch ETA 5.3 min
  epoch 028 | batch 1,500/4,475 (33.5%) | loss 1.0006 (gt 0.1049, kd 0.0206) | 10.9 it/s | elapsed 2.3 min | epoch ETA 4.5 min
  epoch 028 | batch 2,000/4,475 (44.7%) | loss 1.0004 (gt 0.1049, kd 0.0205) | 10.9 it/s | elapsed 3.1 min | epoch ETA 3.8 min
  epoch 028 | batch 2,500/4,475 (55.9%) | loss 1.0001 (gt 0.1049, kd 0.0205) | 10.9 it/s | elapsed 3.8 min | epoch ETA 3.0 min
  epoch 028 | batch 3,000/4,475 (67.0%) | loss 0.9999 (gt 0.1049, kd 0.0205) | 10.9 it/s | elapsed 4.6 min | epoch ETA 2.2 min
  epoch 028 | batch 3,500/4,475 (78.2%) | loss 0.9999 (gt 0.1049, kd 0.0205) | 10.9 it/s | elapsed 5.3 min | epoch ETA 1.5 min
  epoch 028 | batch 4,000/4,475 (89.4%) | loss 1.0001 (gt 0.1049, kd 0.0204) | 10.9 it/s | elapsed 6.1 min | epoch ETA 0.7 min
Epoch 028 | train 1.000040 (gt 0.104913, kd 0.020434) | val 0.870442 (gt 0.095063, kd 0.016020) | KL end 1.3802 path 1.7865 | rough FDE 1123.5m
  epoch 029 | batch 500/4,475 (11.2%) | loss 0.9991 (gt 0.1048, kd 0.0203) | 10.9 it/s | elapsed 0.8 min | epoch ETA 6.1 min
  epoch 029 | batch 1,000/4,475 (22.3%) | loss 0.9995 (gt 0.1047, kd 0.0202) | 10.9 it/s | elapsed 1.5 min | epoch ETA 5.3 min
  epoch 029 | batch 1,500/4,475 (33.5%) | loss 0.9994 (gt 0.1048, kd 0.0202) | 10.9 it/s | elapsed 2.3 min | epoch ETA 4.5 min
  epoch 029 | batch 2,000/4,475 (44.7%) | loss 0.9997 (gt 0.1047, kd 0.0201) | 10.9 it/s | elapsed 3.0 min | epoch ETA 3.8 min
  epoch 029 | batch 2,500/4,475 (55.9%) | loss 0.9994 (gt 0.1045, kd 0.0201) | 10.9 it/s | elapsed 3.8 min | epoch ETA 3.0 min
  epoch 029 | batch 3,000/4,475 (67.0%) | loss 0.9996 (gt 0.1045, kd 0.0201) | 10.9 it/s | elapsed 4.6 min | epoch ETA 2.2 min
  epoch 029 | batch 3,500/4,475 (78.2%) | loss 0.9997 (gt 0.1045, kd 0.0201) | 10.9 it/s | elapsed 5.3 min | epoch ETA 1.5 min
  epoch 029 | batch 4,000/4,475 (89.4%) | loss 1.0001 (gt 0.1045, kd 0.0201) | 10.9 it/s | elapsed 6.1 min | epoch ETA 0.7 min
Epoch 029 | train 0.999932 (gt 0.104543, kd 0.020083) | val 0.865137 (gt 0.094740, kd 0.015694) | KL end 1.3677 path 1.7650 | rough FDE 1121.1m
  epoch 030 | batch 500/4,475 (11.2%) | loss 0.9985 (gt 0.1045, kd 0.0199) | 10.9 it/s | elapsed 0.8 min | epoch ETA 6.1 min
  epoch 030 | batch 1,000/4,475 (22.3%) | loss 0.9988 (gt 0.1043, kd 0.0198) | 11.0 it/s | elapsed 1.5 min | epoch ETA 5.3 min
  epoch 030 | batch 1,500/4,475 (33.5%) | loss 0.9995 (gt 0.1043, kd 0.0198) | 11.0 it/s | elapsed 2.3 min | epoch ETA 4.5 min
  epoch 030 | batch 2,000/4,475 (44.7%) | loss 0.9995 (gt 0.1043, kd 0.0198) | 11.0 it/s | elapsed 3.0 min | epoch ETA 3.8 min
  epoch 030 | batch 2,500/4,475 (55.9%) | loss 0.9997 (gt 0.1043, kd 0.0198) | 11.0 it/s | elapsed 3.8 min | epoch ETA 3.0 min
  epoch 030 | batch 3,000/4,475 (67.0%) | loss 0.9998 (gt 0.1043, kd 0.0198) | 11.0 it/s | elapsed 4.6 min | epoch ETA 2.2 min
  epoch 030 | batch 3,500/4,475 (78.2%) | loss 0.9993 (gt 0.1043, kd 0.0198) | 11.0 it/s | elapsed 5.3 min | epoch ETA 1.5 min
  epoch 030 | batch 4,000/4,475 (89.4%) | loss 0.9997 (gt 0.1043, kd 0.0197) | 11.0 it/s | elapsed 6.1 min | epoch ETA 0.7 min
Epoch 030 | train 0.999752 (gt 0.104235, kd 0.019744) | val 0.867070 (gt 0.094452, kd 0.015392) | KL end 1.3478 path 1.7409 | rough FDE 1115.4m | proper FDE 1171.0m (teacher 820.8m)  ✓ best
  epoch 031 | batch 500/4,475 (11.2%) | loss 0.9996 (gt 0.1043, kd 0.0195) | 10.9 it/s | elapsed 0.8 min | epoch ETA 6.1 min
  epoch 031 | batch 1,000/4,475 (22.3%) | loss 0.9997 (gt 0.1043, kd 0.0196) | 10.9 it/s | elapsed 1.5 min | epoch ETA 5.3 min
  epoch 031 | batch 1,500/4,475 (33.5%) | loss 0.9995 (gt 0.1041, kd 0.0195) | 10.9 it/s | elapsed 2.3 min | epoch ETA 4.5 min
  epoch 031 | batch 2,000/4,475 (44.7%) | loss 0.9996 (gt 0.1041, kd 0.0195) | 10.9 it/s | elapsed 3.0 min | epoch ETA 3.8 min
  epoch 031 | batch 2,500/4,475 (55.9%) | loss 0.9995 (gt 0.1041, kd 0.0195) | 10.9 it/s | elapsed 3.8 min | epoch ETA 3.0 min
  epoch 031 | batch 3,000/4,475 (67.0%) | loss 0.9997 (gt 0.1040, kd 0.0194) | 11.0 it/s | elapsed 4.6 min | epoch ETA 2.2 min
  epoch 031 | batch 3,500/4,475 (78.2%) | loss 0.9999 (gt 0.1040, kd 0.0194) | 11.0 it/s | elapsed 5.3 min | epoch ETA 1.5 min
  epoch 031 | batch 4,000/4,475 (89.4%) | loss 0.9998 (gt 0.1040, kd 0.0194) | 11.0 it/s | elapsed 6.1 min | epoch ETA 0.7 min
Epoch 031 | train 0.999686 (gt 0.103920, kd 0.019384) | val 0.872230 (gt 0.094180, kd 0.015108) | KL end 1.3219 path 1.7236 | rough FDE 1112.0m
  epoch 032 | batch 500/4,475 (11.2%) | loss 0.9982 (gt 0.1032, kd 0.0191) | 10.9 it/s | elapsed 0.8 min | epoch ETA 6.1 min
  epoch 032 | batch 1,000/4,475 (22.3%) | loss 1.0004 (gt 0.1034, kd 0.0192) | 10.9 it/s | elapsed 1.5 min | epoch ETA 5.3 min
  epoch 032 | batch 1,500/4,475 (33.5%) | loss 0.9996 (gt 0.1034, kd 0.0191) | 10.9 it/s | elapsed 2.3 min | epoch ETA 4.5 min
  epoch 032 | batch 2,000/4,475 (44.7%) | loss 1.0000 (gt 0.1035, kd 0.0192) | 10.9 it/s | elapsed 3.0 min | epoch ETA 3.8 min
  epoch 032 | batch 2,500/4,475 (55.9%) | loss 1.0001 (gt 0.1035, kd 0.0191) | 10.9 it/s | elapsed 3.8 min | epoch ETA 3.0 min
  epoch 032 | batch 3,000/4,475 (67.0%) | loss 0.9996 (gt 0.1035, kd 0.0191) | 10.9 it/s | elapsed 4.6 min | epoch ETA 2.2 min
  epoch 032 | batch 3,500/4,475 (78.2%) | loss 0.9998 (gt 0.1035, kd 0.0191) | 10.9 it/s | elapsed 5.3 min | epoch ETA 1.5 min
  epoch 032 | batch 4,000/4,475 (89.4%) | loss 1.0001 (gt 0.1035, kd 0.0191) | 10.9 it/s | elapsed 6.1 min | epoch ETA 0.7 min
Epoch 032 | train 0.999985 (gt 0.103530, kd 0.019104) | val 0.865827 (gt 0.093925, kd 0.014831) | KL end 1.3015 path 1.7096 | rough FDE 1108.3m
  epoch 033 | batch 500/4,475 (11.2%) | loss 1.0002 (gt 0.1034, kd 0.0189) | 10.8 it/s | elapsed 0.8 min | epoch ETA 6.1 min
  epoch 033 | batch 1,000/4,475 (22.3%) | loss 0.9988 (gt 0.1035, kd 0.0190) | 10.9 it/s | elapsed 1.5 min | epoch ETA 5.3 min
  epoch 033 | batch 1,500/4,475 (33.5%) | loss 0.9991 (gt 0.1033, kd 0.0189) | 10.9 it/s | elapsed 2.3 min | epoch ETA 4.5 min
  epoch 033 | batch 2,000/4,475 (44.7%) | loss 0.9993 (gt 0.1033, kd 0.0189) | 10.9 it/s | elapsed 3.1 min | epoch ETA 3.8 min
  epoch 033 | batch 2,500/4,475 (55.9%) | loss 0.9996 (gt 0.1033, kd 0.0189) | 10.9 it/s | elapsed 3.8 min | epoch ETA 3.0 min
  epoch 033 | batch 3,000/4,475 (67.0%) | loss 0.9998 (gt 0.1033, kd 0.0188) | 10.9 it/s | elapsed 4.6 min | epoch ETA 2.2 min
  epoch 033 | batch 3,500/4,475 (78.2%) | loss 0.9996 (gt 0.1033, kd 0.0188) | 10.9 it/s | elapsed 5.3 min | epoch ETA 1.5 min
  epoch 033 | batch 4,000/4,475 (89.4%) | loss 0.9996 (gt 0.1033, kd 0.0188) | 10.9 it/s | elapsed 6.1 min | epoch ETA 0.7 min
Epoch 033 | train 0.999682 (gt 0.103280, kd 0.018799) | val 0.870761 (gt 0.093646, kd 0.014554) | KL end 1.2841 path 1.6953 | rough FDE 1105.5m
  epoch 034 | batch 500/4,475 (11.2%) | loss 0.9995 (gt 0.1028, kd 0.0187) | 10.9 it/s | elapsed 0.8 min | epoch ETA 6.1 min
  epoch 034 | batch 1,000/4,475 (22.3%) | loss 1.0001 (gt 0.1030, kd 0.0187) | 10.9 it/s | elapsed 1.5 min | epoch ETA 5.3 min
  epoch 034 | batch 1,500/4,475 (33.5%) | loss 0.9995 (gt 0.1029, kd 0.0186) | 10.9 it/s | elapsed 2.3 min | epoch ETA 4.5 min
  epoch 034 | batch 2,000/4,475 (44.7%) | loss 1.0003 (gt 0.1031, kd 0.0186) | 10.9 it/s | elapsed 3.0 min | epoch ETA 3.8 min
  epoch 034 | batch 2,500/4,475 (55.9%) | loss 0.9999 (gt 0.1031, kd 0.0186) | 10.9 it/s | elapsed 3.8 min | epoch ETA 3.0 min
  epoch 034 | batch 3,000/4,475 (67.0%) | loss 0.9999 (gt 0.1031, kd 0.0186) | 11.0 it/s | elapsed 4.6 min | epoch ETA 2.2 min
  epoch 034 | batch 3,500/4,475 (78.2%) | loss 0.9999 (gt 0.1031, kd 0.0186) | 11.0 it/s | elapsed 5.3 min | epoch ETA 1.5 min
  epoch 034 | batch 4,000/4,475 (89.4%) | loss 1.0000 (gt 0.1031, kd 0.0186) | 11.0 it/s | elapsed 6.1 min | epoch ETA 0.7 min
Epoch 034 | train 0.999977 (gt 0.103091, kd 0.018539) | val 0.865476 (gt 0.093420, kd 0.014322) | KL end 1.2798 path 1.6866 | rough FDE 1103.5m
  epoch 035 | batch 500/4,475 (11.2%) | loss 0.9988 (gt 0.1032, kd 0.0183) | 10.9 it/s | elapsed 0.8 min | epoch ETA 6.1 min
  epoch 035 | batch 1,000/4,475 (22.3%) | loss 0.9994 (gt 0.1031, kd 0.0183) | 10.9 it/s | elapsed 1.5 min | epoch ETA 5.3 min
  epoch 035 | batch 1,500/4,475 (33.5%) | loss 0.9993 (gt 0.1029, kd 0.0183) | 10.9 it/s | elapsed 2.3 min | epoch ETA 4.5 min
  epoch 035 | batch 2,000/4,475 (44.7%) | loss 0.9995 (gt 0.1029, kd 0.0183) | 10.9 it/s | elapsed 3.0 min | epoch ETA 3.8 min
  epoch 035 | batch 2,500/4,475 (55.9%) | loss 0.9995 (gt 0.1028, kd 0.0183) | 10.9 it/s | elapsed 3.8 min | epoch ETA 3.0 min
  epoch 035 | batch 3,000/4,475 (67.0%) | loss 0.9996 (gt 0.1027, kd 0.0183) | 11.0 it/s | elapsed 4.6 min | epoch ETA 2.2 min
  epoch 035 | batch 3,500/4,475 (78.2%) | loss 0.9997 (gt 0.1027, kd 0.0182) | 11.0 it/s | elapsed 5.3 min | epoch ETA 1.5 min
  epoch 035 | batch 4,000/4,475 (89.4%) | loss 0.9996 (gt 0.1027, kd 0.0182) | 11.0 it/s | elapsed 6.1 min | epoch ETA 0.7 min
Epoch 035 | train 0.999868 (gt 0.102772, kd 0.018240) | val 0.864191 (gt 0.093189, kd 0.014097) | KL end 1.2722 path 1.6704 | rough FDE 1096.9m | proper FDE 1140.8m (teacher 820.8m)  ✓ best
  epoch 036 | batch 500/4,475 (11.2%) | loss 0.9979 (gt 0.1024, kd 0.0179) | 10.9 it/s | elapsed 0.8 min | epoch ETA 6.1 min
  epoch 036 | batch 1,000/4,475 (22.3%) | loss 0.9992 (gt 0.1024, kd 0.0180) | 10.9 it/s | elapsed 1.5 min | epoch ETA 5.3 min
  epoch 036 | batch 1,500/4,475 (33.5%) | loss 0.9996 (gt 0.1024, kd 0.0180) | 10.9 it/s | elapsed 2.3 min | epoch ETA 4.5 min
  epoch 036 | batch 2,000/4,475 (44.7%) | loss 0.9994 (gt 0.1024, kd 0.0180) | 10.9 it/s | elapsed 3.0 min | epoch ETA 3.8 min
  epoch 036 | batch 2,500/4,475 (55.9%) | loss 0.9995 (gt 0.1024, kd 0.0180) | 10.9 it/s | elapsed 3.8 min | epoch ETA 3.0 min
  epoch 036 | batch 3,000/4,475 (67.0%) | loss 0.9997 (gt 0.1024, kd 0.0180) | 10.9 it/s | elapsed 4.6 min | epoch ETA 2.2 min
  epoch 036 | batch 3,500/4,475 (78.2%) | loss 0.9996 (gt 0.1024, kd 0.0180) | 10.9 it/s | elapsed 5.3 min | epoch ETA 1.5 min
  epoch 036 | batch 4,000/4,475 (89.4%) | loss 0.9998 (gt 0.1024, kd 0.0180) | 11.0 it/s | elapsed 6.1 min | epoch ETA 0.7 min
Epoch 036 | train 0.999758 (gt 0.102413, kd 0.017960) | val 0.867626 (gt 0.092967, kd 0.013880) | KL end 1.2672 path 1.6646 | rough FDE 1090.4m
  epoch 037 | batch 500/4,475 (11.2%) | loss 1.0002 (gt 0.1025, kd 0.0178) | 10.9 it/s | elapsed 0.8 min | epoch ETA 6.1 min
  epoch 037 | batch 1,000/4,475 (22.3%) | loss 0.9999 (gt 0.1024, kd 0.0178) | 10.9 it/s | elapsed 1.5 min | epoch ETA 5.3 min
  epoch 037 | batch 1,500/4,475 (33.5%) | loss 0.9994 (gt 0.1023, kd 0.0178) | 10.9 it/s | elapsed 2.3 min | epoch ETA 4.5 min
  epoch 037 | batch 2,000/4,475 (44.7%) | loss 1.0000 (gt 0.1023, kd 0.0178) | 10.9 it/s | elapsed 3.0 min | epoch ETA 3.8 min
  epoch 037 | batch 2,500/4,475 (55.9%) | loss 0.9998 (gt 0.1022, kd 0.0178) | 10.9 it/s | elapsed 3.8 min | epoch ETA 3.0 min
  epoch 037 | batch 3,000/4,475 (67.0%) | loss 0.9999 (gt 0.1023, kd 0.0178) | 10.9 it/s | elapsed 4.6 min | epoch ETA 2.2 min
  epoch 037 | batch 3,500/4,475 (78.2%) | loss 1.0000 (gt 0.1023, kd 0.0178) | 10.9 it/s | elapsed 5.3 min | epoch ETA 1.5 min
  epoch 037 | batch 4,000/4,475 (89.4%) | loss 0.9999 (gt 0.1023, kd 0.0178) | 10.9 it/s | elapsed 6.1 min | epoch ETA 0.7 min
Epoch 037 | train 0.999842 (gt 0.102226, kd 0.017736) | val 0.867954 (gt 0.092767, kd 0.013680) | KL end 1.2581 path 1.6475 | rough FDE 1086.9m
  epoch 038 | batch 500/4,475 (11.2%) | loss 0.9992 (gt 0.1020, kd 0.0176) | 10.9 it/s | elapsed 0.8 min | epoch ETA 6.1 min
  epoch 038 | batch 1,000/4,475 (22.3%) | loss 1.0002 (gt 0.1020, kd 0.0176) | 10.9 it/s | elapsed 1.5 min | epoch ETA 5.3 min
  epoch 038 | batch 1,500/4,475 (33.5%) | loss 0.9997 (gt 0.1020, kd 0.0176) | 10.9 it/s | elapsed 2.3 min | epoch ETA 4.5 min
  epoch 038 | batch 2,000/4,475 (44.7%) | loss 0.9999 (gt 0.1020, kd 0.0176) | 10.9 it/s | elapsed 3.1 min | epoch ETA 3.8 min
  epoch 038 | batch 2,500/4,475 (55.9%) | loss 0.9999 (gt 0.1021, kd 0.0176) | 10.9 it/s | elapsed 3.8 min | epoch ETA 3.0 min
  epoch 038 | batch 3,000/4,475 (67.0%) | loss 0.9997 (gt 0.1020, kd 0.0176) | 10.9 it/s | elapsed 4.6 min | epoch ETA 2.3 min
  epoch 038 | batch 3,500/4,475 (78.2%) | loss 0.9997 (gt 0.1020, kd 0.0175) | 10.9 it/s | elapsed 5.3 min | epoch ETA 1.5 min
  epoch 038 | batch 4,000/4,475 (89.4%) | loss 0.9998 (gt 0.1019, kd 0.0175) | 10.9 it/s | elapsed 6.1 min | epoch ETA 0.7 min
Epoch 038 | train 0.999906 (gt 0.101933, kd 0.017514) | val 0.866074 (gt 0.092570, kd 0.013483) | KL end 1.2411 path 1.6247 | rough FDE 1084.3m
  epoch 039 | batch 500/4,475 (11.2%) | loss 0.9989 (gt 0.1020, kd 0.0174) | 10.9 it/s | elapsed 0.8 min | epoch ETA 6.1 min
  epoch 039 | batch 1,000/4,475 (22.3%) | loss 0.9994 (gt 0.1018, kd 0.0173) | 10.9 it/s | elapsed 1.5 min | epoch ETA 5.3 min
  epoch 039 | batch 1,500/4,475 (33.5%) | loss 0.9994 (gt 0.1018, kd 0.0173) | 10.8 it/s | elapsed 2.3 min | epoch ETA 4.6 min
  epoch 039 | batch 2,000/4,475 (44.7%) | loss 0.9995 (gt 0.1017, kd 0.0173) | 10.8 it/s | elapsed 3.1 min | epoch ETA 3.8 min
  epoch 039 | batch 2,500/4,475 (55.9%) | loss 1.0001 (gt 0.1018, kd 0.0173) | 10.9 it/s | elapsed 3.8 min | epoch ETA 3.0 min
  epoch 039 | batch 3,000/4,475 (67.0%) | loss 0.9998 (gt 0.1018, kd 0.0173) | 10.9 it/s | elapsed 4.6 min | epoch ETA 2.3 min
  epoch 039 | batch 3,500/4,475 (78.2%) | loss 0.9997 (gt 0.1018, kd 0.0173) | 10.9 it/s | elapsed 5.4 min | epoch ETA 1.5 min
  epoch 039 | batch 4,000/4,475 (89.4%) | loss 0.9999 (gt 0.1018, kd 0.0173) | 10.9 it/s | elapsed 6.1 min | epoch ETA 0.7 min
Epoch 039 | train 0.999779 (gt 0.101735, kd 0.017271) | val 0.869420 (gt 0.092394, kd 0.013295) | KL end 1.2293 path 1.6142 | rough FDE 1079.8m
  epoch 040 | batch 500/4,475 (11.2%) | loss 0.9997 (gt 0.1019, kd 0.0172) | 10.9 it/s | elapsed 0.8 min | epoch ETA 6.1 min
  epoch 040 | batch 1,000/4,475 (22.3%) | loss 0.9997 (gt 0.1018, kd 0.0171) | 10.9 it/s | elapsed 1.5 min | epoch ETA 5.3 min
  epoch 040 | batch 1,500/4,475 (33.5%) | loss 0.9999 (gt 0.1017, kd 0.0171) | 11.0 it/s | elapsed 2.3 min | epoch ETA 4.5 min
  epoch 040 | batch 2,000/4,475 (44.7%) | loss 0.9999 (gt 0.1015, kd 0.0171) | 11.0 it/s | elapsed 3.0 min | epoch ETA 3.8 min
  epoch 040 | batch 2,500/4,475 (55.9%) | loss 0.9998 (gt 0.1014, kd 0.0171) | 11.0 it/s | elapsed 3.8 min | epoch ETA 3.0 min
  epoch 040 | batch 3,000/4,475 (67.0%) | loss 1.0001 (gt 0.1014, kd 0.0171) | 11.0 it/s | elapsed 4.6 min | epoch ETA 2.2 min
  epoch 040 | batch 3,500/4,475 (78.2%) | loss 0.9998 (gt 0.1014, kd 0.0171) | 11.0 it/s | elapsed 5.3 min | epoch ETA 1.5 min
  epoch 040 | batch 4,000/4,475 (89.4%) | loss 0.9999 (gt 0.1015, kd 0.0171) | 11.0 it/s | elapsed 6.1 min | epoch ETA 0.7 min
Epoch 040 | train 0.999964 (gt 0.101457, kd 0.017057) | val 0.865223 (gt 0.092221, kd 0.013113) | KL end 1.2211 path 1.6058 | rough FDE 1078.1m | proper FDE 1117.5m (teacher 820.8m)  ✓ best
  epoch 041 | batch 500/4,475 (11.2%) | loss 0.9986 (gt 0.1010, kd 0.0169) | 10.9 it/s | elapsed 0.8 min | epoch ETA 6.1 min
  epoch 041 | batch 1,000/4,475 (22.3%) | loss 0.9998 (gt 0.1012, kd 0.0169) | 11.0 it/s | elapsed 1.5 min | epoch ETA 5.3 min
  epoch 041 | batch 1,500/4,475 (33.5%) | loss 0.9997 (gt 0.1013, kd 0.0169) | 11.0 it/s | elapsed 2.3 min | epoch ETA 4.5 min
  epoch 041 | batch 2,000/4,475 (44.7%) | loss 0.9998 (gt 0.1013, kd 0.0169) | 11.0 it/s | elapsed 3.0 min | epoch ETA 3.8 min
  epoch 041 | batch 2,500/4,475 (55.9%) | loss 0.9996 (gt 0.1013, kd 0.0169) | 11.0 it/s | elapsed 3.8 min | epoch ETA 3.0 min
  epoch 041 | batch 3,000/4,475 (67.0%) | loss 0.9998 (gt 0.1013, kd 0.0169) | 11.0 it/s | elapsed 4.5 min | epoch ETA 2.2 min
  epoch 041 | batch 3,500/4,475 (78.2%) | loss 0.9998 (gt 0.1013, kd 0.0169) | 11.0 it/s | elapsed 5.3 min | epoch ETA 1.5 min
  epoch 041 | batch 4,000/4,475 (89.4%) | loss 0.9997 (gt 0.1012, kd 0.0168) | 11.0 it/s | elapsed 6.1 min | epoch ETA 0.7 min
Epoch 041 | train 0.999832 (gt 0.101304, kd 0.016844) | val 0.866065 (gt 0.092030, kd 0.012935) | KL end 1.2059 path 1.5894 | rough FDE 1075.0m
  epoch 042 | batch 500/4,475 (11.2%) | loss 0.9983 (gt 0.1008, kd 0.0166) | 10.9 it/s | elapsed 0.8 min | epoch ETA 6.1 min
  epoch 042 | batch 1,000/4,475 (22.3%) | loss 0.9998 (gt 0.1008, kd 0.0167) | 11.0 it/s | elapsed 1.5 min | epoch ETA 5.3 min
  epoch 042 | batch 1,500/4,475 (33.5%) | loss 0.9998 (gt 0.1011, kd 0.0167) | 11.0 it/s | elapsed 2.3 min | epoch ETA 4.5 min
  epoch 042 | batch 2,000/4,475 (44.7%) | loss 0.9996 (gt 0.1011, kd 0.0167) | 11.0 it/s | elapsed 3.0 min | epoch ETA 3.8 min
  epoch 042 | batch 2,500/4,475 (55.9%) | loss 1.0000 (gt 0.1011, kd 0.0166) | 11.0 it/s | elapsed 3.8 min | epoch ETA 3.0 min
  epoch 042 | batch 3,000/4,475 (67.0%) | loss 0.9996 (gt 0.1011, kd 0.0166) | 11.0 it/s | elapsed 4.6 min | epoch ETA 2.2 min
  epoch 042 | batch 3,500/4,475 (78.2%) | loss 0.9999 (gt 0.1011, kd 0.0166) | 11.0 it/s | elapsed 5.3 min | epoch ETA 1.5 min
  epoch 042 | batch 4,000/4,475 (89.4%) | loss 0.9999 (gt 0.1011, kd 0.0166) | 11.0 it/s | elapsed 6.1 min | epoch ETA 0.7 min
Epoch 042 | train 0.999899 (gt 0.101117, kd 0.016634) | val 0.865504 (gt 0.091886, kd 0.012784) | KL end 1.1896 path 1.5858 | rough FDE 1071.8m
  epoch 043 | batch 500/4,475 (11.2%) | loss 0.9975 (gt 0.1005, kd 0.0164) | 10.9 it/s | elapsed 0.8 min | epoch ETA 6.1 min
  epoch 043 | batch 1,000/4,475 (22.3%) | loss 0.9996 (gt 0.1007, kd 0.0164) | 11.0 it/s | elapsed 1.5 min | epoch ETA 5.3 min
  epoch 043 | batch 1,500/4,475 (33.5%) | loss 0.9996 (gt 0.1006, kd 0.0164) | 11.0 it/s | elapsed 2.3 min | epoch ETA 4.5 min
  epoch 043 | batch 2,000/4,475 (44.7%) | loss 1.0000 (gt 0.1008, kd 0.0165) | 11.0 it/s | elapsed 3.0 min | epoch ETA 3.8 min
  epoch 043 | batch 2,500/4,475 (55.9%) | loss 0.9997 (gt 0.1008, kd 0.0165) | 11.0 it/s | elapsed 3.8 min | epoch ETA 3.0 min
  epoch 043 | batch 3,000/4,475 (67.0%) | loss 0.9999 (gt 0.1008, kd 0.0164) | 11.0 it/s | elapsed 4.5 min | epoch ETA 2.2 min
  epoch 043 | batch 3,500/4,475 (78.2%) | loss 0.9998 (gt 0.1008, kd 0.0164) | 11.0 it/s | elapsed 5.3 min | epoch ETA 1.5 min
  epoch 043 | batch 4,000/4,475 (89.4%) | loss 0.9999 (gt 0.1009, kd 0.0164) | 11.0 it/s | elapsed 6.1 min | epoch ETA 0.7 min
Epoch 043 | train 0.999788 (gt 0.100842, kd 0.016434) | val 0.869568 (gt 0.091760, kd 0.012646) | KL end 1.1927 path 1.5859 | rough FDE 1068.1m
  epoch 044 | batch 500/4,475 (11.2%) | loss 0.9989 (gt 0.1004, kd 0.0163) | 10.9 it/s | elapsed 0.8 min | epoch ETA 6.1 min
  epoch 044 | batch 1,000/4,475 (22.3%) | loss 0.9998 (gt 0.1005, kd 0.0163) | 11.0 it/s | elapsed 1.5 min | epoch ETA 5.3 min
  epoch 044 | batch 1,500/4,475 (33.5%) | loss 1.0004 (gt 0.1007, kd 0.0163) | 11.0 it/s | elapsed 2.3 min | epoch ETA 4.5 min
  epoch 044 | batch 2,000/4,475 (44.7%) | loss 0.9997 (gt 0.1007, kd 0.0163) | 11.0 it/s | elapsed 3.0 min | epoch ETA 3.8 min
  epoch 044 | batch 2,500/4,475 (55.9%) | loss 1.0002 (gt 0.1008, kd 0.0163) | 11.0 it/s | elapsed 3.8 min | epoch ETA 3.0 min
  epoch 044 | batch 3,000/4,475 (67.0%) | loss 1.0002 (gt 0.1008, kd 0.0163) | 11.0 it/s | elapsed 4.5 min | epoch ETA 2.2 min
  epoch 044 | batch 3,500/4,475 (78.2%) | loss 0.9999 (gt 0.1007, kd 0.0163) | 11.0 it/s | elapsed 5.3 min | epoch ETA 1.5 min
  epoch 044 | batch 4,000/4,475 (89.4%) | loss 0.9998 (gt 0.1008, kd 0.0163) | 11.0 it/s | elapsed 6.1 min | epoch ETA 0.7 min
Epoch 044 | train 1.000086 (gt 0.100816, kd 0.016282) | val 0.861505 (gt 0.091614, kd 0.012499) | KL end 1.1890 path 1.5718 | rough FDE 1063.8m
  epoch 045 | batch 500/4,475 (11.2%) | loss 0.9981 (gt 0.1008, kd 0.0162) | 10.9 it/s | elapsed 0.8 min | epoch ETA 6.1 min
  epoch 045 | batch 1,000/4,475 (22.3%) | loss 0.9985 (gt 0.1004, kd 0.0161) | 11.0 it/s | elapsed 1.5 min | epoch ETA 5.3 min
  epoch 045 | batch 1,500/4,475 (33.5%) | loss 0.9990 (gt 0.1004, kd 0.0161) | 11.0 it/s | elapsed 2.3 min | epoch ETA 4.5 min
  epoch 045 | batch 2,000/4,475 (44.7%) | loss 0.9998 (gt 0.1005, kd 0.0161) | 11.0 it/s | elapsed 3.0 min | epoch ETA 3.8 min
  epoch 045 | batch 2,500/4,475 (55.9%) | loss 0.9996 (gt 0.1005, kd 0.0161) | 11.0 it/s | elapsed 3.8 min | epoch ETA 3.0 min
  epoch 045 | batch 3,000/4,475 (67.0%) | loss 0.9993 (gt 0.1004, kd 0.0161) | 11.0 it/s | elapsed 4.6 min | epoch ETA 2.2 min
  epoch 045 | batch 3,500/4,475 (78.2%) | loss 0.9997 (gt 0.1004, kd 0.0161) | 11.0 it/s | elapsed 5.3 min | epoch ETA 1.5 min
  epoch 045 | batch 4,000/4,475 (89.4%) | loss 0.9998 (gt 0.1004, kd 0.0161) | 11.0 it/s | elapsed 6.1 min | epoch ETA 0.7 min
Epoch 045 | train 0.999617 (gt 0.100464, kd 0.016078) | val 0.871761 (gt 0.091451, kd 0.012357) | KL end 1.1830 path 1.5689 | rough FDE 1062.5m | proper FDE 1096.5m (teacher 820.8m)  ✓ best
  epoch 046 | batch 500/4,475 (11.2%) | loss 1.0007 (gt 0.1004, kd 0.0160) | 10.8 it/s | elapsed 0.8 min | epoch ETA 6.1 min
  epoch 046 | batch 1,000/4,475 (22.3%) | loss 1.0004 (gt 0.1005, kd 0.0160) | 10.9 it/s | elapsed 1.5 min | epoch ETA 5.3 min
  epoch 046 | batch 1,500/4,475 (33.5%) | loss 1.0001 (gt 0.1005, kd 0.0160) | 10.9 it/s | elapsed 2.3 min | epoch ETA 4.5 min
  epoch 046 | batch 2,000/4,475 (44.7%) | loss 1.0002 (gt 0.1005, kd 0.0160) | 10.9 it/s | elapsed 3.0 min | epoch ETA 3.8 min
  epoch 046 | batch 2,500/4,475 (55.9%) | loss 1.0000 (gt 0.1005, kd 0.0159) | 11.0 it/s | elapsed 3.8 min | epoch ETA 3.0 min
  epoch 046 | batch 3,000/4,475 (67.0%) | loss 1.0002 (gt 0.1005, kd 0.0159) | 11.0 it/s | elapsed 4.6 min | epoch ETA 2.2 min
  epoch 046 | batch 3,500/4,475 (78.2%) | loss 1.0002 (gt 0.1005, kd 0.0159) | 11.0 it/s | elapsed 5.3 min | epoch ETA 1.5 min
  epoch 046 | batch 4,000/4,475 (89.4%) | loss 1.0001 (gt 0.1005, kd 0.0159) | 11.0 it/s | elapsed 6.1 min | epoch ETA 0.7 min
Epoch 046 | train 0.999897 (gt 0.100470, kd 0.015912) | val 0.871450 (gt 0.091309, kd 0.012225) | KL end 1.1749 path 1.5615 | rough FDE 1060.2m
  epoch 047 | batch 500/4,475 (11.2%) | loss 1.0007 (gt 0.1001, kd 0.0158) | 10.9 it/s | elapsed 0.8 min | epoch ETA 6.1 min
  epoch 047 | batch 1,000/4,475 (22.3%) | loss 1.0006 (gt 0.1002, kd 0.0158) | 10.9 it/s | elapsed 1.5 min | epoch ETA 5.3 min
  epoch 047 | batch 1,500/4,475 (33.5%) | loss 1.0005 (gt 0.1002, kd 0.0158) | 10.9 it/s | elapsed 2.3 min | epoch ETA 4.5 min
  epoch 047 | batch 2,000/4,475 (44.7%) | loss 0.9999 (gt 0.1001, kd 0.0157) | 10.9 it/s | elapsed 3.0 min | epoch ETA 3.8 min
  epoch 047 | batch 2,500/4,475 (55.9%) | loss 1.0000 (gt 0.1002, kd 0.0158) | 10.9 it/s | elapsed 3.8 min | epoch ETA 3.0 min
  epoch 047 | batch 3,000/4,475 (67.0%) | loss 1.0000 (gt 0.1003, kd 0.0158) | 10.9 it/s | elapsed 4.6 min | epoch ETA 2.2 min
  epoch 047 | batch 3,500/4,475 (78.2%) | loss 0.9999 (gt 0.1002, kd 0.0158) | 11.0 it/s | elapsed 5.3 min | epoch ETA 1.5 min
  epoch 047 | batch 4,000/4,475 (89.4%) | loss 1.0000 (gt 0.1002, kd 0.0157) | 11.0 it/s | elapsed 6.1 min | epoch ETA 0.7 min
Epoch 047 | train 0.999916 (gt 0.100147, kd 0.015739) | val 0.870599 (gt 0.091190, kd 0.012103) | KL end 1.1643 path 1.5439 | rough FDE 1058.9m
  epoch 048 | batch 500/4,475 (11.2%) | loss 0.9992 (gt 0.0998, kd 0.0157) | 10.9 it/s | elapsed 0.8 min | epoch ETA 6.1 min
  epoch 048 | batch 1,000/4,475 (22.3%) | loss 0.9999 (gt 0.1000, kd 0.0156) | 10.9 it/s | elapsed 1.5 min | epoch ETA 5.3 min
  epoch 048 | batch 1,500/4,475 (33.5%) | loss 0.9997 (gt 0.0999, kd 0.0156) | 10.9 it/s | elapsed 2.3 min | epoch ETA 4.5 min
  epoch 048 | batch 2,000/4,475 (44.7%) | loss 1.0002 (gt 0.1000, kd 0.0156) | 10.9 it/s | elapsed 3.0 min | epoch ETA 3.8 min
  epoch 048 | batch 2,500/4,475 (55.9%) | loss 1.0000 (gt 0.1001, kd 0.0156) | 10.9 it/s | elapsed 3.8 min | epoch ETA 3.0 min
  epoch 048 | batch 3,000/4,475 (67.0%) | loss 1.0000 (gt 0.1000, kd 0.0156) | 10.9 it/s | elapsed 4.6 min | epoch ETA 2.2 min
  epoch 048 | batch 3,500/4,475 (78.2%) | loss 1.0001 (gt 0.1000, kd 0.0156) | 10.9 it/s | elapsed 5.3 min | epoch ETA 1.5 min
  epoch 048 | batch 4,000/4,475 (89.4%) | loss 0.9998 (gt 0.1000, kd 0.0156) | 10.9 it/s | elapsed 6.1 min | epoch ETA 0.7 min
Epoch 048 | train 0.999810 (gt 0.099978, kd 0.015567) | val 0.873831 (gt 0.091072, kd 0.011981) | KL end 1.1620 path 1.5530 | rough FDE 1056.7m
  epoch 049 | batch 500/4,475 (11.2%) | loss 1.0003 (gt 0.1001, kd 0.0155) | 10.9 it/s | elapsed 0.8 min | epoch ETA 6.1 min
  epoch 049 | batch 1,000/4,475 (22.3%) | loss 1.0003 (gt 0.1001, kd 0.0155) | 11.0 it/s | elapsed 1.5 min | epoch ETA 5.3 min
  epoch 049 | batch 1,500/4,475 (33.5%) | loss 1.0006 (gt 0.1000, kd 0.0155) | 11.0 it/s | elapsed 2.3 min | epoch ETA 4.5 min
  epoch 049 | batch 2,000/4,475 (44.7%) | loss 1.0002 (gt 0.0999, kd 0.0155) | 11.0 it/s | elapsed 3.0 min | epoch ETA 3.8 min
  epoch 049 | batch 2,500/4,475 (55.9%) | loss 1.0001 (gt 0.1000, kd 0.0155) | 11.0 it/s | elapsed 3.8 min | epoch ETA 3.0 min
  epoch 049 | batch 3,000/4,475 (67.0%) | loss 1.0000 (gt 0.0999, kd 0.0154) | 11.0 it/s | elapsed 4.6 min | epoch ETA 2.2 min
  epoch 049 | batch 3,500/4,475 (78.2%) | loss 0.9998 (gt 0.0999, kd 0.0154) | 11.0 it/s | elapsed 5.3 min | epoch ETA 1.5 min
  epoch 049 | batch 4,000/4,475 (89.4%) | loss 1.0000 (gt 0.0999, kd 0.0154) | 11.0 it/s | elapsed 6.1 min | epoch ETA 0.7 min
Epoch 049 | train 1.000093 (gt 0.099873, kd 0.015412) | val 0.865974 (gt 0.090946, kd 0.011859) | KL end 1.1614 path 1.5544 | rough FDE 1054.3m
  epoch 050 | batch 500/4,475 (11.2%) | loss 0.9979 (gt 0.0995, kd 0.0153) | 11.0 it/s | elapsed 0.8 min | epoch ETA 6.0 min
  epoch 050 | batch 1,000/4,475 (22.3%) | loss 0.9994 (gt 0.0996, kd 0.0153) | 11.0 it/s | elapsed 1.5 min | epoch ETA 5.3 min
  epoch 050 | batch 1,500/4,475 (33.5%) | loss 0.9994 (gt 0.0995, kd 0.0153) | 11.0 it/s | elapsed 2.3 min | epoch ETA 4.5 min
  epoch 050 | batch 2,000/4,475 (44.7%) | loss 0.9999 (gt 0.0997, kd 0.0153) | 11.0 it/s | elapsed 3.0 min | epoch ETA 3.7 min
  epoch 050 | batch 2,500/4,475 (55.9%) | loss 0.9999 (gt 0.0998, kd 0.0153) | 11.0 it/s | elapsed 3.8 min | epoch ETA 3.0 min
  epoch 050 | batch 3,000/4,475 (67.0%) | loss 0.9998 (gt 0.0998, kd 0.0153) | 11.0 it/s | elapsed 4.5 min | epoch ETA 2.2 min
  epoch 050 | batch 3,500/4,475 (78.2%) | loss 0.9999 (gt 0.0998, kd 0.0153) | 11.0 it/s | elapsed 5.3 min | epoch ETA 1.5 min
  epoch 050 | batch 4,000/4,475 (89.4%) | loss 0.9998 (gt 0.0998, kd 0.0153) | 11.0 it/s | elapsed 6.1 min | epoch ETA 0.7 min
Epoch 050 | train 0.999872 (gt 0.099817, kd 0.015273) | val 0.867041 (gt 0.090836, kd 0.011745) | KL end 1.1605 path 1.5546 | rough FDE 1050.5m | proper FDE 1084.6m (teacher 820.8m)  ✓ best
  epoch 051 | batch 500/4,475 (11.2%) | loss 1.0000 (gt 0.0999, kd 0.0151) | 11.0 it/s | elapsed 0.8 min | epoch ETA 6.0 min
  epoch 051 | batch 1,000/4,475 (22.3%) | loss 0.9999 (gt 0.0998, kd 0.0152) | 11.0 it/s | elapsed 1.5 min | epoch ETA 5.3 min
  epoch 051 | batch 1,500/4,475 (33.5%) | loss 0.9992 (gt 0.0997, kd 0.0151) | 11.0 it/s | elapsed 2.3 min | epoch ETA 4.5 min
  epoch 051 | batch 2,000/4,475 (44.7%) | loss 0.9999 (gt 0.0996, kd 0.0151) | 11.0 it/s | elapsed 3.0 min | epoch ETA 3.7 min
  epoch 051 | batch 2,500/4,475 (55.9%) | loss 0.9997 (gt 0.0996, kd 0.0151) | 11.0 it/s | elapsed 3.8 min | epoch ETA 3.0 min
  epoch 051 | batch 3,000/4,475 (67.0%) | loss 0.9996 (gt 0.0996, kd 0.0151) | 11.0 it/s | elapsed 4.5 min | epoch ETA 2.2 min
  epoch 051 | batch 3,500/4,475 (78.2%) | loss 0.9997 (gt 0.0996, kd 0.0151) | 11.0 it/s | elapsed 5.3 min | epoch ETA 1.5 min
  epoch 051 | batch 4,000/4,475 (89.4%) | loss 0.9997 (gt 0.0996, kd 0.0151) | 11.0 it/s | elapsed 6.0 min | epoch ETA 0.7 min
Epoch 051 | train 0.999883 (gt 0.099526, kd 0.015109) | val 0.868053 (gt 0.090746, kd 0.011640) | KL end 1.1586 path 1.5552 | rough FDE 1048.3m
  epoch 052 | batch 500/4,475 (11.2%) | loss 0.9989 (gt 0.0995, kd 0.0150) | 10.9 it/s | elapsed 0.8 min | epoch ETA 6.1 min
  epoch 052 | batch 1,000/4,475 (22.3%) | loss 1.0001 (gt 0.0997, kd 0.0150) | 10.9 it/s | elapsed 1.5 min | epoch ETA 5.3 min
  epoch 052 | batch 1,500/4,475 (33.5%) | loss 0.9997 (gt 0.0995, kd 0.0150) | 11.0 it/s | elapsed 2.3 min | epoch ETA 4.5 min
  epoch 052 | batch 2,000/4,475 (44.7%) | loss 1.0001 (gt 0.0995, kd 0.0150) | 11.0 it/s | elapsed 3.0 min | epoch ETA 3.8 min
  epoch 052 | batch 2,500/4,475 (55.9%) | loss 0.9995 (gt 0.0995, kd 0.0150) | 11.0 it/s | elapsed 3.8 min | epoch ETA 3.0 min
  epoch 052 | batch 3,000/4,475 (67.0%) | loss 0.9999 (gt 0.0995, kd 0.0150) | 11.0 it/s | elapsed 4.6 min | epoch ETA 2.2 min
  epoch 052 | batch 3,500/4,475 (78.2%) | loss 0.9998 (gt 0.0995, kd 0.0150) | 11.0 it/s | elapsed 5.3 min | epoch ETA 1.5 min
  epoch 052 | batch 4,000/4,475 (89.4%) | loss 0.9999 (gt 0.0995, kd 0.0150) | 11.0 it/s | elapsed 6.1 min | epoch ETA 0.7 min
Epoch 052 | train 0.999999 (gt 0.099485, kd 0.014998) | val 0.864532 (gt 0.090630, kd 0.011550) | KL end 1.1465 path 1.5371 | rough FDE 1048.0m
  epoch 053 | batch 500/4,475 (11.2%) | loss 0.9982 (gt 0.0998, kd 0.0150) | 10.9 it/s | elapsed 0.8 min | epoch ETA 6.1 min
  epoch 053 | batch 1,000/4,475 (22.3%) | loss 0.9987 (gt 0.0996, kd 0.0149) | 10.9 it/s | elapsed 1.5 min | epoch ETA 5.3 min
  epoch 053 | batch 1,500/4,475 (33.5%) | loss 0.9998 (gt 0.0995, kd 0.0149) | 10.9 it/s | elapsed 2.3 min | epoch ETA 4.5 min
  epoch 053 | batch 2,000/4,475 (44.7%) | loss 0.9995 (gt 0.0994, kd 0.0149) | 11.0 it/s | elapsed 3.0 min | epoch ETA 3.8 min
  epoch 053 | batch 2,500/4,475 (55.9%) | loss 0.9994 (gt 0.0994, kd 0.0149) | 10.9 it/s | elapsed 3.8 min | epoch ETA 3.0 min
  epoch 053 | batch 3,000/4,475 (67.0%) | loss 0.9996 (gt 0.0993, kd 0.0149) | 11.0 it/s | elapsed 4.6 min | epoch ETA 2.2 min
  epoch 053 | batch 3,500/4,475 (78.2%) | loss 0.9997 (gt 0.0994, kd 0.0149) | 11.0 it/s | elapsed 5.3 min | epoch ETA 1.5 min
  epoch 053 | batch 4,000/4,475 (89.4%) | loss 0.9997 (gt 0.0994, kd 0.0149) | 11.0 it/s | elapsed 6.1 min | epoch ETA 0.7 min
Epoch 053 | train 0.999650 (gt 0.099338, kd 0.014836) | val 0.874655 (gt 0.090541, kd 0.011458) | KL end 1.1454 path 1.5269 | rough FDE 1046.3m
  epoch 054 | batch 500/4,475 (11.2%) | loss 0.9999 (gt 0.0988, kd 0.0147) | 10.9 it/s | elapsed 0.8 min | epoch ETA 6.1 min
  epoch 054 | batch 1,000/4,475 (22.3%) | loss 0.9995 (gt 0.0988, kd 0.0147) | 10.9 it/s | elapsed 1.5 min | epoch ETA 5.3 min
  epoch 054 | batch 1,500/4,475 (33.5%) | loss 1.0006 (gt 0.0990, kd 0.0147) | 11.0 it/s | elapsed 2.3 min | epoch ETA 4.5 min
  epoch 054 | batch 2,000/4,475 (44.7%) | loss 1.0003 (gt 0.0991, kd 0.0147) | 11.0 it/s | elapsed 3.0 min | epoch ETA 3.8 min
  epoch 054 | batch 2,500/4,475 (55.9%) | loss 1.0001 (gt 0.0991, kd 0.0147) | 11.0 it/s | elapsed 3.8 min | epoch ETA 3.0 min
  epoch 054 | batch 3,000/4,475 (67.0%) | loss 1.0002 (gt 0.0991, kd 0.0147) | 11.0 it/s | elapsed 4.6 min | epoch ETA 2.2 min
  epoch 054 | batch 3,500/4,475 (78.2%) | loss 1.0002 (gt 0.0991, kd 0.0147) | 11.0 it/s | elapsed 5.3 min | epoch ETA 1.5 min
  epoch 054 | batch 4,000/4,475 (89.4%) | loss 1.0000 (gt 0.0991, kd 0.0147) | 11.0 it/s | elapsed 6.1 min | epoch ETA 0.7 min
Epoch 054 | train 0.999928 (gt 0.099114, kd 0.014708) | val 0.874324 (gt 0.090468, kd 0.011363) | KL end 1.1388 path 1.5227 | rough FDE 1044.5m
  epoch 055 | batch 500/4,475 (11.2%) | loss 1.0018 (gt 0.0991, kd 0.0146) | 10.9 it/s | elapsed 0.8 min | epoch ETA 6.1 min
  epoch 055 | batch 1,000/4,475 (22.3%) | loss 1.0002 (gt 0.0990, kd 0.0146) | 11.0 it/s | elapsed 1.5 min | epoch ETA 5.3 min
  epoch 055 | batch 1,500/4,475 (33.5%) | loss 1.0000 (gt 0.0989, kd 0.0146) | 11.0 it/s | elapsed 2.3 min | epoch ETA 4.5 min
  epoch 055 | batch 2,000/4,475 (44.7%) | loss 1.0002 (gt 0.0991, kd 0.0146) | 11.0 it/s | elapsed 3.0 min | epoch ETA 3.8 min
  epoch 055 | batch 2,500/4,475 (55.9%) | loss 1.0000 (gt 0.0991, kd 0.0146) | 11.0 it/s | elapsed 3.8 min | epoch ETA 3.0 min
  epoch 055 | batch 3,000/4,475 (67.0%) | loss 1.0001 (gt 0.0990, kd 0.0146) | 11.0 it/s | elapsed 4.6 min | epoch ETA 2.2 min
  epoch 055 | batch 3,500/4,475 (78.2%) | loss 1.0000 (gt 0.0990, kd 0.0146) | 11.0 it/s | elapsed 5.3 min | epoch ETA 1.5 min
  epoch 055 | batch 4,000/4,475 (89.4%) | loss 1.0000 (gt 0.0990, kd 0.0146) | 11.0 it/s | elapsed 6.1 min | epoch ETA 0.7 min
Epoch 055 | train 0.999931 (gt 0.098971, kd 0.014570) | val 0.873510 (gt 0.090383, kd 0.011272) | KL end 1.1433 path 1.5294 | rough FDE 1042.8m | proper FDE 1071.1m (teacher 820.8m)  ✓ best
  epoch 056 | batch 500/4,475 (11.2%) | loss 0.9993 (gt 0.0991, kd 0.0145) | 10.9 it/s | elapsed 0.8 min | epoch ETA 6.1 min
  epoch 056 | batch 1,000/4,475 (22.3%) | loss 1.0003 (gt 0.0990, kd 0.0145) | 10.9 it/s | elapsed 1.5 min | epoch ETA 5.3 min
  epoch 056 | batch 1,500/4,475 (33.5%) | loss 1.0000 (gt 0.0990, kd 0.0145) | 10.9 it/s | elapsed 2.3 min | epoch ETA 4.5 min
  epoch 056 | batch 2,000/4,475 (44.7%) | loss 0.9999 (gt 0.0990, kd 0.0145) | 11.0 it/s | elapsed 3.0 min | epoch ETA 3.8 min
  epoch 056 | batch 2,500/4,475 (55.9%) | loss 1.0002 (gt 0.0990, kd 0.0145) | 11.0 it/s | elapsed 3.8 min | epoch ETA 3.0 min
  epoch 056 | batch 3,000/4,475 (67.0%) | loss 1.0002 (gt 0.0990, kd 0.0145) | 11.0 it/s | elapsed 4.6 min | epoch ETA 2.2 min
  epoch 056 | batch 3,500/4,475 (78.2%) | loss 1.0001 (gt 0.0990, kd 0.0145) | 11.0 it/s | elapsed 5.3 min | epoch ETA 1.5 min
  epoch 056 | batch 4,000/4,475 (89.4%) | loss 1.0000 (gt 0.0990, kd 0.0145) | 11.0 it/s | elapsed 6.1 min | epoch ETA 0.7 min
Epoch 056 | train 0.999965 (gt 0.098981, kd 0.014475) | val 0.871459 (gt 0.090296, kd 0.011183) | KL end 1.1388 path 1.5220 | rough FDE 1042.7m
  epoch 057 | batch 500/4,475 (11.2%) | loss 0.9990 (gt 0.0988, kd 0.0143) | 10.9 it/s | elapsed 0.8 min | epoch ETA 6.1 min
  epoch 057 | batch 1,000/4,475 (22.3%) | loss 1.0001 (gt 0.0989, kd 0.0144) | 10.9 it/s | elapsed 1.5 min | epoch ETA 5.3 min
  epoch 057 | batch 1,500/4,475 (33.5%) | loss 0.9998 (gt 0.0989, kd 0.0144) | 11.0 it/s | elapsed 2.3 min | epoch ETA 4.5 min
  epoch 057 | batch 2,000/4,475 (44.7%) | loss 0.9996 (gt 0.0990, kd 0.0144) | 11.0 it/s | elapsed 3.0 min | epoch ETA 3.8 min
  epoch 057 | batch 2,500/4,475 (55.9%) | loss 0.9998 (gt 0.0989, kd 0.0144) | 11.0 it/s | elapsed 3.8 min | epoch ETA 3.0 min
  epoch 057 | batch 3,000/4,475 (67.0%) | loss 0.9998 (gt 0.0988, kd 0.0143) | 11.0 it/s | elapsed 4.6 min | epoch ETA 2.2 min
  epoch 057 | batch 3,500/4,475 (78.2%) | loss 0.9999 (gt 0.0988, kd 0.0143) | 11.0 it/s | elapsed 5.3 min | epoch ETA 1.5 min
  epoch 057 | batch 4,000/4,475 (89.4%) | loss 1.0000 (gt 0.0988, kd 0.0143) | 11.0 it/s | elapsed 6.1 min | epoch ETA 0.7 min
Epoch 057 | train 0.999943 (gt 0.098852, kd 0.014329) | val 0.870313 (gt 0.090189, kd 0.011103) | KL end 1.1348 path 1.5249 | rough FDE 1041.2m
  epoch 058 | batch 500/4,475 (11.2%) | loss 0.9980 (gt 0.0982, kd 0.0142) | 10.9 it/s | elapsed 0.8 min | epoch ETA 6.1 min
  epoch 058 | batch 1,000/4,475 (22.3%) | loss 0.9991 (gt 0.0983, kd 0.0142) | 11.0 it/s | elapsed 1.5 min | epoch ETA 5.3 min
  epoch 058 | batch 1,500/4,475 (33.5%) | loss 0.9997 (gt 0.0984, kd 0.0142) | 11.0 it/s | elapsed 2.3 min | epoch ETA 4.5 min
  epoch 058 | batch 2,000/4,475 (44.7%) | loss 0.9997 (gt 0.0985, kd 0.0142) | 11.0 it/s | elapsed 3.0 min | epoch ETA 3.8 min
  epoch 058 | batch 2,500/4,475 (55.9%) | loss 0.9998 (gt 0.0985, kd 0.0142) | 11.0 it/s | elapsed 3.8 min | epoch ETA 3.0 min
  epoch 058 | batch 3,000/4,475 (67.0%) | loss 1.0000 (gt 0.0986, kd 0.0142) | 11.0 it/s | elapsed 4.5 min | epoch ETA 2.2 min
  epoch 058 | batch 3,500/4,475 (78.2%) | loss 0.9999 (gt 0.0986, kd 0.0142) | 11.0 it/s | elapsed 5.3 min | epoch ETA 1.5 min
  epoch 058 | batch 4,000/4,475 (89.4%) | loss 0.9999 (gt 0.0986, kd 0.0142) | 11.0 it/s | elapsed 6.1 min | epoch ETA 0.7 min
Epoch 058 | train 0.999719 (gt 0.098617, kd 0.014218) | val 0.878411 (gt 0.090102, kd 0.011026) | KL end 1.1307 path 1.5201 | rough FDE 1040.1m
  epoch 059 | batch 500/4,475 (11.2%) | loss 1.0012 (gt 0.0986, kd 0.0141) | 11.0 it/s | elapsed 0.8 min | epoch ETA 6.0 min
  epoch 059 | batch 1,000/4,475 (22.3%) | loss 1.0009 (gt 0.0987, kd 0.0142) | 11.0 it/s | elapsed 1.5 min | epoch ETA 5.3 min
  epoch 059 | batch 1,500/4,475 (33.5%) | loss 1.0002 (gt 0.0985, kd 0.0142) | 11.0 it/s | elapsed 2.3 min | epoch ETA 4.5 min
  epoch 059 | batch 2,000/4,475 (44.7%) | loss 1.0003 (gt 0.0986, kd 0.0141) | 11.0 it/s | elapsed 3.0 min | epoch ETA 3.7 min
  epoch 059 | batch 2,500/4,475 (55.9%) | loss 1.0001 (gt 0.0986, kd 0.0141) | 11.0 it/s | elapsed 3.8 min | epoch ETA 3.0 min
  epoch 059 | batch 3,000/4,475 (67.0%) | loss 1.0002 (gt 0.0986, kd 0.0141) | 11.0 it/s | elapsed 4.5 min | epoch ETA 2.2 min
  epoch 059 | batch 3,500/4,475 (78.2%) | loss 1.0000 (gt 0.0986, kd 0.0141) | 11.0 it/s | elapsed 5.3 min | epoch ETA 1.5 min
  epoch 059 | batch 4,000/4,475 (89.4%) | loss 1.0000 (gt 0.0986, kd 0.0141) | 11.0 it/s | elapsed 6.1 min | epoch ETA 0.7 min
Epoch 059 | train 1.000232 (gt 0.098605, kd 0.014109) | val 0.866513 (gt 0.090039, kd 0.010958) | KL end 1.1322 path 1.5133 | rough FDE 1038.6m
  epoch 060 | batch 500/4,475 (11.2%) | loss 0.9989 (gt 0.0986, kd 0.0140) | 11.0 it/s | elapsed 0.8 min | epoch ETA 6.0 min
  epoch 060 | batch 1,000/4,475 (22.3%) | loss 0.9996 (gt 0.0986, kd 0.0140) | 11.0 it/s | elapsed 1.5 min | epoch ETA 5.3 min
  epoch 060 | batch 1,500/4,475 (33.5%) | loss 0.9992 (gt 0.0986, kd 0.0140) | 11.0 it/s | elapsed 2.3 min | epoch ETA 4.5 min
  epoch 060 | batch 2,000/4,475 (44.7%) | loss 0.9994 (gt 0.0985, kd 0.0140) | 11.0 it/s | elapsed 3.0 min | epoch ETA 3.8 min
  epoch 060 | batch 2,500/4,475 (55.9%) | loss 0.9995 (gt 0.0984, kd 0.0140) | 11.0 it/s | elapsed 3.8 min | epoch ETA 3.0 min
  epoch 060 | batch 3,000/4,475 (67.0%) | loss 0.9997 (gt 0.0985, kd 0.0140) | 11.0 it/s | elapsed 4.6 min | epoch ETA 2.2 min
  epoch 060 | batch 3,500/4,475 (78.2%) | loss 0.9997 (gt 0.0985, kd 0.0140) | 11.0 it/s | elapsed 5.3 min | epoch ETA 1.5 min
  epoch 060 | batch 4,000/4,475 (89.4%) | loss 0.9998 (gt 0.0985, kd 0.0140) | 11.0 it/s | elapsed 6.1 min | epoch ETA 0.7 min
Epoch 060 | train 0.999673 (gt 0.098490, kd 0.014004) | val 0.876365 (gt 0.089973, kd 0.010882) | KL end 1.1234 path 1.5060 | rough FDE 1036.9m | proper FDE 1054.6m (teacher 820.8m)  ✓ best
  epoch 061 | batch 500/4,475 (11.2%) | loss 0.9995 (gt 0.0982, kd 0.0139) | 10.9 it/s | elapsed 0.8 min | epoch ETA 6.1 min
  epoch 061 | batch 1,000/4,475 (22.3%) | loss 1.0000 (gt 0.0983, kd 0.0139) | 11.0 it/s | elapsed 1.5 min | epoch ETA 5.3 min
  epoch 061 | batch 1,500/4,475 (33.5%) | loss 0.9997 (gt 0.0983, kd 0.0139) | 11.0 it/s | elapsed 2.3 min | epoch ETA 4.5 min
  epoch 061 | batch 2,000/4,475 (44.7%) | loss 1.0003 (gt 0.0984, kd 0.0139) | 11.0 it/s | elapsed 3.0 min | epoch ETA 3.8 min
  epoch 061 | batch 2,500/4,475 (55.9%) | loss 1.0000 (gt 0.0983, kd 0.0139) | 11.0 it/s | elapsed 3.8 min | epoch ETA 3.0 min
  epoch 061 | batch 3,000/4,475 (67.0%) | loss 0.9999 (gt 0.0983, kd 0.0139) | 11.0 it/s | elapsed 4.5 min | epoch ETA 2.2 min
  epoch 061 | batch 3,500/4,475 (78.2%) | loss 0.9999 (gt 0.0983, kd 0.0139) | 11.0 it/s | elapsed 5.3 min | epoch ETA 1.5 min
  epoch 061 | batch 4,000/4,475 (89.4%) | loss 0.9999 (gt 0.0983, kd 0.0139) | 11.0 it/s | elapsed 6.1 min | epoch ETA 0.7 min
Epoch 061 | train 0.999930 (gt 0.098310, kd 0.013878) | val 0.876265 (gt 0.089912, kd 0.010817) | KL end 1.1198 path 1.5022 | rough FDE 1034.9m
  epoch 062 | batch 500/4,475 (11.2%) | loss 0.9994 (gt 0.0984, kd 0.0138) | 10.9 it/s | elapsed 0.8 min | epoch ETA 6.1 min
  epoch 062 | batch 1,000/4,475 (22.3%) | loss 0.9996 (gt 0.0983, kd 0.0138) | 11.0 it/s | elapsed 1.5 min | epoch ETA 5.3 min
  epoch 062 | batch 1,500/4,475 (33.5%) | loss 1.0001 (gt 0.0983, kd 0.0138) | 11.0 it/s | elapsed 2.3 min | epoch ETA 4.5 min
  epoch 062 | batch 2,000/4,475 (44.7%) | loss 1.0000 (gt 0.0983, kd 0.0138) | 11.0 it/s | elapsed 3.0 min | epoch ETA 3.8 min
  epoch 062 | batch 2,500/4,475 (55.9%) | loss 1.0001 (gt 0.0983, kd 0.0138) | 11.0 it/s | elapsed 3.8 min | epoch ETA 3.0 min
  epoch 062 | batch 3,000/4,475 (67.0%) | loss 0.9999 (gt 0.0983, kd 0.0138) | 11.0 it/s | elapsed 4.6 min | epoch ETA 2.2 min
  epoch 062 | batch 3,500/4,475 (78.2%) | loss 0.9999 (gt 0.0983, kd 0.0138) | 11.0 it/s | elapsed 5.3 min | epoch ETA 1.5 min
  epoch 062 | batch 4,000/4,475 (89.4%) | loss 1.0000 (gt 0.0983, kd 0.0138) | 11.0 it/s | elapsed 6.1 min | epoch ETA 0.7 min
Epoch 062 | train 0.999921 (gt 0.098303, kd 0.013776) | val 0.876531 (gt 0.089838, kd 0.010744) | KL end 1.1113 path 1.5053 | rough FDE 1032.2m
  epoch 063 | batch 500/4,475 (11.2%) | loss 1.0000 (gt 0.0982, kd 0.0137) | 10.9 it/s | elapsed 0.8 min | epoch ETA 6.1 min
  epoch 063 | batch 1,000/4,475 (22.3%) | loss 1.0003 (gt 0.0984, kd 0.0137) | 11.0 it/s | elapsed 1.5 min | epoch ETA 5.3 min
  epoch 063 | batch 1,500/4,475 (33.5%) | loss 0.9998 (gt 0.0982, kd 0.0137) | 11.0 it/s | elapsed 2.3 min | epoch ETA 4.5 min
  epoch 063 | batch 2,000/4,475 (44.7%) | loss 1.0001 (gt 0.0983, kd 0.0137) | 11.0 it/s | elapsed 3.0 min | epoch ETA 3.8 min
  epoch 063 | batch 2,500/4,475 (55.9%) | loss 1.0005 (gt 0.0984, kd 0.0137) | 11.0 it/s | elapsed 3.8 min | epoch ETA 3.0 min
  epoch 063 | batch 3,000/4,475 (67.0%) | loss 0.9999 (gt 0.0983, kd 0.0137) | 11.0 it/s | elapsed 4.5 min | epoch ETA 2.2 min
  epoch 063 | batch 3,500/4,475 (78.2%) | loss 0.9997 (gt 0.0982, kd 0.0137) | 11.0 it/s | elapsed 5.3 min | epoch ETA 1.5 min
  epoch 063 | batch 4,000/4,475 (89.4%) | loss 1.0001 (gt 0.0982, kd 0.0137) | 11.0 it/s | elapsed 6.1 min | epoch ETA 0.7 min
Epoch 063 | train 0.999825 (gt 0.098168, kd 0.013690) | val 0.880656 (gt 0.089754, kd 0.010682) | KL end 1.1072 path 1.5072 | rough FDE 1028.8m
  epoch 064 | batch 500/4,475 (11.2%) | loss 1.0019 (gt 0.0981, kd 0.0136) | 11.0 it/s | elapsed 0.8 min | epoch ETA 6.0 min
  epoch 064 | batch 1,000/4,475 (22.3%) | loss 1.0008 (gt 0.0981, kd 0.0136) | 11.0 it/s | elapsed 1.5 min | epoch ETA 5.3 min
  epoch 064 | batch 1,500/4,475 (33.5%) | loss 1.0002 (gt 0.0980, kd 0.0136) | 11.0 it/s | elapsed 2.3 min | epoch ETA 4.5 min
  epoch 064 | batch 2,000/4,475 (44.7%) | loss 0.9998 (gt 0.0981, kd 0.0136) | 11.0 it/s | elapsed 3.0 min | epoch ETA 3.7 min
  epoch 064 | batch 2,500/4,475 (55.9%) | loss 1.0001 (gt 0.0981, kd 0.0136) | 11.0 it/s | elapsed 3.8 min | epoch ETA 3.0 min
  epoch 064 | batch 3,000/4,475 (67.0%) | loss 1.0000 (gt 0.0981, kd 0.0136) | 11.0 it/s | elapsed 4.5 min | epoch ETA 2.2 min
  epoch 064 | batch 3,500/4,475 (78.2%) | loss 1.0000 (gt 0.0981, kd 0.0136) | 11.0 it/s | elapsed 5.3 min | epoch ETA 1.5 min
  epoch 064 | batch 4,000/4,475 (89.4%) | loss 1.0001 (gt 0.0980, kd 0.0136) | 11.0 it/s | elapsed 6.1 min | epoch ETA 0.7 min
Epoch 064 | train 0.999970 (gt 0.098061, kd 0.013578) | val 0.878797 (gt 0.089696, kd 0.010625) | KL end 1.1018 path 1.5031 | rough FDE 1030.8m
  epoch 065 | batch 500/4,475 (11.2%) | loss 1.0012 (gt 0.0981, kd 0.0135) | 10.9 it/s | elapsed 0.8 min | epoch ETA 6.1 min
  epoch 065 | batch 1,000/4,475 (22.3%) | loss 1.0004 (gt 0.0980, kd 0.0135) | 11.0 it/s | elapsed 1.5 min | epoch ETA 5.3 min
  epoch 065 | batch 1,500/4,475 (33.5%) | loss 1.0001 (gt 0.0979, kd 0.0135) | 11.0 it/s | elapsed 2.3 min | epoch ETA 4.5 min
  epoch 065 | batch 2,000/4,475 (44.7%) | loss 0.9999 (gt 0.0979, kd 0.0135) | 11.0 it/s | elapsed 3.0 min | epoch ETA 3.8 min
  epoch 065 | batch 2,500/4,475 (55.9%) | loss 1.0001 (gt 0.0979, kd 0.0135) | 11.0 it/s | elapsed 3.8 min | epoch ETA 3.0 min
  epoch 065 | batch 3,000/4,475 (67.0%) | loss 1.0000 (gt 0.0979, kd 0.0135) | 11.0 it/s | elapsed 4.6 min | epoch ETA 2.2 min
  epoch 065 | batch 3,500/4,475 (78.2%) | loss 0.9999 (gt 0.0979, kd 0.0135) | 11.0 it/s | elapsed 5.3 min | epoch ETA 1.5 min
  epoch 065 | batch 4,000/4,475 (89.4%) | loss 1.0000 (gt 0.0979, kd 0.0135) | 11.0 it/s | elapsed 6.1 min | epoch ETA 0.7 min
Epoch 065 | train 1.000028 (gt 0.097881, kd 0.013496) | val 0.875279 (gt 0.089632, kd 0.010567) | KL end 1.1038 path 1.5047 | rough FDE 1030.6m | proper FDE 1049.6m (teacher 820.8m)  ✓ best
  epoch 066 | batch 500/4,475 (11.2%) | loss 0.9990 (gt 0.0976, kd 0.0134) | 10.9 it/s | elapsed 0.8 min | epoch ETA 6.1 min
  epoch 066 | batch 1,000/4,475 (22.3%) | loss 0.9996 (gt 0.0976, kd 0.0134) | 11.0 it/s | elapsed 1.5 min | epoch ETA 5.3 min
  epoch 066 | batch 1,500/4,475 (33.5%) | loss 1.0002 (gt 0.0977, kd 0.0134) | 11.0 it/s | elapsed 2.3 min | epoch ETA 4.5 min
  epoch 066 | batch 2,000/4,475 (44.7%) | loss 1.0002 (gt 0.0979, kd 0.0134) | 11.0 it/s | elapsed 3.0 min | epoch ETA 3.8 min
  epoch 066 | batch 2,500/4,475 (55.9%) | loss 0.9999 (gt 0.0979, kd 0.0134) | 11.0 it/s | elapsed 3.8 min | epoch ETA 3.0 min
  epoch 066 | batch 3,000/4,475 (67.0%) | loss 0.9998 (gt 0.0979, kd 0.0134) | 11.0 it/s | elapsed 4.6 min | epoch ETA 2.2 min
  epoch 066 | batch 3,500/4,475 (78.2%) | loss 0.9997 (gt 0.0978, kd 0.0134) | 11.0 it/s | elapsed 5.3 min | epoch ETA 1.5 min
  epoch 066 | batch 4,000/4,475 (89.4%) | loss 0.9999 (gt 0.0978, kd 0.0134) | 11.0 it/s | elapsed 6.1 min | epoch ETA 0.7 min
Epoch 066 | train 1.000027 (gt 0.097858, kd 0.013398) | val 0.871552 (gt 0.089581, kd 0.010511) | KL end 1.1012 path 1.5070 | rough FDE 1031.4m
  epoch 067 | batch 500/4,475 (11.2%) | loss 0.9985 (gt 0.0979, kd 0.0134) | 10.9 it/s | elapsed 0.8 min | epoch ETA 6.1 min
  epoch 067 | batch 1,000/4,475 (22.3%) | loss 0.9990 (gt 0.0979, kd 0.0134) | 10.9 it/s | elapsed 1.5 min | epoch ETA 5.3 min
  epoch 067 | batch 1,500/4,475 (33.5%) | loss 0.9998 (gt 0.0979, kd 0.0134) | 11.0 it/s | elapsed 2.3 min | epoch ETA 4.5 min
  epoch 067 | batch 2,000/4,475 (44.7%) | loss 0.9997 (gt 0.0979, kd 0.0134) | 11.0 it/s | elapsed 3.0 min | epoch ETA 3.8 min
  epoch 067 | batch 2,500/4,475 (55.9%) | loss 0.9999 (gt 0.0979, kd 0.0134) | 11.0 it/s | elapsed 3.8 min | epoch ETA 3.0 min
  epoch 067 | batch 3,000/4,475 (67.0%) | loss 0.9997 (gt 0.0979, kd 0.0133) | 11.0 it/s | elapsed 4.6 min | epoch ETA 2.2 min
  epoch 067 | batch 3,500/4,475 (78.2%) | loss 0.9996 (gt 0.0978, kd 0.0133) | 11.0 it/s | elapsed 5.3 min | epoch ETA 1.5 min
  epoch 067 | batch 4,000/4,475 (89.4%) | loss 0.9998 (gt 0.0978, kd 0.0133) | 11.0 it/s | elapsed 6.1 min | epoch ETA 0.7 min
Epoch 067 | train 0.999908 (gt 0.097785, kd 0.013330) | val 0.873006 (gt 0.089535, kd 0.010458) | KL end 1.0957 path 1.5066 | rough FDE 1030.7m
  epoch 068 | batch 500/4,475 (11.2%) | loss 0.9988 (gt 0.0978, kd 0.0133) | 10.9 it/s | elapsed 0.8 min | epoch ETA 6.1 min
  epoch 068 | batch 1,000/4,475 (22.3%) | loss 1.0000 (gt 0.0980, kd 0.0133) | 11.0 it/s | elapsed 1.5 min | epoch ETA 5.3 min
  epoch 068 | batch 1,500/4,475 (33.5%) | loss 0.9993 (gt 0.0979, kd 0.0133) | 11.0 it/s | elapsed 2.3 min | epoch ETA 4.5 min
  epoch 068 | batch 2,000/4,475 (44.7%) | loss 0.9996 (gt 0.0978, kd 0.0132) | 11.0 it/s | elapsed 3.0 min | epoch ETA 3.8 min
  epoch 068 | batch 2,500/4,475 (55.9%) | loss 0.9998 (gt 0.0977, kd 0.0132) | 11.0 it/s | elapsed 3.8 min | epoch ETA 3.0 min
  epoch 068 | batch 3,000/4,475 (67.0%) | loss 1.0000 (gt 0.0978, kd 0.0132) | 11.0 it/s | elapsed 4.6 min | epoch ETA 2.2 min
  epoch 068 | batch 3,500/4,475 (78.2%) | loss 0.9998 (gt 0.0977, kd 0.0132) | 11.0 it/s | elapsed 5.3 min | epoch ETA 1.5 min
  epoch 068 | batch 4,000/4,475 (89.4%) | loss 0.9998 (gt 0.0977, kd 0.0132) | 11.0 it/s | elapsed 6.1 min | epoch ETA 0.7 min
Epoch 068 | train 0.999802 (gt 0.097722, kd 0.013232) | val 0.878196 (gt 0.089487, kd 0.010403) | KL end 1.1019 path 1.5088 | rough FDE 1027.6m
  epoch 069 | batch 500/4,475 (11.2%) | loss 1.0009 (gt 0.0981, kd 0.0132) | 10.9 it/s | elapsed 0.8 min | epoch ETA 6.1 min
  epoch 069 | batch 1,000/4,475 (22.3%) | loss 1.0001 (gt 0.0978, kd 0.0132) | 11.0 it/s | elapsed 1.5 min | epoch ETA 5.3 min
  epoch 069 | batch 1,500/4,475 (33.5%) | loss 0.9995 (gt 0.0976, kd 0.0132) | 11.0 it/s | elapsed 2.3 min | epoch ETA 4.5 min
  epoch 069 | batch 2,000/4,475 (44.7%) | loss 0.9995 (gt 0.0976, kd 0.0131) | 11.0 it/s | elapsed 3.0 min | epoch ETA 3.8 min
  epoch 069 | batch 2,500/4,475 (55.9%) | loss 1.0000 (gt 0.0976, kd 0.0132) | 11.0 it/s | elapsed 3.8 min | epoch ETA 3.0 min
  epoch 069 | batch 3,000/4,475 (67.0%) | loss 0.9998 (gt 0.0976, kd 0.0132) | 11.0 it/s | elapsed 4.6 min | epoch ETA 2.2 min
  epoch 069 | batch 3,500/4,475 (78.2%) | loss 0.9999 (gt 0.0976, kd 0.0132) | 11.0 it/s | elapsed 5.3 min | epoch ETA 1.5 min
  epoch 069 | batch 4,000/4,475 (89.4%) | loss 0.9998 (gt 0.0976, kd 0.0132) | 11.0 it/s | elapsed 6.1 min | epoch ETA 0.7 min
Epoch 069 | train 0.999928 (gt 0.097577, kd 0.013146) | val 0.879005 (gt 0.089451, kd 0.010362) | KL end 1.1028 path 1.5121 | rough FDE 1026.8m
  epoch 070 | batch 500/4,475 (11.2%) | loss 1.0000 (gt 0.0974, kd 0.0131) | 10.9 it/s | elapsed 0.8 min | epoch ETA 6.1 min
  epoch 070 | batch 1,000/4,475 (22.3%) | loss 0.9996 (gt 0.0975, kd 0.0131) | 10.9 it/s | elapsed 1.5 min | epoch ETA 5.3 min
  epoch 070 | batch 1,500/4,475 (33.5%) | loss 1.0001 (gt 0.0976, kd 0.0131) | 11.0 it/s | elapsed 2.3 min | epoch ETA 4.5 min
  epoch 070 | batch 2,000/4,475 (44.7%) | loss 0.9996 (gt 0.0975, kd 0.0131) | 11.0 it/s | elapsed 3.0 min | epoch ETA 3.8 min
  epoch 070 | batch 2,500/4,475 (55.9%) | loss 0.9995 (gt 0.0973, kd 0.0130) | 11.0 it/s | elapsed 3.8 min | epoch ETA 3.0 min
  epoch 070 | batch 3,000/4,475 (67.0%) | loss 1.0002 (gt 0.0974, kd 0.0131) | 11.0 it/s | elapsed 4.6 min | epoch ETA 2.2 min
  epoch 070 | batch 3,500/4,475 (78.2%) | loss 0.9998 (gt 0.0974, kd 0.0131) | 11.0 it/s | elapsed 5.3 min | epoch ETA 1.5 min
  epoch 070 | batch 4,000/4,475 (89.4%) | loss 0.9998 (gt 0.0974, kd 0.0131) | 11.0 it/s | elapsed 6.1 min | epoch ETA 0.7 min
Epoch 070 | train 0.999896 (gt 0.097432, kd 0.013053) | val 0.880813 (gt 0.089416, kd 0.010317) | KL end 1.0861 path 1.5063 | rough FDE 1026.7m | proper FDE 1039.9m (teacher 820.8m)  ✓ best
  epoch 071 | batch 500/4,475 (11.2%) | loss 1.0005 (gt 0.0975, kd 0.0130) | 10.9 it/s | elapsed 0.8 min | epoch ETA 6.1 min
  epoch 071 | batch 1,000/4,475 (22.3%) | loss 0.9999 (gt 0.0976, kd 0.0130) | 10.9 it/s | elapsed 1.5 min | epoch ETA 5.3 min
  epoch 071 | batch 1,500/4,475 (33.5%) | loss 0.9999 (gt 0.0975, kd 0.0130) | 10.9 it/s | elapsed 2.3 min | epoch ETA 4.5 min
  epoch 071 | batch 2,000/4,475 (44.7%) | loss 0.9995 (gt 0.0974, kd 0.0130) | 11.0 it/s | elapsed 3.0 min | epoch ETA 3.8 min
  epoch 071 | batch 2,500/4,475 (55.9%) | loss 1.0001 (gt 0.0974, kd 0.0130) | 11.0 it/s | elapsed 3.8 min | epoch ETA 3.0 min
  epoch 071 | batch 3,000/4,475 (67.0%) | loss 1.0000 (gt 0.0974, kd 0.0130) | 11.0 it/s | elapsed 4.6 min | epoch ETA 2.2 min
  epoch 071 | batch 3,500/4,475 (78.2%) | loss 1.0001 (gt 0.0974, kd 0.0130) | 11.0 it/s | elapsed 5.3 min | epoch ETA 1.5 min
  epoch 071 | batch 4,000/4,475 (89.4%) | loss 1.0001 (gt 0.0974, kd 0.0130) | 11.0 it/s | elapsed 6.1 min | epoch ETA 0.7 min
Epoch 071 | train 0.999995 (gt 0.097399, kd 0.012986) | val 0.879011 (gt 0.089368, kd 0.010275) | KL end 1.0813 path 1.5021 | rough FDE 1026.9m
  epoch 072 | batch 500/4,475 (11.2%) | loss 1.0011 (gt 0.0976, kd 0.0130) | 10.9 it/s | elapsed 0.8 min | epoch ETA 6.1 min
  epoch 072 | batch 1,000/4,475 (22.3%) | loss 0.9999 (gt 0.0975, kd 0.0130) | 11.0 it/s | elapsed 1.5 min | epoch ETA 5.3 min
  epoch 072 | batch 1,500/4,475 (33.5%) | loss 0.9995 (gt 0.0975, kd 0.0130) | 11.0 it/s | elapsed 2.3 min | epoch ETA 4.5 min
  epoch 072 | batch 2,000/4,475 (44.7%) | loss 1.0001 (gt 0.0975, kd 0.0130) | 11.0 it/s | elapsed 3.0 min | epoch ETA 3.8 min
  epoch 072 | batch 2,500/4,475 (55.9%) | loss 1.0000 (gt 0.0974, kd 0.0130) | 11.0 it/s | elapsed 3.8 min | epoch ETA 3.0 min
  epoch 072 | batch 3,000/4,475 (67.0%) | loss 1.0000 (gt 0.0974, kd 0.0130) | 11.0 it/s | elapsed 4.6 min | epoch ETA 2.2 min
  epoch 072 | batch 3,500/4,475 (78.2%) | loss 0.9997 (gt 0.0973, kd 0.0129) | 11.0 it/s | elapsed 5.3 min | epoch ETA 1.5 min
  epoch 072 | batch 4,000/4,475 (89.4%) | loss 0.9999 (gt 0.0973, kd 0.0129) | 11.0 it/s | elapsed 6.1 min | epoch ETA 0.7 min
Epoch 072 | train 0.999844 (gt 0.097355, kd 0.012946) | val 0.883073 (gt 0.089326, kd 0.010237) | KL end 1.0699 path 1.5020 | rough FDE 1026.7m
  epoch 073 | batch 500/4,475 (11.2%) | loss 1.0003 (gt 0.0974, kd 0.0128) | 10.9 it/s | elapsed 0.8 min | epoch ETA 6.1 min
  epoch 073 | batch 1,000/4,475 (22.3%) | loss 1.0001 (gt 0.0974, kd 0.0128) | 11.0 it/s | elapsed 1.5 min | epoch ETA 5.3 min
  epoch 073 | batch 1,500/4,475 (33.5%) | loss 0.9998 (gt 0.0973, kd 0.0128) | 11.0 it/s | elapsed 2.3 min | epoch ETA 4.5 min
  epoch 073 | batch 2,000/4,475 (44.7%) | loss 1.0002 (gt 0.0973, kd 0.0128) | 11.0 it/s | elapsed 3.0 min | epoch ETA 3.8 min
  epoch 073 | batch 2,500/4,475 (55.9%) | loss 0.9999 (gt 0.0974, kd 0.0128) | 11.0 it/s | elapsed 3.8 min | epoch ETA 3.0 min
  epoch 073 | batch 3,000/4,475 (67.0%) | loss 0.9999 (gt 0.0973, kd 0.0128) | 11.0 it/s | elapsed 4.6 min | epoch ETA 2.2 min
  epoch 073 | batch 3,500/4,475 (78.2%) | loss 1.0000 (gt 0.0973, kd 0.0128) | 11.0 it/s | elapsed 5.3 min | epoch ETA 1.5 min
  epoch 073 | batch 4,000/4,475 (89.4%) | loss 1.0000 (gt 0.0973, kd 0.0128) | 11.0 it/s | elapsed 6.1 min | epoch ETA 0.7 min
Epoch 073 | train 1.000062 (gt 0.097331, kd 0.012844) | val 0.878354 (gt 0.089277, kd 0.010192) | KL end 1.0723 path 1.5019 | rough FDE 1026.3m
  epoch 074 | batch 500/4,475 (11.2%) | loss 0.9989 (gt 0.0971, kd 0.0128) | 10.9 it/s | elapsed 0.8 min | epoch ETA 6.1 min
  epoch 074 | batch 1,000/4,475 (22.3%) | loss 0.9999 (gt 0.0971, kd 0.0128) | 11.0 it/s | elapsed 1.5 min | epoch ETA 5.3 min
  epoch 074 | batch 1,500/4,475 (33.5%) | loss 1.0003 (gt 0.0972, kd 0.0128) | 11.0 it/s | elapsed 2.3 min | epoch ETA 4.5 min
  epoch 074 | batch 2,000/4,475 (44.7%) | loss 0.9997 (gt 0.0971, kd 0.0128) | 11.0 it/s | elapsed 3.0 min | epoch ETA 3.8 min
  epoch 074 | batch 2,500/4,475 (55.9%) | loss 0.9999 (gt 0.0972, kd 0.0128) | 11.0 it/s | elapsed 3.8 min | epoch ETA 3.0 min
  epoch 074 | batch 3,000/4,475 (67.0%) | loss 0.9996 (gt 0.0972, kd 0.0128) | 11.0 it/s | elapsed 4.5 min | epoch ETA 2.2 min
  epoch 074 | batch 3,500/4,475 (78.2%) | loss 0.9999 (gt 0.0972, kd 0.0128) | 11.0 it/s | elapsed 5.3 min | epoch ETA 1.5 min
  epoch 074 | batch 4,000/4,475 (89.4%) | loss 0.9998 (gt 0.0972, kd 0.0128) | 11.0 it/s | elapsed 6.1 min | epoch ETA 0.7 min
Epoch 074 | train 0.999838 (gt 0.097177, kd 0.012798) | val 0.882790 (gt 0.089247, kd 0.010151) | KL end 1.0607 path 1.4921 | rough FDE 1023.8m
  epoch 075 | batch 500/4,475 (11.2%) | loss 1.0003 (gt 0.0968, kd 0.0127) | 10.9 it/s | elapsed 0.8 min | epoch ETA 6.1 min
  epoch 075 | batch 1,000/4,475 (22.3%) | loss 0.9997 (gt 0.0968, kd 0.0127) | 11.0 it/s | elapsed 1.5 min | epoch ETA 5.3 min
  epoch 075 | batch 1,500/4,475 (33.5%) | loss 1.0003 (gt 0.0970, kd 0.0127) | 11.0 it/s | elapsed 2.3 min | epoch ETA 4.5 min
  epoch 075 | batch 2,000/4,475 (44.7%) | loss 1.0002 (gt 0.0970, kd 0.0127) | 11.0 it/s | elapsed 3.0 min | epoch ETA 3.8 min
  epoch 075 | batch 2,500/4,475 (55.9%) | loss 1.0000 (gt 0.0971, kd 0.0127) | 11.0 it/s | elapsed 3.8 min | epoch ETA 3.0 min
  epoch 075 | batch 3,000/4,475 (67.0%) | loss 1.0000 (gt 0.0971, kd 0.0127) | 11.0 it/s | elapsed 4.6 min | epoch ETA 2.2 min
  epoch 075 | batch 3,500/4,475 (78.2%) | loss 1.0000 (gt 0.0972, kd 0.0127) | 11.0 it/s | elapsed 5.3 min | epoch ETA 1.5 min
  epoch 075 | batch 4,000/4,475 (89.4%) | loss 1.0000 (gt 0.0972, kd 0.0127) | 11.0 it/s | elapsed 6.1 min | epoch ETA 0.7 min
Epoch 075 | train 0.999956 (gt 0.097175, kd 0.012728) | val 0.882483 (gt 0.089217, kd 0.010116) | KL end 1.0659 path 1.4965 | rough FDE 1024.1m | proper FDE 1035.0m (teacher 820.8m)  ✓ best
  epoch 076 | batch 500/4,475 (11.2%) | loss 0.9988 (gt 0.0966, kd 0.0126) | 10.9 it/s | elapsed 0.8 min | epoch ETA 6.1 min
  epoch 076 | batch 1,000/4,475 (22.3%) | loss 0.9995 (gt 0.0968, kd 0.0126) | 11.0 it/s | elapsed 1.5 min | epoch ETA 5.3 min
  epoch 076 | batch 1,500/4,475 (33.5%) | loss 0.9995 (gt 0.0968, kd 0.0126) | 11.0 it/s | elapsed 2.3 min | epoch ETA 4.5 min
  epoch 076 | batch 2,000/4,475 (44.7%) | loss 0.9997 (gt 0.0969, kd 0.0126) | 11.0 it/s | elapsed 3.0 min | epoch ETA 3.8 min
  epoch 076 | batch 2,500/4,475 (55.9%) | loss 1.0000 (gt 0.0969, kd 0.0126) | 11.0 it/s | elapsed 3.8 min | epoch ETA 3.0 min
  epoch 076 | batch 3,000/4,475 (67.0%) | loss 0.9999 (gt 0.0970, kd 0.0126) | 11.0 it/s | elapsed 4.6 min | epoch ETA 2.2 min
  epoch 076 | batch 3,500/4,475 (78.2%) | loss 1.0000 (gt 0.0970, kd 0.0126) | 11.0 it/s | elapsed 5.3 min | epoch ETA 1.5 min
  epoch 076 | batch 4,000/4,475 (89.4%) | loss 1.0000 (gt 0.0970, kd 0.0126) | 11.0 it/s | elapsed 6.1 min | epoch ETA 0.7 min
Epoch 076 | train 1.000050 (gt 0.097067, kd 0.012649) | val 0.878704 (gt 0.089180, kd 0.010090) | KL end 1.0607 path 1.5023 | rough FDE 1022.1m
  epoch 077 | batch 500/4,475 (11.2%) | loss 0.9998 (gt 0.0971, kd 0.0126) | 10.9 it/s | elapsed 0.8 min | epoch ETA 6.1 min
  epoch 077 | batch 1,000/4,475 (22.3%) | loss 0.9998 (gt 0.0970, kd 0.0126) | 11.0 it/s | elapsed 1.5 min | epoch ETA 5.3 min
  epoch 077 | batch 1,500/4,475 (33.5%) | loss 0.9997 (gt 0.0970, kd 0.0126) | 11.0 it/s | elapsed 2.3 min | epoch ETA 4.5 min
  epoch 077 | batch 2,000/4,475 (44.7%) | loss 0.9999 (gt 0.0970, kd 0.0126) | 11.0 it/s | elapsed 3.0 min | epoch ETA 3.8 min
  epoch 077 | batch 2,500/4,475 (55.9%) | loss 0.9997 (gt 0.0970, kd 0.0126) | 11.0 it/s | elapsed 3.8 min | epoch ETA 3.0 min
  epoch 077 | batch 3,000/4,475 (67.0%) | loss 0.9999 (gt 0.0970, kd 0.0126) | 11.0 it/s | elapsed 4.6 min | epoch ETA 2.2 min
  epoch 077 | batch 3,500/4,475 (78.2%) | loss 1.0000 (gt 0.0970, kd 0.0126) | 11.0 it/s | elapsed 5.3 min | epoch ETA 1.5 min
  epoch 077 | batch 4,000/4,475 (89.4%) | loss 0.9998 (gt 0.0970, kd 0.0126) | 11.0 it/s | elapsed 6.1 min | epoch ETA 0.7 min
Epoch 077 | train 0.999888 (gt 0.096974, kd 0.012588) | val 0.881753 (gt 0.089159, kd 0.010065) | KL end 1.0627 path 1.5093 | rough FDE 1019.9m
  epoch 078 | batch 500/4,475 (11.2%) | loss 0.9978 (gt 0.0968, kd 0.0125) | 10.9 it/s | elapsed 0.8 min | epoch ETA 6.1 min
  epoch 078 | batch 1,000/4,475 (22.3%) | loss 0.9995 (gt 0.0968, kd 0.0125) | 10.9 it/s | elapsed 1.5 min | epoch ETA 5.3 min
  epoch 078 | batch 1,500/4,475 (33.5%) | loss 0.9997 (gt 0.0969, kd 0.0125) | 10.9 it/s | elapsed 2.3 min | epoch ETA 4.5 min
  epoch 078 | batch 2,000/4,475 (44.7%) | loss 0.9997 (gt 0.0970, kd 0.0126) | 10.9 it/s | elapsed 3.0 min | epoch ETA 3.8 min
  epoch 078 | batch 2,500/4,475 (55.9%) | loss 0.9998 (gt 0.0970, kd 0.0125) | 10.9 it/s | elapsed 3.8 min | epoch ETA 3.0 min
  epoch 078 | batch 3,000/4,475 (67.0%) | loss 0.9998 (gt 0.0971, kd 0.0126) | 10.9 it/s | elapsed 4.6 min | epoch ETA 2.2 min
  epoch 078 | batch 3,500/4,475 (78.2%) | loss 0.9999 (gt 0.0970, kd 0.0125) | 11.0 it/s | elapsed 5.3 min | epoch ETA 1.5 min
  epoch 078 | batch 4,000/4,475 (89.4%) | loss 1.0000 (gt 0.0970, kd 0.0125) | 10.9 it/s | elapsed 6.1 min | epoch ETA 0.7 min
Epoch 078 | train 0.999976 (gt 0.097003, kd 0.012542) | val 0.881189 (gt 0.089140, kd 0.010038) | KL end 1.0561 path 1.5030 | rough FDE 1017.6m
  epoch 079 | batch 500/4,475 (11.2%) | loss 0.9971 (gt 0.0966, kd 0.0125) | 10.9 it/s | elapsed 0.8 min | epoch ETA 6.1 min
  epoch 079 | batch 1,000/4,475 (22.3%) | loss 0.9996 (gt 0.0968, kd 0.0125) | 10.9 it/s | elapsed 1.5 min | epoch ETA 5.3 min
  epoch 079 | batch 1,500/4,475 (33.5%) | loss 0.9998 (gt 0.0969, kd 0.0125) | 10.9 it/s | elapsed 2.3 min | epoch ETA 4.5 min
  epoch 079 | batch 2,000/4,475 (44.7%) | loss 0.9997 (gt 0.0969, kd 0.0125) | 11.0 it/s | elapsed 3.0 min | epoch ETA 3.8 min
  epoch 079 | batch 2,500/4,475 (55.9%) | loss 0.9997 (gt 0.0969, kd 0.0125) | 11.0 it/s | elapsed 3.8 min | epoch ETA 3.0 min
  epoch 079 | batch 3,000/4,475 (67.0%) | loss 1.0000 (gt 0.0969, kd 0.0125) | 11.0 it/s | elapsed 4.6 min | epoch ETA 2.2 min
  epoch 079 | batch 3,500/4,475 (78.2%) | loss 0.9999 (gt 0.0969, kd 0.0125) | 11.0 it/s | elapsed 5.3 min | epoch ETA 1.5 min
  epoch 079 | batch 4,000/4,475 (89.4%) | loss 0.9999 (gt 0.0969, kd 0.0125) | 11.0 it/s | elapsed 6.1 min | epoch ETA 0.7 min
Epoch 079 | train 0.999841 (gt 0.096926, kd 0.012493) | val 0.885671 (gt 0.089110, kd 0.010014) | KL end 1.0569 path 1.5068 | rough FDE 1016.1m
  epoch 080 | batch 500/4,475 (11.2%) | loss 1.0004 (gt 0.0970, kd 0.0125) | 10.9 it/s | elapsed 0.8 min | epoch ETA 6.1 min
  epoch 080 | batch 1,000/4,475 (22.3%) | loss 1.0008 (gt 0.0971, kd 0.0125) | 11.0 it/s | elapsed 1.5 min | epoch ETA 5.3 min
  epoch 080 | batch 1,500/4,475 (33.5%) | loss 0.9998 (gt 0.0969, kd 0.0124) | 11.0 it/s | elapsed 2.3 min | epoch ETA 4.5 min
  epoch 080 | batch 2,000/4,475 (44.7%) | loss 1.0001 (gt 0.0968, kd 0.0124) | 11.0 it/s | elapsed 3.0 min | epoch ETA 3.8 min
  epoch 080 | batch 2,500/4,475 (55.9%) | loss 1.0001 (gt 0.0968, kd 0.0124) | 11.0 it/s | elapsed 3.8 min | epoch ETA 3.0 min
  epoch 080 | batch 3,000/4,475 (67.0%) | loss 1.0001 (gt 0.0968, kd 0.0124) | 11.0 it/s | elapsed 4.6 min | epoch ETA 2.2 min
  epoch 080 | batch 3,500/4,475 (78.2%) | loss 1.0000 (gt 0.0968, kd 0.0124) | 11.0 it/s | elapsed 5.3 min | epoch ETA 1.5 min
  epoch 080 | batch 4,000/4,475 (89.4%) | loss 1.0000 (gt 0.0968, kd 0.0124) | 11.0 it/s | elapsed 6.1 min | epoch ETA 0.7 min
Epoch 080 | train 1.000029 (gt 0.096809, kd 0.012449) | val 0.883143 (gt 0.089087, kd 0.009992) | KL end 1.0660 path 1.5187 | rough FDE 1017.0m | proper FDE 1030.9m (teacher 820.8m)  ✓ best
  epoch 081 | batch 500/4,475 (11.2%) | loss 0.9994 (gt 0.0970, kd 0.0124) | 10.9 it/s | elapsed 0.8 min | epoch ETA 6.1 min
  epoch 081 | batch 1,000/4,475 (22.3%) | loss 0.9994 (gt 0.0969, kd 0.0124) | 10.9 it/s | elapsed 1.5 min | epoch ETA 5.3 min
  epoch 081 | batch 1,500/4,475 (33.5%) | loss 0.9997 (gt 0.0968, kd 0.0124) | 11.0 it/s | elapsed 2.3 min | epoch ETA 4.5 min
  epoch 081 | batch 2,000/4,475 (44.7%) | loss 0.9998 (gt 0.0968, kd 0.0124) | 11.0 it/s | elapsed 3.0 min | epoch ETA 3.8 min
  epoch 081 | batch 2,500/4,475 (55.9%) | loss 0.9997 (gt 0.0968, kd 0.0124) | 11.0 it/s | elapsed 3.8 min | epoch ETA 3.0 min
  epoch 081 | batch 3,000/4,475 (67.0%) | loss 0.9997 (gt 0.0968, kd 0.0124) | 11.0 it/s | elapsed 4.6 min | epoch ETA 2.2 min
  epoch 081 | batch 3,500/4,475 (78.2%) | loss 1.0000 (gt 0.0968, kd 0.0124) | 11.0 it/s | elapsed 5.3 min | epoch ETA 1.5 min
  epoch 081 | batch 4,000/4,475 (89.4%) | loss 0.9999 (gt 0.0968, kd 0.0124) | 11.0 it/s | elapsed 6.1 min | epoch ETA 0.7 min
Epoch 081 | train 0.999997 (gt 0.096879, kd 0.012402) | val 0.881524 (gt 0.089062, kd 0.009964) | KL end 1.0659 path 1.5142 | rough FDE 1017.1m
  epoch 082 | batch 500/4,475 (11.2%) | loss 0.9982 (gt 0.0965, kd 0.0123) | 10.9 it/s | elapsed 0.8 min | epoch ETA 6.1 min
  epoch 082 | batch 1,000/4,475 (22.3%) | loss 0.9993 (gt 0.0966, kd 0.0123) | 11.0 it/s | elapsed 1.5 min | epoch ETA 5.3 min
  epoch 082 | batch 1,500/4,475 (33.5%) | loss 0.9998 (gt 0.0967, kd 0.0124) | 11.0 it/s | elapsed 2.3 min | epoch ETA 4.5 min
  epoch 082 | batch 2,000/4,475 (44.7%) | loss 0.9994 (gt 0.0966, kd 0.0123) | 11.0 it/s | elapsed 3.0 min | epoch ETA 3.8 min
  epoch 082 | batch 2,500/4,475 (55.9%) | loss 0.9998 (gt 0.0966, kd 0.0123) | 11.0 it/s | elapsed 3.8 min | epoch ETA 3.0 min
  epoch 082 | batch 3,000/4,475 (67.0%) | loss 0.9997 (gt 0.0966, kd 0.0124) | 11.0 it/s | elapsed 4.6 min | epoch ETA 2.2 min
  epoch 082 | batch 3,500/4,475 (78.2%) | loss 0.9999 (gt 0.0966, kd 0.0124) | 11.0 it/s | elapsed 5.3 min | epoch ETA 1.5 min
  epoch 082 | batch 4,000/4,475 (89.4%) | loss 0.9999 (gt 0.0966, kd 0.0123) | 11.0 it/s | elapsed 6.1 min | epoch ETA 0.7 min
Epoch 082 | train 0.999917 (gt 0.096673, kd 0.012347) | val 0.883295 (gt 0.089040, kd 0.009945) | KL end 1.0699 path 1.5180 | rough FDE 1017.2m
  epoch 083 | batch 500/4,475 (11.2%) | loss 0.9998 (gt 0.0966, kd 0.0123) | 10.9 it/s | elapsed 0.8 min | epoch ETA 6.1 min
  epoch 083 | batch 1,000/4,475 (22.3%) | loss 0.9994 (gt 0.0966, kd 0.0123) | 11.0 it/s | elapsed 1.5 min | epoch ETA 5.3 min
  epoch 083 | batch 1,500/4,475 (33.5%) | loss 1.0002 (gt 0.0967, kd 0.0123) | 11.0 it/s | elapsed 2.3 min | epoch ETA 4.5 min
  epoch 083 | batch 2,000/4,475 (44.7%) | loss 1.0001 (gt 0.0969, kd 0.0123) | 11.0 it/s | elapsed 3.0 min | epoch ETA 3.8 min
  epoch 083 | batch 2,500/4,475 (55.9%) | loss 1.0000 (gt 0.0969, kd 0.0123) | 11.0 it/s | elapsed 3.8 min | epoch ETA 3.0 min
  epoch 083 | batch 3,000/4,475 (67.0%) | loss 1.0000 (gt 0.0969, kd 0.0123) | 11.0 it/s | elapsed 4.6 min | epoch ETA 2.2 min
  epoch 083 | batch 3,500/4,475 (78.2%) | loss 1.0000 (gt 0.0969, kd 0.0123) | 11.0 it/s | elapsed 5.3 min | epoch ETA 1.5 min
  epoch 083 | batch 4,000/4,475 (89.4%) | loss 0.9999 (gt 0.0969, kd 0.0123) | 11.0 it/s | elapsed 6.1 min | epoch ETA 0.7 min
Epoch 083 | train 0.999979 (gt 0.096861, kd 0.012312) | val 0.882551 (gt 0.089018, kd 0.009926) | KL end 1.0769 path 1.5300 | rough FDE 1019.3m
  epoch 084 | batch 500/4,475 (11.2%) | loss 0.9996 (gt 0.0965, kd 0.0123) | 10.9 it/s | elapsed 0.8 min | epoch ETA 6.1 min
  epoch 084 | batch 1,000/4,475 (22.3%) | loss 0.9999 (gt 0.0968, kd 0.0123) | 11.0 it/s | elapsed 1.5 min | epoch ETA 5.3 min
  epoch 084 | batch 1,500/4,475 (33.5%) | loss 0.9998 (gt 0.0968, kd 0.0123) | 11.0 it/s | elapsed 2.3 min | epoch ETA 4.5 min
  epoch 084 | batch 2,000/4,475 (44.7%) | loss 0.9995 (gt 0.0967, kd 0.0123) | 11.0 it/s | elapsed 3.0 min | epoch ETA 3.8 min
  epoch 084 | batch 2,500/4,475 (55.9%) | loss 0.9997 (gt 0.0967, kd 0.0123) | 11.0 it/s | elapsed 3.8 min | epoch ETA 3.0 min
  epoch 084 | batch 3,000/4,475 (67.0%) | loss 0.9997 (gt 0.0966, kd 0.0123) | 11.0 it/s | elapsed 4.6 min | epoch ETA 2.2 min
  epoch 084 | batch 3,500/4,475 (78.2%) | loss 1.0000 (gt 0.0967, kd 0.0123) | 11.0 it/s | elapsed 5.3 min | epoch ETA 1.5 min
  epoch 084 | batch 4,000/4,475 (89.4%) | loss 0.9998 (gt 0.0967, kd 0.0123) | 11.0 it/s | elapsed 6.1 min | epoch ETA 0.7 min
Epoch 084 | train 0.999858 (gt 0.096684, kd 0.012269) | val 0.886963 (gt 0.088996, kd 0.009908) | KL end 1.0761 path 1.5326 | rough FDE 1019.1m
  epoch 085 | batch 500/4,475 (11.2%) | loss 0.9995 (gt 0.0964, kd 0.0122) | 10.9 it/s | elapsed 0.8 min | epoch ETA 6.1 min
  epoch 085 | batch 1,000/4,475 (22.3%) | loss 0.9995 (gt 0.0964, kd 0.0122) | 11.0 it/s | elapsed 1.5 min | epoch ETA 5.3 min
  epoch 085 | batch 1,500/4,475 (33.5%) | loss 0.9996 (gt 0.0965, kd 0.0122) | 11.0 it/s | elapsed 2.3 min | epoch ETA 4.5 min
  epoch 085 | batch 2,000/4,475 (44.7%) | loss 1.0000 (gt 0.0966, kd 0.0122) | 11.0 it/s | elapsed 3.0 min | epoch ETA 3.8 min
  epoch 085 | batch 2,500/4,475 (55.9%) | loss 0.9998 (gt 0.0966, kd 0.0122) | 11.0 it/s | elapsed 3.8 min | epoch ETA 3.0 min
  epoch 085 | batch 3,000/4,475 (67.0%) | loss 0.9999 (gt 0.0966, kd 0.0122) | 11.0 it/s | elapsed 4.6 min | epoch ETA 2.2 min
  epoch 085 | batch 3,500/4,475 (78.2%) | loss 1.0000 (gt 0.0967, kd 0.0122) | 11.0 it/s | elapsed 5.3 min | epoch ETA 1.5 min
  epoch 085 | batch 4,000/4,475 (89.4%) | loss 1.0000 (gt 0.0966, kd 0.0122) | 11.0 it/s | elapsed 6.1 min | epoch ETA 0.7 min
Epoch 085 | train 0.999985 (gt 0.096620, kd 0.012222) | val 0.886226 (gt 0.088987, kd 0.009895) | KL end 1.0727 path 1.5313 | rough FDE 1020.0m | proper FDE 1028.7m (teacher 820.8m)  ✓ best
  epoch 086 | batch 500/4,475 (11.2%) | loss 0.9998 (gt 0.0967, kd 0.0122) | 10.9 it/s | elapsed 0.8 min | epoch ETA 6.1 min
  epoch 086 | batch 1,000/4,475 (22.3%) | loss 0.9995 (gt 0.0965, kd 0.0122) | 11.0 it/s | elapsed 1.5 min | epoch ETA 5.3 min
  epoch 086 | batch 1,500/4,475 (33.5%) | loss 0.9997 (gt 0.0966, kd 0.0122) | 11.0 it/s | elapsed 2.3 min | epoch ETA 4.5 min
  epoch 086 | batch 2,000/4,475 (44.7%) | loss 0.9998 (gt 0.0966, kd 0.0122) | 11.0 it/s | elapsed 3.0 min | epoch ETA 3.8 min
  epoch 086 | batch 2,500/4,475 (55.9%) | loss 0.9999 (gt 0.0965, kd 0.0122) | 11.0 it/s | elapsed 3.8 min | epoch ETA 3.0 min
  epoch 086 | batch 3,000/4,475 (67.0%) | loss 0.9997 (gt 0.0965, kd 0.0122) | 11.0 it/s | elapsed 4.6 min | epoch ETA 2.2 min
  epoch 086 | batch 3,500/4,475 (78.2%) | loss 0.9999 (gt 0.0965, kd 0.0122) | 11.0 it/s | elapsed 5.3 min | epoch ETA 1.5 min
  epoch 086 | batch 4,000/4,475 (89.4%) | loss 0.9999 (gt 0.0965, kd 0.0122) | 11.0 it/s | elapsed 6.1 min | epoch ETA 0.7 min
Epoch 086 | train 1.000022 (gt 0.096540, kd 0.012194) | val 0.884316 (gt 0.088979, kd 0.009882) | KL end 1.0658 path 1.5245 | rough FDE 1019.5m
  epoch 087 | batch 500/4,475 (11.2%) | loss 0.9998 (gt 0.0967, kd 0.0122) | 10.9 it/s | elapsed 0.8 min | epoch ETA 6.1 min
  epoch 087 | batch 1,000/4,475 (22.3%) | loss 0.9997 (gt 0.0967, kd 0.0122) | 11.0 it/s | elapsed 1.5 min | epoch ETA 5.3 min
  epoch 087 | batch 1,500/4,475 (33.5%) | loss 0.9996 (gt 0.0966, kd 0.0122) | 11.0 it/s | elapsed 2.3 min | epoch ETA 4.5 min
  epoch 087 | batch 2,000/4,475 (44.7%) | loss 0.9997 (gt 0.0965, kd 0.0122) | 11.0 it/s | elapsed 3.0 min | epoch ETA 3.8 min
  epoch 087 | batch 2,500/4,475 (55.9%) | loss 0.9995 (gt 0.0965, kd 0.0121) | 11.0 it/s | elapsed 3.8 min | epoch ETA 3.0 min
  epoch 087 | batch 3,000/4,475 (67.0%) | loss 0.9997 (gt 0.0965, kd 0.0121) | 11.0 it/s | elapsed 4.6 min | epoch ETA 2.2 min
  epoch 087 | batch 3,500/4,475 (78.2%) | loss 1.0000 (gt 0.0966, kd 0.0122) | 11.0 it/s | elapsed 5.3 min | epoch ETA 1.5 min
  epoch 087 | batch 4,000/4,475 (89.4%) | loss 0.9999 (gt 0.0966, kd 0.0122) | 11.0 it/s | elapsed 6.1 min | epoch ETA 0.7 min
Epoch 087 | train 0.999917 (gt 0.096580, kd 0.012164) | val 0.886457 (gt 0.088962, kd 0.009872) | KL end 1.0734 path 1.5327 | rough FDE 1019.7m
  epoch 088 | batch 500/4,475 (11.2%) | loss 0.9988 (gt 0.0961, kd 0.0121) | 10.9 it/s | elapsed 0.8 min | epoch ETA 6.1 min
  epoch 088 | batch 1,000/4,475 (22.3%) | loss 0.9992 (gt 0.0964, kd 0.0121) | 11.0 it/s | elapsed 1.5 min | epoch ETA 5.3 min
  epoch 088 | batch 1,500/4,475 (33.5%) | loss 0.9994 (gt 0.0964, kd 0.0121) | 11.0 it/s | elapsed 2.3 min | epoch ETA 4.5 min
  epoch 088 | batch 2,000/4,475 (44.7%) | loss 0.9997 (gt 0.0964, kd 0.0121) | 11.0 it/s | elapsed 3.0 min | epoch ETA 3.8 min
  epoch 088 | batch 2,500/4,475 (55.9%) | loss 0.9999 (gt 0.0964, kd 0.0121) | 11.0 it/s | elapsed 3.8 min | epoch ETA 3.0 min
  epoch 088 | batch 3,000/4,475 (67.0%) | loss 1.0001 (gt 0.0965, kd 0.0121) | 11.0 it/s | elapsed 4.6 min | epoch ETA 2.2 min
  epoch 088 | batch 3,500/4,475 (78.2%) | loss 0.9999 (gt 0.0965, kd 0.0121) | 11.0 it/s | elapsed 5.3 min | epoch ETA 1.5 min
  epoch 088 | batch 4,000/4,475 (89.4%) | loss 0.9999 (gt 0.0965, kd 0.0121) | 11.0 it/s | elapsed 6.1 min | epoch ETA 0.7 min
Epoch 088 | train 0.999986 (gt 0.096489, kd 0.012138) | val 0.885878 (gt 0.088953, kd 0.009858) | KL end 1.0736 path 1.5358 | rough FDE 1019.1m
  epoch 089 | batch 500/4,475 (11.2%) | loss 0.9987 (gt 0.0962, kd 0.0120) | 10.9 it/s | elapsed 0.8 min | epoch ETA 6.1 min
  epoch 089 | batch 1,000/4,475 (22.3%) | loss 0.9996 (gt 0.0962, kd 0.0120) | 11.0 it/s | elapsed 1.5 min | epoch ETA 5.3 min
  epoch 089 | batch 1,500/4,475 (33.5%) | loss 1.0004 (gt 0.0964, kd 0.0121) | 11.0 it/s | elapsed 2.3 min | epoch ETA 4.5 min
  epoch 089 | batch 2,000/4,475 (44.7%) | loss 0.9998 (gt 0.0965, kd 0.0121) | 11.0 it/s | elapsed 3.0 min | epoch ETA 3.8 min
  epoch 089 | batch 2,500/4,475 (55.9%) | loss 0.9997 (gt 0.0965, kd 0.0121) | 11.0 it/s | elapsed 3.8 min | epoch ETA 3.0 min
  epoch 089 | batch 3,000/4,475 (67.0%) | loss 0.9998 (gt 0.0964, kd 0.0121) | 11.0 it/s | elapsed 4.6 min | epoch ETA 2.2 min
  epoch 089 | batch 3,500/4,475 (78.2%) | loss 0.9997 (gt 0.0964, kd 0.0121) | 11.0 it/s | elapsed 5.3 min | epoch ETA 1.5 min
  epoch 089 | batch 4,000/4,475 (89.4%) | loss 0.9999 (gt 0.0964, kd 0.0121) | 11.0 it/s | elapsed 6.1 min | epoch ETA 0.7 min
Epoch 089 | train 0.999888 (gt 0.096447, kd 0.012086) | val 0.889048 (gt 0.088945, kd 0.009848) | KL end 1.0736 path 1.5398 | rough FDE 1018.9m
  epoch 090 | batch 500/4,475 (11.2%) | loss 1.0005 (gt 0.0964, kd 0.0121) | 10.9 it/s | elapsed 0.8 min | epoch ETA 6.1 min
  epoch 090 | batch 1,000/4,475 (22.3%) | loss 0.9997 (gt 0.0964, kd 0.0121) | 11.0 it/s | elapsed 1.5 min | epoch ETA 5.3 min
  epoch 090 | batch 1,500/4,475 (33.5%) | loss 1.0002 (gt 0.0964, kd 0.0121) | 11.0 it/s | elapsed 2.3 min | epoch ETA 4.5 min
  epoch 090 | batch 2,000/4,475 (44.7%) | loss 0.9998 (gt 0.0965, kd 0.0121) | 11.0 it/s | elapsed 3.0 min | epoch ETA 3.8 min
  epoch 090 | batch 2,500/4,475 (55.9%) | loss 0.9997 (gt 0.0965, kd 0.0121) | 11.0 it/s | elapsed 3.8 min | epoch ETA 3.0 min
  epoch 090 | batch 3,000/4,475 (67.0%) | loss 1.0001 (gt 0.0965, kd 0.0121) | 11.0 it/s | elapsed 4.6 min | epoch ETA 2.2 min
  epoch 090 | batch 3,500/4,475 (78.2%) | loss 0.9999 (gt 0.0965, kd 0.0121) | 11.0 it/s | elapsed 5.3 min | epoch ETA 1.5 min
  epoch 090 | batch 4,000/4,475 (89.4%) | loss 0.9999 (gt 0.0965, kd 0.0121) | 11.0 it/s | elapsed 6.1 min | epoch ETA 0.7 min
Epoch 090 | train 0.999912 (gt 0.096460, kd 0.012077) | val 0.891620 (gt 0.088936, kd 0.009841) | KL end 1.0747 path 1.5428 | rough FDE 1019.4m | proper FDE 1026.3m (teacher 820.8m)  ✓ best
  epoch 091 | batch 500/4,475 (11.2%) | loss 0.9992 (gt 0.0963, kd 0.0121) | 10.9 it/s | elapsed 0.8 min | epoch ETA 6.1 min
  epoch 091 | batch 1,000/4,475 (22.3%) | loss 1.0003 (gt 0.0964, kd 0.0121) | 11.0 it/s | elapsed 1.5 min | epoch ETA 5.3 min
  epoch 091 | batch 1,500/4,475 (33.5%) | loss 1.0005 (gt 0.0964, kd 0.0121) | 11.0 it/s | elapsed 2.3 min | epoch ETA 4.5 min
  epoch 091 | batch 2,000/4,475 (44.7%) | loss 1.0001 (gt 0.0964, kd 0.0121) | 11.0 it/s | elapsed 3.0 min | epoch ETA 3.8 min
  epoch 091 | batch 2,500/4,475 (55.9%) | loss 1.0001 (gt 0.0964, kd 0.0121) | 11.0 it/s | elapsed 3.8 min | epoch ETA 3.0 min
  epoch 091 | batch 3,000/4,475 (67.0%) | loss 0.9999 (gt 0.0964, kd 0.0121) | 11.0 it/s | elapsed 4.6 min | epoch ETA 2.2 min
  epoch 091 | batch 3,500/4,475 (78.2%) | loss 1.0000 (gt 0.0964, kd 0.0121) | 11.0 it/s | elapsed 5.3 min | epoch ETA 1.5 min
  epoch 091 | batch 4,000/4,475 (89.4%) | loss 1.0000 (gt 0.0964, kd 0.0121) | 11.0 it/s | elapsed 6.1 min | epoch ETA 0.7 min
Epoch 091 | train 1.000074 (gt 0.096477, kd 0.012055) | val 0.887236 (gt 0.088924, kd 0.009832) | KL end 1.0739 path 1.5517 | rough FDE 1019.5m
  epoch 092 | batch 500/4,475 (11.2%) | loss 0.9985 (gt 0.0962, kd 0.0120) | 10.9 it/s | elapsed 0.8 min | epoch ETA 6.1 min
  epoch 092 | batch 1,000/4,475 (22.3%) | loss 0.9998 (gt 0.0963, kd 0.0120) | 10.9 it/s | elapsed 1.5 min | epoch ETA 5.3 min
  epoch 092 | batch 1,500/4,475 (33.5%) | loss 0.9998 (gt 0.0965, kd 0.0121) | 11.0 it/s | elapsed 2.3 min | epoch ETA 4.5 min
  epoch 092 | batch 2,000/4,475 (44.7%) | loss 0.9997 (gt 0.0965, kd 0.0121) | 11.0 it/s | elapsed 3.0 min | epoch ETA 3.8 min
  epoch 092 | batch 2,500/4,475 (55.9%) | loss 0.9998 (gt 0.0964, kd 0.0120) | 11.0 it/s | elapsed 3.8 min | epoch ETA 3.0 min
  epoch 092 | batch 3,000/4,475 (67.0%) | loss 0.9999 (gt 0.0965, kd 0.0120) | 11.0 it/s | elapsed 4.6 min | epoch ETA 2.2 min
  epoch 092 | batch 3,500/4,475 (78.2%) | loss 0.9999 (gt 0.0965, kd 0.0120) | 11.0 it/s | elapsed 5.3 min | epoch ETA 1.5 min
  epoch 092 | batch 4,000/4,475 (89.4%) | loss 0.9998 (gt 0.0964, kd 0.0120) | 11.0 it/s | elapsed 6.1 min | epoch ETA 0.7 min
Epoch 092 | train 1.000045 (gt 0.096457, kd 0.012043) | val 0.884278 (gt 0.088910, kd 0.009820) | KL end 1.0708 path 1.5545 | rough FDE 1019.6m
  epoch 093 | batch 500/4,475 (11.2%) | loss 0.9988 (gt 0.0968, kd 0.0120) | 10.9 it/s | elapsed 0.8 min | epoch ETA 6.1 min
  epoch 093 | batch 1,000/4,475 (22.3%) | loss 0.9989 (gt 0.0965, kd 0.0120) | 10.9 it/s | elapsed 1.5 min | epoch ETA 5.3 min
  epoch 093 | batch 1,500/4,475 (33.5%) | loss 0.9995 (gt 0.0965, kd 0.0120) | 11.0 it/s | elapsed 2.3 min | epoch ETA 4.5 min
  epoch 093 | batch 2,000/4,475 (44.7%) | loss 0.9996 (gt 0.0965, kd 0.0120) | 11.0 it/s | elapsed 3.0 min | epoch ETA 3.8 min
  epoch 093 | batch 2,500/4,475 (55.9%) | loss 0.9997 (gt 0.0965, kd 0.0120) | 11.0 it/s | elapsed 3.8 min | epoch ETA 3.0 min
  epoch 093 | batch 3,000/4,475 (67.0%) | loss 0.9997 (gt 0.0965, kd 0.0120) | 11.0 it/s | elapsed 4.6 min | epoch ETA 2.2 min
  epoch 093 | batch 3,500/4,475 (78.2%) | loss 0.9996 (gt 0.0964, kd 0.0120) | 11.0 it/s | elapsed 5.3 min | epoch ETA 1.5 min
  epoch 093 | batch 4,000/4,475 (89.4%) | loss 0.9997 (gt 0.0964, kd 0.0120) | 11.0 it/s | elapsed 6.1 min | epoch ETA 0.7 min
Epoch 093 | train 0.999819 (gt 0.096432, kd 0.012002) | val 0.890484 (gt 0.088896, kd 0.009812) | KL end 1.0688 path 1.5607 | rough FDE 1020.1m
  epoch 094 | batch 500/4,475 (11.2%) | loss 1.0005 (gt 0.0964, kd 0.0120) | 10.9 it/s | elapsed 0.8 min | epoch ETA 6.1 min
  epoch 094 | batch 1,000/4,475 (22.3%) | loss 1.0006 (gt 0.0966, kd 0.0121) | 11.0 it/s | elapsed 1.5 min | epoch ETA 5.3 min
  epoch 094 | batch 1,500/4,475 (33.5%) | loss 0.9999 (gt 0.0965, kd 0.0120) | 11.0 it/s | elapsed 2.3 min | epoch ETA 4.5 min
  epoch 094 | batch 2,000/4,475 (44.7%) | loss 1.0001 (gt 0.0965, kd 0.0120) | 11.0 it/s | elapsed 3.0 min | epoch ETA 3.8 min
  epoch 094 | batch 2,500/4,475 (55.9%) | loss 0.9998 (gt 0.0965, kd 0.0120) | 11.0 it/s | elapsed 3.8 min | epoch ETA 3.0 min
  epoch 094 | batch 3,000/4,475 (67.0%) | loss 1.0001 (gt 0.0965, kd 0.0120) | 11.0 it/s | elapsed 4.6 min | epoch ETA 2.2 min
  epoch 094 | batch 3,500/4,475 (78.2%) | loss 1.0000 (gt 0.0965, kd 0.0120) | 11.0 it/s | elapsed 5.3 min | epoch ETA 1.5 min
  epoch 094 | batch 4,000/4,475 (89.4%) | loss 0.9999 (gt 0.0964, kd 0.0120) | 11.0 it/s | elapsed 6.1 min | epoch ETA 0.7 min
Epoch 094 | train 0.999895 (gt 0.096388, kd 0.012005) | val 0.893795 (gt 0.088884, kd 0.009805) | KL end 1.0690 path 1.5633 | rough FDE 1019.8m
  epoch 095 | batch 500/4,475 (11.2%) | loss 1.0010 (gt 0.0967, kd 0.0120) | 10.9 it/s | elapsed 0.8 min | epoch ETA 6.1 min
  epoch 095 | batch 1,000/4,475 (22.3%) | loss 1.0004 (gt 0.0965, kd 0.0120) | 11.0 it/s | elapsed 1.5 min | epoch ETA 5.3 min
  epoch 095 | batch 1,500/4,475 (33.5%) | loss 0.9999 (gt 0.0964, kd 0.0120) | 11.0 it/s | elapsed 2.3 min | epoch ETA 4.5 min
  epoch 095 | batch 2,000/4,475 (44.7%) | loss 1.0006 (gt 0.0964, kd 0.0120) | 11.0 it/s | elapsed 3.0 min | epoch ETA 3.8 min
  epoch 095 | batch 2,500/4,475 (55.9%) | loss 1.0000 (gt 0.0964, kd 0.0120) | 11.0 it/s | elapsed 3.8 min | epoch ETA 3.0 min
  epoch 095 | batch 3,000/4,475 (67.0%) | loss 1.0001 (gt 0.0964, kd 0.0120) | 11.0 it/s | elapsed 4.6 min | epoch ETA 2.2 min
  epoch 095 | batch 3,500/4,475 (78.2%) | loss 1.0000 (gt 0.0964, kd 0.0120) | 11.0 it/s | elapsed 5.3 min | epoch ETA 1.5 min
  epoch 095 | batch 4,000/4,475 (89.4%) | loss 1.0002 (gt 0.0964, kd 0.0120) | 11.0 it/s | elapsed 6.1 min | epoch ETA 0.7 min
Epoch 095 | train 1.000057 (gt 0.096374, kd 0.011988) | val 0.890563 (gt 0.088878, kd 0.009800) | KL end 1.0671 path 1.5595 | rough FDE 1019.2m | proper FDE 1024.8m (teacher 820.8m)  ✓ best
  epoch 096 | batch 500/4,475 (11.2%) | loss 0.9990 (gt 0.0962, kd 0.0120) | 10.9 it/s | elapsed 0.8 min | epoch ETA 6.1 min
  epoch 096 | batch 1,000/4,475 (22.3%) | loss 0.9998 (gt 0.0964, kd 0.0120) | 11.0 it/s | elapsed 1.5 min | epoch ETA 5.3 min
  epoch 096 | batch 1,500/4,475 (33.5%) | loss 1.0003 (gt 0.0965, kd 0.0120) | 11.0 it/s | elapsed 2.3 min | epoch ETA 4.5 min
  epoch 096 | batch 2,000/4,475 (44.7%) | loss 1.0000 (gt 0.0965, kd 0.0120) | 11.0 it/s | elapsed 3.0 min | epoch ETA 3.8 min
  epoch 096 | batch 2,500/4,475 (55.9%) | loss 0.9997 (gt 0.0964, kd 0.0120) | 11.0 it/s | elapsed 3.8 min | epoch ETA 3.0 min
  epoch 096 | batch 3,000/4,475 (67.0%) | loss 0.9998 (gt 0.0963, kd 0.0120) | 11.0 it/s | elapsed 4.6 min | epoch ETA 2.2 min
  epoch 096 | batch 3,500/4,475 (78.2%) | loss 1.0000 (gt 0.0963, kd 0.0120) | 11.0 it/s | elapsed 5.3 min | epoch ETA 1.5 min
  epoch 096 | batch 4,000/4,475 (89.4%) | loss 1.0001 (gt 0.0963, kd 0.0120) | 11.0 it/s | elapsed 6.1 min | epoch ETA 0.7 min
Epoch 096 | train 1.000046 (gt 0.096357, kd 0.011986) | val 0.887769 (gt 0.088876, kd 0.009796) | KL end 1.0657 path 1.5602 | rough FDE 1018.8m
  epoch 097 | batch 500/4,475 (11.2%) | loss 0.9989 (gt 0.0961, kd 0.0120) | 10.9 it/s | elapsed 0.8 min | epoch ETA 6.1 min
  epoch 097 | batch 1,000/4,475 (22.3%) | loss 0.9993 (gt 0.0961, kd 0.0119) | 10.9 it/s | elapsed 1.5 min | epoch ETA 5.3 min
  epoch 097 | batch 1,500/4,475 (33.5%) | loss 0.9996 (gt 0.0962, kd 0.0120) | 10.9 it/s | elapsed 2.3 min | epoch ETA 4.5 min
  epoch 097 | batch 2,000/4,475 (44.7%) | loss 0.9995 (gt 0.0962, kd 0.0120) | 10.9 it/s | elapsed 3.0 min | epoch ETA 3.8 min
  epoch 097 | batch 2,500/4,475 (55.9%) | loss 0.9996 (gt 0.0962, kd 0.0120) | 11.0 it/s | elapsed 3.8 min | epoch ETA 3.0 min
  epoch 097 | batch 3,000/4,475 (67.0%) | loss 1.0000 (gt 0.0963, kd 0.0120) | 11.0 it/s | elapsed 4.6 min | epoch ETA 2.2 min
  epoch 097 | batch 3,500/4,475 (78.2%) | loss 0.9998 (gt 0.0963, kd 0.0120) | 11.0 it/s | elapsed 5.3 min | epoch ETA 1.5 min
  epoch 097 | batch 4,000/4,475 (89.4%) | loss 0.9998 (gt 0.0963, kd 0.0120) | 11.0 it/s | elapsed 6.1 min | epoch ETA 0.7 min
Epoch 097 | train 0.999738 (gt 0.096291, kd 0.011964) | val 0.897595 (gt 0.088878, kd 0.009794) | KL end 1.0685 path 1.5675 | rough FDE 1018.8m
  epoch 098 | batch 500/4,475 (11.2%) | loss 1.0012 (gt 0.0965, kd 0.0120) | 10.9 it/s | elapsed 0.8 min | epoch ETA 6.1 min
  epoch 098 | batch 1,000/4,475 (22.3%) | loss 1.0002 (gt 0.0963, kd 0.0120) | 11.0 it/s | elapsed 1.5 min | epoch ETA 5.3 min
  epoch 098 | batch 1,500/4,475 (33.5%) | loss 1.0005 (gt 0.0964, kd 0.0120) | 11.0 it/s | elapsed 2.3 min | epoch ETA 4.5 min
  epoch 098 | batch 2,000/4,475 (44.7%) | loss 1.0001 (gt 0.0964, kd 0.0120) | 11.0 it/s | elapsed 3.0 min | epoch ETA 3.8 min
  epoch 098 | batch 2,500/4,475 (55.9%) | loss 1.0002 (gt 0.0964, kd 0.0120) | 11.0 it/s | elapsed 3.8 min | epoch ETA 3.0 min
  epoch 098 | batch 3,000/4,475 (67.0%) | loss 1.0002 (gt 0.0964, kd 0.0120) | 11.0 it/s | elapsed 4.6 min | epoch ETA 2.2 min
  epoch 098 | batch 3,500/4,475 (78.2%) | loss 1.0003 (gt 0.0964, kd 0.0120) | 11.0 it/s | elapsed 5.3 min | epoch ETA 1.5 min
  epoch 098 | batch 4,000/4,475 (89.4%) | loss 1.0003 (gt 0.0964, kd 0.0120) | 11.0 it/s | elapsed 6.1 min | epoch ETA 0.7 min
Epoch 098 | train 1.000218 (gt 0.096410, kd 0.011965) | val 0.887926 (gt 0.088876, kd 0.009793) | KL end 1.0674 path 1.5672 | rough FDE 1018.5m
  epoch 099 | batch 500/4,475 (11.2%) | loss 0.9986 (gt 0.0963, kd 0.0120) | 10.9 it/s | elapsed 0.8 min | epoch ETA 6.1 min
  epoch 099 | batch 1,000/4,475 (22.3%) | loss 0.9997 (gt 0.0964, kd 0.0119) | 10.9 it/s | elapsed 1.5 min | epoch ETA 5.3 min
  epoch 099 | batch 1,500/4,475 (33.5%) | loss 1.0001 (gt 0.0964, kd 0.0120) | 11.0 it/s | elapsed 2.3 min | epoch ETA 4.5 min
  epoch 099 | batch 2,000/4,475 (44.7%) | loss 0.9997 (gt 0.0963, kd 0.0120) | 11.0 it/s | elapsed 3.0 min | epoch ETA 3.8 min
  epoch 099 | batch 2,500/4,475 (55.9%) | loss 1.0000 (gt 0.0963, kd 0.0120) | 11.0 it/s | elapsed 3.8 min | epoch ETA 3.0 min
  epoch 099 | batch 3,000/4,475 (67.0%) | loss 0.9999 (gt 0.0964, kd 0.0120) | 11.0 it/s | elapsed 4.6 min | epoch ETA 2.2 min
  epoch 099 | batch 3,500/4,475 (78.2%) | loss 0.9996 (gt 0.0963, kd 0.0120) | 11.0 it/s | elapsed 5.3 min | epoch ETA 1.5 min
  epoch 099 | batch 4,000/4,475 (89.4%) | loss 0.9998 (gt 0.0963, kd 0.0120) | 11.0 it/s | elapsed 6.1 min | epoch ETA 0.7 min
Epoch 099 | train 0.999824 (gt 0.096289, kd 0.011967) | val 0.894072 (gt 0.088873, kd 0.009791) | KL end 1.0656 path 1.5654 | rough FDE 1018.4m
  epoch 100 | batch 500/4,475 (11.2%) | loss 1.0005 (gt 0.0961, kd 0.0120) | 10.9 it/s | elapsed 0.8 min | epoch ETA 6.1 min
  epoch 100 | batch 1,000/4,475 (22.3%) | loss 1.0001 (gt 0.0963, kd 0.0120) | 11.0 it/s | elapsed 1.5 min | epoch ETA 5.3 min
  epoch 100 | batch 1,500/4,475 (33.5%) | loss 1.0003 (gt 0.0963, kd 0.0120) | 11.0 it/s | elapsed 2.3 min | epoch ETA 4.5 min
  epoch 100 | batch 2,000/4,475 (44.7%) | loss 1.0003 (gt 0.0964, kd 0.0120) | 11.0 it/s | elapsed 3.0 min | epoch ETA 3.8 min
  epoch 100 | batch 2,500/4,475 (55.9%) | loss 1.0000 (gt 0.0964, kd 0.0120) | 11.0 it/s | elapsed 3.8 min | epoch ETA 3.0 min
  epoch 100 | batch 3,000/4,475 (67.0%) | loss 1.0002 (gt 0.0964, kd 0.0120) | 11.0 it/s | elapsed 4.6 min | epoch ETA 2.2 min
  epoch 100 | batch 3,500/4,475 (78.2%) | loss 1.0000 (gt 0.0964, kd 0.0120) | 11.0 it/s | elapsed 5.3 min | epoch ETA 1.5 min
  epoch 100 | batch 4,000/4,475 (89.4%) | loss 1.0000 (gt 0.0964, kd 0.0120) | 11.0 it/s | elapsed 6.1 min | epoch ETA 0.7 min
Epoch 100 | train 1.000086 (gt 0.096400, kd 0.011967) | val 0.889787 (gt 0.088872, kd 0.009790) | KL end 1.0644 path 1.5667 | rough FDE 1018.4m | proper FDE 1025.1m (teacher 820.8m)
Job finished at Wed Oct  7 04:44:04 PDT 2026 with exit code 0
