Python: /global/home/users/kevingeng/.conda/envs/adsb/bin/python
torch 2.14.1+cu130 | netCDF4 1.7.4
CUDA available: True
Device: NVIDIA GeForce RTX 2080 Ti
Training on cuda — CFM + SWI_DiT distillation (swi_dit_6L_teacher → swi_dit_4L_student, alpha=0.7, seed=42)
Batches per epoch: 4,475 train, 499 val (batch_size=256, num_workers=2)
Teacher: /global/scratch/users/kevingeng/aviation-bayen/AviationDiffusionModelsKishore/training/checkpoints/swi_dit/best_swi_dit.pt (epoch=84, ckpt val_fde=824.5062353116024) | {'obs_len': 43, 'fut_len': 43, 'in_dim': 6, 'd_model': 256, 'n_heads': 8, 'n_layers': 6, 'dropout': 0.1, 'ff_expansion': 3} | 7,249,158 params
Student: {'obs_len': 43, 'fut_len': 43, 'in_dim': 6, 'd_model': 256, 'n_heads': 8, 'n_layers': 4, 'dropout': 0.1, 'ff_expansion': 3} | 5,016,838 params
Teacher val minFDE (this split): 820.8m
  epoch 001 | batch 500/4,475 (11.2%) | loss 0.6592 (gt 1.1371, kd 1.0512) | 7.5 it/s | elapsed 1.1 min | epoch ETA 8.9 min
  epoch 001 | batch 1,000/4,475 (22.3%) | loss 0.7537 (gt 0.7108, kd 0.6253) | 7.5 it/s | elapsed 2.2 min | epoch ETA 7.7 min
  epoch 001 | batch 1,500/4,475 (33.5%) | loss 0.8209 (gt 0.5496, kd 0.4643) | 7.5 it/s | elapsed 3.3 min | epoch ETA 6.6 min
  epoch 001 | batch 2,000/4,475 (44.7%) | loss 0.8593 (gt 0.4619, kd 0.3768) | 7.5 it/s | elapsed 4.5 min | epoch ETA 5.5 min
  epoch 001 | batch 2,500/4,475 (55.9%) | loss 0.8834 (gt 0.4061, kd 0.3211) | 7.5 it/s | elapsed 5.6 min | epoch ETA 4.4 min
  epoch 001 | batch 3,000/4,475 (67.0%) | loss 0.9003 (gt 0.3669, kd 0.2820) | 7.5 it/s | elapsed 6.7 min | epoch ETA 3.3 min
  epoch 001 | batch 3,500/4,475 (78.2%) | loss 0.9126 (gt 0.3376, kd 0.2529) | 7.5 it/s | elapsed 7.8 min | epoch ETA 2.2 min
  epoch 001 | batch 4,000/4,475 (89.4%) | loss 0.9221 (gt 0.3148, kd 0.2301) | 7.5 it/s | elapsed 8.9 min | epoch ETA 1.1 min
Epoch 001 | train 0.929646 (gt 0.297420, kd 0.212671) | val 17.104821 (gt 1.869721, kd 1.789737) | KL end 8.4855 path 10.8653 | rough FDE 29485.9m
  epoch 002 | batch 500/4,475 (11.2%) | loss 0.9894 (gt 0.1444, kd 0.0602) | 7.5 it/s | elapsed 1.1 min | epoch ETA 8.9 min
  epoch 002 | batch 1,000/4,475 (22.3%) | loss 0.9919 (gt 0.1428, kd 0.0585) | 7.5 it/s | elapsed 2.2 min | epoch ETA 7.7 min
  epoch 002 | batch 1,500/4,475 (33.5%) | loss 0.9933 (gt 0.1414, kd 0.0571) | 7.5 it/s | elapsed 3.3 min | epoch ETA 6.6 min
  epoch 002 | batch 2,000/4,475 (44.7%) | loss 0.9930 (gt 0.1401, kd 0.0557) | 7.5 it/s | elapsed 4.4 min | epoch ETA 5.5 min
  epoch 002 | batch 2,500/4,475 (55.9%) | loss 0.9932 (gt 0.1388, kd 0.0545) | 7.5 it/s | elapsed 5.6 min | epoch ETA 4.4 min
  epoch 002 | batch 3,000/4,475 (67.0%) | loss 0.9943 (gt 0.1377, kd 0.0533) | 7.5 it/s | elapsed 6.7 min | epoch ETA 3.3 min
  epoch 002 | batch 3,500/4,475 (78.2%) | loss 0.9943 (gt 0.1367, kd 0.0522) | 7.5 it/s | elapsed 7.8 min | epoch ETA 2.2 min
  epoch 002 | batch 4,000/4,475 (89.4%) | loss 0.9946 (gt 0.1357, kd 0.0513) | 7.5 it/s | elapsed 8.9 min | epoch ETA 1.1 min
Epoch 002 | train 0.994668 (gt 0.134794, kd 0.050374) | val 13.104946 (gt 1.086818, kd 1.006333) | KL end 6.4205 path 9.2861 | rough FDE 12101.5m
  epoch 003 | batch 500/4,475 (11.2%) | loss 0.9977 (gt 0.1263, kd 0.0417) | 7.4 it/s | elapsed 1.1 min | epoch ETA 8.9 min
  epoch 003 | batch 1,000/4,475 (22.3%) | loss 0.9977 (gt 0.1258, kd 0.0413) | 7.4 it/s | elapsed 2.2 min | epoch ETA 7.8 min
  epoch 003 | batch 1,500/4,475 (33.5%) | loss 0.9972 (gt 0.1251, kd 0.0406) | 7.5 it/s | elapsed 3.4 min | epoch ETA 6.7 min
  epoch 003 | batch 2,000/4,475 (44.7%) | loss 0.9974 (gt 0.1245, kd 0.0400) | 7.5 it/s | elapsed 4.5 min | epoch ETA 5.5 min
  epoch 003 | batch 2,500/4,475 (55.9%) | loss 0.9976 (gt 0.1241, kd 0.0396) | 7.5 it/s | elapsed 5.6 min | epoch ETA 4.4 min
  epoch 003 | batch 3,000/4,475 (67.0%) | loss 0.9974 (gt 0.1237, kd 0.0392) | 7.5 it/s | elapsed 6.7 min | epoch ETA 3.3 min
  epoch 003 | batch 3,500/4,475 (78.2%) | loss 0.9976 (gt 0.1233, kd 0.0388) | 7.5 it/s | elapsed 7.8 min | epoch ETA 2.2 min
  epoch 003 | batch 4,000/4,475 (89.4%) | loss 0.9977 (gt 0.1228, kd 0.0384) | 7.5 it/s | elapsed 8.9 min | epoch ETA 1.1 min
Epoch 003 | train 0.997640 (gt 0.122460, kd 0.037976) | val 9.013083 (gt 0.667995, kd 0.586716) | KL end 4.8893 path 7.6639 | rough FDE 5981.5m
  epoch 004 | batch 500/4,475 (11.2%) | loss 0.9969 (gt 0.1183, kd 0.0341) | 7.4 it/s | elapsed 1.1 min | epoch ETA 8.9 min
  epoch 004 | batch 1,000/4,475 (22.3%) | loss 0.9984 (gt 0.1183, kd 0.0338) | 7.4 it/s | elapsed 2.2 min | epoch ETA 7.8 min
  epoch 004 | batch 1,500/4,475 (33.5%) | loss 0.9985 (gt 0.1182, kd 0.0336) | 7.5 it/s | elapsed 3.4 min | epoch ETA 6.6 min
  epoch 004 | batch 2,000/4,475 (44.7%) | loss 0.9984 (gt 0.1179, kd 0.0333) | 7.5 it/s | elapsed 4.5 min | epoch ETA 5.5 min
  epoch 004 | batch 2,500/4,475 (55.9%) | loss 0.9983 (gt 0.1175, kd 0.0330) | 7.5 it/s | elapsed 5.6 min | epoch ETA 4.4 min
  epoch 004 | batch 3,000/4,475 (67.0%) | loss 0.9983 (gt 0.1173, kd 0.0328) | 7.5 it/s | elapsed 6.7 min | epoch ETA 3.3 min
  epoch 004 | batch 3,500/4,475 (78.2%) | loss 0.9983 (gt 0.1170, kd 0.0325) | 7.5 it/s | elapsed 7.8 min | epoch ETA 2.2 min
  epoch 004 | batch 4,000/4,475 (89.4%) | loss 0.9985 (gt 0.1168, kd 0.0323) | 7.5 it/s | elapsed 8.9 min | epoch ETA 1.1 min
Epoch 004 | train 0.998315 (gt 0.116512, kd 0.032071) | val 5.373070 (gt 0.382618, kd 0.301931) | KL end 3.9492 path 6.3349 | rough FDE 3673.1m
  epoch 005 | batch 500/4,475 (11.2%) | loss 0.9999 (gt 0.1142, kd 0.0297) | 7.4 it/s | elapsed 1.1 min | epoch ETA 8.9 min
  epoch 005 | batch 1,000/4,475 (22.3%) | loss 0.9991 (gt 0.1140, kd 0.0295) | 7.4 it/s | elapsed 2.2 min | epoch ETA 7.8 min
  epoch 005 | batch 1,500/4,475 (33.5%) | loss 0.9992 (gt 0.1139, kd 0.0294) | 7.4 it/s | elapsed 3.4 min | epoch ETA 6.7 min
  epoch 005 | batch 2,000/4,475 (44.7%) | loss 0.9988 (gt 0.1137, kd 0.0292) | 7.5 it/s | elapsed 4.5 min | epoch ETA 5.5 min
  epoch 005 | batch 2,500/4,475 (55.9%) | loss 0.9989 (gt 0.1135, kd 0.0290) | 7.5 it/s | elapsed 5.6 min | epoch ETA 4.4 min
  epoch 005 | batch 3,000/4,475 (67.0%) | loss 0.9989 (gt 0.1133, kd 0.0288) | 7.5 it/s | elapsed 6.7 min | epoch ETA 3.3 min
  epoch 005 | batch 3,500/4,475 (78.2%) | loss 0.9990 (gt 0.1132, kd 0.0287) | 7.5 it/s | elapsed 7.8 min | epoch ETA 2.2 min
  epoch 005 | batch 4,000/4,475 (89.4%) | loss 0.9989 (gt 0.1130, kd 0.0285) | 7.5 it/s | elapsed 8.9 min | epoch ETA 1.1 min
Epoch 005 | train 0.999088 (gt 0.112879, kd 0.028375) | val 3.141307 (gt 0.232826, kd 0.152930) | KL end 3.2321 path 5.2779 | rough FDE 2591.9m | proper FDE 2783.8m (teacher 820.8m)  ✓ best
  epoch 006 | batch 500/4,475 (11.2%) | loss 0.9985 (gt 0.1114, kd 0.0269) | 7.4 it/s | elapsed 1.1 min | epoch ETA 8.9 min
  epoch 006 | batch 1,000/4,475 (22.3%) | loss 0.9982 (gt 0.1110, kd 0.0266) | 7.5 it/s | elapsed 2.2 min | epoch ETA 7.8 min
  epoch 006 | batch 1,500/4,475 (33.5%) | loss 0.9986 (gt 0.1111, kd 0.0265) | 7.5 it/s | elapsed 3.3 min | epoch ETA 6.6 min
  epoch 006 | batch 2,000/4,475 (44.7%) | loss 0.9988 (gt 0.1109, kd 0.0264) | 7.5 it/s | elapsed 4.5 min | epoch ETA 5.5 min
  epoch 006 | batch 2,500/4,475 (55.9%) | loss 0.9987 (gt 0.1108, kd 0.0262) | 7.5 it/s | elapsed 5.6 min | epoch ETA 4.4 min
  epoch 006 | batch 3,000/4,475 (67.0%) | loss 0.9986 (gt 0.1106, kd 0.0261) | 7.5 it/s | elapsed 6.7 min | epoch ETA 3.3 min
  epoch 006 | batch 3,500/4,475 (78.2%) | loss 0.9990 (gt 0.1104, kd 0.0259) | 7.5 it/s | elapsed 7.8 min | epoch ETA 2.2 min
  epoch 006 | batch 4,000/4,475 (89.4%) | loss 0.9991 (gt 0.1103, kd 0.0259) | 7.5 it/s | elapsed 8.9 min | epoch ETA 1.1 min
Epoch 006 | train 0.999039 (gt 0.110229, kd 0.025767) | val 2.022141 (gt 0.161801, kd 0.082172) | KL end 2.6551 path 4.4597 | rough FDE 1922.8m
  epoch 007 | batch 500/4,475 (11.2%) | loss 0.9974 (gt 0.1092, kd 0.0245) | 7.4 it/s | elapsed 1.1 min | epoch ETA 8.9 min
  epoch 007 | batch 1,000/4,475 (22.3%) | loss 0.9984 (gt 0.1088, kd 0.0244) | 7.4 it/s | elapsed 2.2 min | epoch ETA 7.8 min
  epoch 007 | batch 1,500/4,475 (33.5%) | loss 0.9991 (gt 0.1088, kd 0.0244) | 7.4 it/s | elapsed 3.4 min | epoch ETA 6.7 min
  epoch 007 | batch 2,000/4,475 (44.7%) | loss 0.9992 (gt 0.1087, kd 0.0243) | 7.4 it/s | elapsed 4.5 min | epoch ETA 5.5 min
  epoch 007 | batch 2,500/4,475 (55.9%) | loss 0.9992 (gt 0.1086, kd 0.0242) | 7.4 it/s | elapsed 5.6 min | epoch ETA 4.4 min
  epoch 007 | batch 3,000/4,475 (67.0%) | loss 0.9991 (gt 0.1085, kd 0.0241) | 7.4 it/s | elapsed 6.7 min | epoch ETA 3.3 min
  epoch 007 | batch 3,500/4,475 (78.2%) | loss 0.9992 (gt 0.1084, kd 0.0240) | 7.5 it/s | elapsed 7.8 min | epoch ETA 2.2 min
  epoch 007 | batch 4,000/4,475 (89.4%) | loss 0.9992 (gt 0.1083, kd 0.0239) | 7.5 it/s | elapsed 8.9 min | epoch ETA 1.1 min
Epoch 007 | train 0.999222 (gt 0.108268, kd 0.023801) | val 1.465856 (gt 0.128157, kd 0.048656) | KL end 2.2531 path 3.8205 | rough FDE 1569.6m
  epoch 008 | batch 500/4,475 (11.2%) | loss 0.9990 (gt 0.1070, kd 0.0228) | 7.4 it/s | elapsed 1.1 min | epoch ETA 8.9 min
  epoch 008 | batch 1,000/4,475 (22.3%) | loss 0.9982 (gt 0.1069, kd 0.0227) | 7.4 it/s | elapsed 2.2 min | epoch ETA 7.8 min
  epoch 008 | batch 1,500/4,475 (33.5%) | loss 0.9997 (gt 0.1071, kd 0.0227) | 7.4 it/s | elapsed 3.4 min | epoch ETA 6.7 min
  epoch 008 | batch 2,000/4,475 (44.7%) | loss 0.9991 (gt 0.1071, kd 0.0226) | 7.5 it/s | elapsed 4.5 min | epoch ETA 5.5 min
  epoch 008 | batch 2,500/4,475 (55.9%) | loss 0.9992 (gt 0.1070, kd 0.0225) | 7.5 it/s | elapsed 5.6 min | epoch ETA 4.4 min
  epoch 008 | batch 3,000/4,475 (67.0%) | loss 0.9991 (gt 0.1069, kd 0.0224) | 7.5 it/s | elapsed 6.7 min | epoch ETA 3.3 min
  epoch 008 | batch 3,500/4,475 (78.2%) | loss 0.9991 (gt 0.1068, kd 0.0223) | 7.5 it/s | elapsed 7.8 min | epoch ETA 2.2 min
  epoch 008 | batch 4,000/4,475 (89.4%) | loss 0.9993 (gt 0.1067, kd 0.0222) | 7.5 it/s | elapsed 8.9 min | epoch ETA 1.1 min
Epoch 008 | train 0.999222 (gt 0.106653, kd 0.022153) | val 1.193878 (gt 0.111880, kd 0.032484) | KL end 1.9707 path 3.3018 | rough FDE 1376.2m
  epoch 009 | batch 500/4,475 (11.2%) | loss 1.0004 (gt 0.1059, kd 0.0213) | 7.5 it/s | elapsed 1.1 min | epoch ETA 8.9 min
  epoch 009 | batch 1,000/4,475 (22.3%) | loss 1.0001 (gt 0.1058, kd 0.0213) | 7.5 it/s | elapsed 2.2 min | epoch ETA 7.7 min
  epoch 009 | batch 1,500/4,475 (33.5%) | loss 0.9996 (gt 0.1057, kd 0.0212) | 7.5 it/s | elapsed 3.3 min | epoch ETA 6.6 min
  epoch 009 | batch 2,000/4,475 (44.7%) | loss 0.9995 (gt 0.1057, kd 0.0212) | 7.5 it/s | elapsed 4.5 min | epoch ETA 5.5 min
  epoch 009 | batch 2,500/4,475 (55.9%) | loss 0.9994 (gt 0.1057, kd 0.0211) | 7.5 it/s | elapsed 5.6 min | epoch ETA 4.4 min
  epoch 009 | batch 3,000/4,475 (67.0%) | loss 0.9995 (gt 0.1055, kd 0.0210) | 7.5 it/s | elapsed 6.7 min | epoch ETA 3.3 min
  epoch 009 | batch 3,500/4,475 (78.2%) | loss 0.9994 (gt 0.1055, kd 0.0209) | 7.5 it/s | elapsed 7.8 min | epoch ETA 2.2 min
  epoch 009 | batch 4,000/4,475 (89.4%) | loss 0.9994 (gt 0.1054, kd 0.0208) | 7.5 it/s | elapsed 8.9 min | epoch ETA 1.1 min
Epoch 009 | train 0.999399 (gt 0.105286, kd 0.020765) | val 1.059297 (gt 0.103849, kd 0.024536) | KL end 1.7739 path 2.8968 | rough FDE 1289.6m
  epoch 010 | batch 500/4,475 (11.2%) | loss 0.9995 (gt 0.1048, kd 0.0201) | 7.5 it/s | elapsed 1.1 min | epoch ETA 8.9 min
  epoch 010 | batch 1,000/4,475 (22.3%) | loss 0.9988 (gt 0.1043, kd 0.0200) | 7.5 it/s | elapsed 2.2 min | epoch ETA 7.8 min
  epoch 010 | batch 1,500/4,475 (33.5%) | loss 0.9998 (gt 0.1044, kd 0.0200) | 7.5 it/s | elapsed 3.3 min | epoch ETA 6.6 min
  epoch 010 | batch 2,000/4,475 (44.7%) | loss 0.9993 (gt 0.1043, kd 0.0199) | 7.5 it/s | elapsed 4.5 min | epoch ETA 5.5 min
  epoch 010 | batch 2,500/4,475 (55.9%) | loss 0.9994 (gt 0.1043, kd 0.0199) | 7.5 it/s | elapsed 5.6 min | epoch ETA 4.4 min
  epoch 010 | batch 3,000/4,475 (67.0%) | loss 0.9994 (gt 0.1042, kd 0.0198) | 7.5 it/s | elapsed 6.7 min | epoch ETA 3.3 min
  epoch 010 | batch 3,500/4,475 (78.2%) | loss 0.9995 (gt 0.1042, kd 0.0197) | 7.5 it/s | elapsed 7.8 min | epoch ETA 2.2 min
  epoch 010 | batch 4,000/4,475 (89.4%) | loss 0.9994 (gt 0.1041, kd 0.0197) | 7.5 it/s | elapsed 8.9 min | epoch ETA 1.1 min
Epoch 010 | train 0.999355 (gt 0.104046, kd 0.019612) | val 0.996300 (gt 0.099570, kd 0.020290) | KL end 1.6418 path 2.5906 | rough FDE 1235.3m | proper FDE 1345.0m (teacher 820.8m)  ✓ best
  epoch 011 | batch 500/4,475 (11.2%) | loss 1.0008 (gt 0.1040, kd 0.0192) | 7.5 it/s | elapsed 1.1 min | epoch ETA 8.9 min
  epoch 011 | batch 1,000/4,475 (22.3%) | loss 1.0003 (gt 0.1038, kd 0.0191) | 7.5 it/s | elapsed 2.2 min | epoch ETA 7.8 min
  epoch 011 | batch 1,500/4,475 (33.5%) | loss 0.9996 (gt 0.1036, kd 0.0189) | 7.5 it/s | elapsed 3.3 min | epoch ETA 6.6 min
  epoch 011 | batch 2,000/4,475 (44.7%) | loss 0.9999 (gt 0.1035, kd 0.0189) | 7.5 it/s | elapsed 4.5 min | epoch ETA 5.5 min
  epoch 011 | batch 2,500/4,475 (55.9%) | loss 0.9998 (gt 0.1034, kd 0.0189) | 7.5 it/s | elapsed 5.6 min | epoch ETA 4.4 min
  epoch 011 | batch 3,000/4,475 (67.0%) | loss 0.9997 (gt 0.1033, kd 0.0188) | 7.5 it/s | elapsed 6.7 min | epoch ETA 3.3 min
  epoch 011 | batch 3,500/4,475 (78.2%) | loss 0.9996 (gt 0.1032, kd 0.0187) | 7.5 it/s | elapsed 7.8 min | epoch ETA 2.2 min
  epoch 011 | batch 4,000/4,475 (89.4%) | loss 0.9997 (gt 0.1032, kd 0.0187) | 7.5 it/s | elapsed 8.9 min | epoch ETA 1.1 min
Epoch 011 | train 0.999747 (gt 0.103142, kd 0.018626) | val 0.948430 (gt 0.097001, kd 0.017724) | KL end 1.5371 path 2.3473 | rough FDE 1189.6m
  epoch 012 | batch 500/4,475 (11.2%) | loss 0.9972 (gt 0.1025, kd 0.0181) | 7.4 it/s | elapsed 1.1 min | epoch ETA 8.9 min
  epoch 012 | batch 1,000/4,475 (22.3%) | loss 0.9987 (gt 0.1024, kd 0.0180) | 7.5 it/s | elapsed 2.2 min | epoch ETA 7.8 min
  epoch 012 | batch 1,500/4,475 (33.5%) | loss 0.9994 (gt 0.1025, kd 0.0180) | 7.5 it/s | elapsed 3.4 min | epoch ETA 6.7 min
  epoch 012 | batch 2,000/4,475 (44.7%) | loss 0.9989 (gt 0.1023, kd 0.0179) | 7.5 it/s | elapsed 4.5 min | epoch ETA 5.5 min
  epoch 012 | batch 2,500/4,475 (55.9%) | loss 0.9992 (gt 0.1023, kd 0.0179) | 7.5 it/s | elapsed 5.6 min | epoch ETA 4.4 min
  epoch 012 | batch 3,000/4,475 (67.0%) | loss 0.9996 (gt 0.1023, kd 0.0178) | 7.5 it/s | elapsed 6.7 min | epoch ETA 3.3 min
  epoch 012 | batch 3,500/4,475 (78.2%) | loss 0.9993 (gt 0.1022, kd 0.0178) | 7.5 it/s | elapsed 7.8 min | epoch ETA 2.2 min
  epoch 012 | batch 4,000/4,475 (89.4%) | loss 0.9995 (gt 0.1022, kd 0.0177) | 7.5 it/s | elapsed 8.9 min | epoch ETA 1.1 min
Epoch 012 | train 0.999510 (gt 0.102194, kd 0.017685) | val 0.926140 (gt 0.095214, kd 0.015931) | KL end 1.4570 path 2.1660 | rough FDE 1159.0m
  epoch 013 | batch 500/4,475 (11.2%) | loss 0.9969 (gt 0.1015, kd 0.0172) | 7.5 it/s | elapsed 1.1 min | epoch ETA 8.9 min
  epoch 013 | batch 1,000/4,475 (22.3%) | loss 0.9982 (gt 0.1015, kd 0.0171) | 7.5 it/s | elapsed 2.2 min | epoch ETA 7.8 min
  epoch 013 | batch 1,500/4,475 (33.5%) | loss 0.9990 (gt 0.1014, kd 0.0171) | 7.5 it/s | elapsed 3.4 min | epoch ETA 6.7 min
  epoch 013 | batch 2,000/4,475 (44.7%) | loss 0.9990 (gt 0.1014, kd 0.0171) | 7.5 it/s | elapsed 4.5 min | epoch ETA 5.5 min
  epoch 013 | batch 2,500/4,475 (55.9%) | loss 0.9990 (gt 0.1014, kd 0.0170) | 7.5 it/s | elapsed 5.6 min | epoch ETA 4.4 min
  epoch 013 | batch 3,000/4,475 (67.0%) | loss 0.9992 (gt 0.1013, kd 0.0169) | 7.5 it/s | elapsed 6.7 min | epoch ETA 3.3 min
  epoch 013 | batch 3,500/4,475 (78.2%) | loss 0.9994 (gt 0.1013, kd 0.0169) | 7.5 it/s | elapsed 7.8 min | epoch ETA 2.2 min
  epoch 013 | batch 4,000/4,475 (89.4%) | loss 0.9994 (gt 0.1013, kd 0.0169) | 7.4 it/s | elapsed 9.0 min | epoch ETA 1.1 min
Epoch 013 | train 0.999377 (gt 0.101285, kd 0.016861) | val 0.918155 (gt 0.093894, kd 0.014586) | KL end 1.3917 path 2.0282 | rough FDE 1139.0m
  epoch 014 | batch 500/4,475 (11.2%) | loss 0.9994 (gt 0.1008, kd 0.0163) | 7.4 it/s | elapsed 1.1 min | epoch ETA 9.0 min
  epoch 014 | batch 1,000/4,475 (22.3%) | loss 0.9997 (gt 0.1006, kd 0.0163) | 7.4 it/s | elapsed 2.3 min | epoch ETA 7.8 min
  epoch 014 | batch 1,500/4,475 (33.5%) | loss 0.9998 (gt 0.1007, kd 0.0163) | 7.4 it/s | elapsed 3.4 min | epoch ETA 6.7 min
  epoch 014 | batch 2,000/4,475 (44.7%) | loss 0.9995 (gt 0.1007, kd 0.0163) | 7.4 it/s | elapsed 4.5 min | epoch ETA 5.6 min
  epoch 014 | batch 2,500/4,475 (55.9%) | loss 0.9998 (gt 0.1007, kd 0.0162) | 7.4 it/s | elapsed 5.6 min | epoch ETA 4.4 min
  epoch 014 | batch 3,000/4,475 (67.0%) | loss 0.9995 (gt 0.1007, kd 0.0162) | 7.4 it/s | elapsed 6.8 min | epoch ETA 3.3 min
  epoch 014 | batch 3,500/4,475 (78.2%) | loss 0.9998 (gt 0.1007, kd 0.0162) | 7.4 it/s | elapsed 7.9 min | epoch ETA 2.2 min
  epoch 014 | batch 4,000/4,475 (89.4%) | loss 0.9995 (gt 0.1006, kd 0.0161) | 7.4 it/s | elapsed 9.0 min | epoch ETA 1.1 min
Epoch 014 | train 0.999586 (gt 0.100569, kd 0.016095) | val 0.906924 (gt 0.092860, kd 0.013517) | KL end 1.3254 path 1.9100 | rough FDE 1115.1m
  epoch 015 | batch 500/4,475 (11.2%) | loss 1.0008 (gt 0.1003, kd 0.0157) | 7.3 it/s | elapsed 1.1 min | epoch ETA 9.0 min
  epoch 015 | batch 1,000/4,475 (22.3%) | loss 0.9994 (gt 0.1001, kd 0.0157) | 7.4 it/s | elapsed 2.3 min | epoch ETA 7.9 min
  epoch 015 | batch 1,500/4,475 (33.5%) | loss 0.9995 (gt 0.1001, kd 0.0156) | 7.4 it/s | elapsed 3.4 min | epoch ETA 6.7 min
  epoch 015 | batch 2,000/4,475 (44.7%) | loss 0.9998 (gt 0.1001, kd 0.0156) | 7.4 it/s | elapsed 4.5 min | epoch ETA 5.6 min
  epoch 015 | batch 2,500/4,475 (55.9%) | loss 0.9995 (gt 0.1000, kd 0.0156) | 7.4 it/s | elapsed 5.6 min | epoch ETA 4.4 min
  epoch 015 | batch 3,000/4,475 (67.0%) | loss 0.9998 (gt 0.1000, kd 0.0155) | 7.4 it/s | elapsed 6.8 min | epoch ETA 3.3 min
  epoch 015 | batch 3,500/4,475 (78.2%) | loss 0.9996 (gt 0.1000, kd 0.0155) | 7.4 it/s | elapsed 7.9 min | epoch ETA 2.2 min
  epoch 015 | batch 4,000/4,475 (89.4%) | loss 0.9995 (gt 0.0999, kd 0.0155) | 7.4 it/s | elapsed 9.0 min | epoch ETA 1.1 min
Epoch 015 | train 0.999587 (gt 0.099871, kd 0.015433) | val 0.898164 (gt 0.091954, kd 0.012593) | KL end 1.2623 path 1.8074 | rough FDE 1099.0m | proper FDE 1160.3m (teacher 820.8m)  ✓ best
  epoch 016 | batch 500/4,475 (11.2%) | loss 1.0001 (gt 0.0997, kd 0.0152) | 7.4 it/s | elapsed 1.1 min | epoch ETA 9.0 min
  epoch 016 | batch 1,000/4,475 (22.3%) | loss 0.9997 (gt 0.0994, kd 0.0151) | 7.4 it/s | elapsed 2.3 min | epoch ETA 7.9 min
  epoch 016 | batch 1,500/4,475 (33.5%) | loss 0.9995 (gt 0.0994, kd 0.0150) | 7.4 it/s | elapsed 3.4 min | epoch ETA 6.7 min
  epoch 016 | batch 2,000/4,475 (44.7%) | loss 0.9996 (gt 0.0994, kd 0.0150) | 7.4 it/s | elapsed 4.5 min | epoch ETA 5.6 min
  epoch 016 | batch 2,500/4,475 (55.9%) | loss 1.0001 (gt 0.0994, kd 0.0150) | 7.4 it/s | elapsed 5.6 min | epoch ETA 4.4 min
  epoch 016 | batch 3,000/4,475 (67.0%) | loss 0.9997 (gt 0.0994, kd 0.0149) | 7.4 it/s | elapsed 6.7 min | epoch ETA 3.3 min
  epoch 016 | batch 3,500/4,475 (78.2%) | loss 0.9998 (gt 0.0994, kd 0.0149) | 7.4 it/s | elapsed 7.9 min | epoch ETA 2.2 min
  epoch 016 | batch 4,000/4,475 (89.4%) | loss 0.9997 (gt 0.0994, kd 0.0149) | 7.4 it/s | elapsed 9.0 min | epoch ETA 1.1 min
Epoch 016 | train 0.999700 (gt 0.099327, kd 0.014840) | val 0.886456 (gt 0.091145, kd 0.011771) | KL end 1.2214 path 1.7194 | rough FDE 1089.7m
  epoch 017 | batch 500/4,475 (11.2%) | loss 1.0002 (gt 0.0994, kd 0.0145) | 7.4 it/s | elapsed 1.1 min | epoch ETA 9.0 min
  epoch 017 | batch 1,000/4,475 (22.3%) | loss 1.0003 (gt 0.0992, kd 0.0145) | 7.4 it/s | elapsed 2.2 min | epoch ETA 7.8 min
  epoch 017 | batch 1,500/4,475 (33.5%) | loss 0.9994 (gt 0.0991, kd 0.0144) | 7.4 it/s | elapsed 3.4 min | epoch ETA 6.7 min
  epoch 017 | batch 2,000/4,475 (44.7%) | loss 0.9995 (gt 0.0990, kd 0.0144) | 7.5 it/s | elapsed 4.5 min | epoch ETA 5.5 min
  epoch 017 | batch 2,500/4,475 (55.9%) | loss 0.9996 (gt 0.0989, kd 0.0144) | 7.4 it/s | elapsed 5.6 min | epoch ETA 4.4 min
  epoch 017 | batch 3,000/4,475 (67.0%) | loss 0.9995 (gt 0.0988, kd 0.0143) | 7.4 it/s | elapsed 6.7 min | epoch ETA 3.3 min
  epoch 017 | batch 3,500/4,475 (78.2%) | loss 0.9997 (gt 0.0988, kd 0.0143) | 7.4 it/s | elapsed 7.8 min | epoch ETA 2.2 min
  epoch 017 | batch 4,000/4,475 (89.4%) | loss 0.9997 (gt 0.0988, kd 0.0143) | 7.4 it/s | elapsed 9.0 min | epoch ETA 1.1 min
Epoch 017 | train 0.999543 (gt 0.098741, kd 0.014238) | val 0.882689 (gt 0.090423, kd 0.011053) | KL end 1.1695 path 1.6280 | rough FDE 1078.8m
  epoch 018 | batch 500/4,475 (11.2%) | loss 1.0006 (gt 0.0986, kd 0.0140) | 7.4 it/s | elapsed 1.1 min | epoch ETA 9.0 min
  epoch 018 | batch 1,000/4,475 (22.3%) | loss 0.9997 (gt 0.0984, kd 0.0139) | 7.4 it/s | elapsed 2.3 min | epoch ETA 7.8 min
  epoch 018 | batch 1,500/4,475 (33.5%) | loss 1.0001 (gt 0.0984, kd 0.0139) | 7.4 it/s | elapsed 3.4 min | epoch ETA 6.7 min
  epoch 018 | batch 2,000/4,475 (44.7%) | loss 0.9996 (gt 0.0983, kd 0.0139) | 7.4 it/s | elapsed 4.5 min | epoch ETA 5.6 min
  epoch 018 | batch 2,500/4,475 (55.9%) | loss 0.9999 (gt 0.0983, kd 0.0138) | 7.4 it/s | elapsed 5.6 min | epoch ETA 4.4 min
  epoch 018 | batch 3,000/4,475 (67.0%) | loss 0.9999 (gt 0.0983, kd 0.0138) | 7.4 it/s | elapsed 6.7 min | epoch ETA 3.3 min
  epoch 018 | batch 3,500/4,475 (78.2%) | loss 0.9999 (gt 0.0983, kd 0.0138) | 7.4 it/s | elapsed 7.9 min | epoch ETA 2.2 min
  epoch 018 | batch 4,000/4,475 (89.4%) | loss 0.9998 (gt 0.0983, kd 0.0137) | 7.4 it/s | elapsed 9.0 min | epoch ETA 1.1 min
Epoch 018 | train 0.999763 (gt 0.098219, kd 0.013724) | val 0.872550 (gt 0.089791, kd 0.010424) | KL end 1.1225 path 1.5372 | rough FDE 1071.4m
  epoch 019 | batch 500/4,475 (11.2%) | loss 0.9988 (gt 0.0980, kd 0.0134) | 7.5 it/s | elapsed 1.1 min | epoch ETA 8.9 min
  epoch 019 | batch 1,000/4,475 (22.3%) | loss 0.9993 (gt 0.0980, kd 0.0134) | 7.4 it/s | elapsed 2.2 min | epoch ETA 7.8 min
  epoch 019 | batch 1,500/4,475 (33.5%) | loss 1.0004 (gt 0.0982, kd 0.0134) | 7.5 it/s | elapsed 3.4 min | epoch ETA 6.6 min
  epoch 019 | batch 2,000/4,475 (44.7%) | loss 0.9999 (gt 0.0981, kd 0.0134) | 7.5 it/s | elapsed 4.5 min | epoch ETA 5.5 min
  epoch 019 | batch 2,500/4,475 (55.9%) | loss 0.9995 (gt 0.0980, kd 0.0134) | 7.5 it/s | elapsed 5.6 min | epoch ETA 4.4 min
  epoch 019 | batch 3,000/4,475 (67.0%) | loss 0.9998 (gt 0.0979, kd 0.0133) | 7.5 it/s | elapsed 6.7 min | epoch ETA 3.3 min
  epoch 019 | batch 3,500/4,475 (78.2%) | loss 0.9996 (gt 0.0979, kd 0.0133) | 7.5 it/s | elapsed 7.8 min | epoch ETA 2.2 min
  epoch 019 | batch 4,000/4,475 (89.4%) | loss 0.9996 (gt 0.0979, kd 0.0133) | 7.5 it/s | elapsed 8.9 min | epoch ETA 1.1 min
Epoch 019 | train 0.999725 (gt 0.097846, kd 0.013262) | val 0.865841 (gt 0.089272, kd 0.009901) | KL end 1.0703 path 1.4529 | rough FDE 1057.6m
  epoch 020 | batch 500/4,475 (11.2%) | loss 0.9984 (gt 0.0974, kd 0.0129) | 7.4 it/s | elapsed 1.1 min | epoch ETA 8.9 min
  epoch 020 | batch 1,000/4,475 (22.3%) | loss 0.9987 (gt 0.0974, kd 0.0129) | 7.4 it/s | elapsed 2.2 min | epoch ETA 7.8 min
  epoch 020 | batch 1,500/4,475 (33.5%) | loss 0.9995 (gt 0.0975, kd 0.0129) | 7.5 it/s | elapsed 3.4 min | epoch ETA 6.6 min
  epoch 020 | batch 2,000/4,475 (44.7%) | loss 0.9992 (gt 0.0974, kd 0.0129) | 7.5 it/s | elapsed 4.5 min | epoch ETA 5.5 min
  epoch 020 | batch 2,500/4,475 (55.9%) | loss 0.9994 (gt 0.0974, kd 0.0128) | 7.5 it/s | elapsed 5.6 min | epoch ETA 4.4 min
  epoch 020 | batch 3,000/4,475 (67.0%) | loss 0.9994 (gt 0.0973, kd 0.0128) | 7.5 it/s | elapsed 6.7 min | epoch ETA 3.3 min
  epoch 020 | batch 3,500/4,475 (78.2%) | loss 0.9995 (gt 0.0973, kd 0.0128) | 7.5 it/s | elapsed 7.8 min | epoch ETA 2.2 min
  epoch 020 | batch 4,000/4,475 (89.4%) | loss 0.9997 (gt 0.0973, kd 0.0128) | 7.5 it/s | elapsed 8.9 min | epoch ETA 1.1 min
Epoch 020 | train 0.999638 (gt 0.097332, kd 0.012753) | val 0.864507 (gt 0.088827, kd 0.009445) | KL end 1.0403 path 1.3799 | rough FDE 1048.3m | proper FDE 1071.6m (teacher 820.8m)  ✓ best
  epoch 021 | batch 500/4,475 (11.2%) | loss 0.9994 (gt 0.0972, kd 0.0125) | 7.4 it/s | elapsed 1.1 min | epoch ETA 9.0 min
  epoch 021 | batch 1,000/4,475 (22.3%) | loss 0.9990 (gt 0.0971, kd 0.0125) | 7.4 it/s | elapsed 2.2 min | epoch ETA 7.8 min
  epoch 021 | batch 1,500/4,475 (33.5%) | loss 1.0002 (gt 0.0971, kd 0.0125) | 7.4 it/s | elapsed 3.4 min | epoch ETA 6.7 min
  epoch 021 | batch 2,000/4,475 (44.7%) | loss 0.9997 (gt 0.0970, kd 0.0125) | 7.4 it/s | elapsed 4.5 min | epoch ETA 5.6 min
  epoch 021 | batch 2,500/4,475 (55.9%) | loss 0.9997 (gt 0.0970, kd 0.0125) | 7.4 it/s | elapsed 5.6 min | epoch ETA 4.4 min
  epoch 021 | batch 3,000/4,475 (67.0%) | loss 0.9995 (gt 0.0970, kd 0.0125) | 7.4 it/s | elapsed 6.7 min | epoch ETA 3.3 min
  epoch 021 | batch 3,500/4,475 (78.2%) | loss 0.9997 (gt 0.0970, kd 0.0124) | 7.4 it/s | elapsed 7.8 min | epoch ETA 2.2 min
  epoch 021 | batch 4,000/4,475 (89.4%) | loss 0.9995 (gt 0.0969, kd 0.0124) | 7.4 it/s | elapsed 9.0 min | epoch ETA 1.1 min
Epoch 021 | train 0.999678 (gt 0.096908, kd 0.012384) | val 0.862081 (gt 0.088414, kd 0.009035) | KL end 0.9965 path 1.3216 | rough FDE 1045.1m
  epoch 022 | batch 500/4,475 (11.2%) | loss 0.9999 (gt 0.0966, kd 0.0122) | 7.4 it/s | elapsed 1.1 min | epoch ETA 8.9 min
  epoch 022 | batch 1,000/4,475 (22.3%) | loss 0.9998 (gt 0.0965, kd 0.0121) | 7.4 it/s | elapsed 2.2 min | epoch ETA 7.8 min
  epoch 022 | batch 1,500/4,475 (33.5%) | loss 0.9995 (gt 0.0964, kd 0.0121) | 7.4 it/s | elapsed 3.4 min | epoch ETA 6.7 min
  epoch 022 | batch 2,000/4,475 (44.7%) | loss 0.9999 (gt 0.0965, kd 0.0121) | 7.4 it/s | elapsed 4.5 min | epoch ETA 5.5 min
  epoch 022 | batch 2,500/4,475 (55.9%) | loss 0.9994 (gt 0.0964, kd 0.0120) | 7.4 it/s | elapsed 5.6 min | epoch ETA 4.4 min
  epoch 022 | batch 3,000/4,475 (67.0%) | loss 0.9997 (gt 0.0964, kd 0.0120) | 7.4 it/s | elapsed 6.7 min | epoch ETA 3.3 min
  epoch 022 | batch 3,500/4,475 (78.2%) | loss 0.9996 (gt 0.0964, kd 0.0120) | 7.4 it/s | elapsed 7.9 min | epoch ETA 2.2 min
  epoch 022 | batch 4,000/4,475 (89.4%) | loss 0.9999 (gt 0.0964, kd 0.0120) | 7.4 it/s | elapsed 9.0 min | epoch ETA 1.1 min
Epoch 022 | train 0.999619 (gt 0.096419, kd 0.011994) | val 0.864452 (gt 0.088084, kd 0.008691) | KL end 0.9743 path 1.2930 | rough FDE 1041.0m
  epoch 023 | batch 500/4,475 (11.2%) | loss 1.0006 (gt 0.0962, kd 0.0118) | 7.4 it/s | elapsed 1.1 min | epoch ETA 9.0 min
  epoch 023 | batch 1,000/4,475 (22.3%) | loss 1.0005 (gt 0.0963, kd 0.0118) | 7.4 it/s | elapsed 2.3 min | epoch ETA 7.8 min
  epoch 023 | batch 1,500/4,475 (33.5%) | loss 1.0000 (gt 0.0963, kd 0.0118) | 7.4 it/s | elapsed 3.4 min | epoch ETA 6.7 min
  epoch 023 | batch 2,000/4,475 (44.7%) | loss 0.9999 (gt 0.0962, kd 0.0117) | 7.4 it/s | elapsed 4.5 min | epoch ETA 5.6 min
  epoch 023 | batch 2,500/4,475 (55.9%) | loss 0.9998 (gt 0.0962, kd 0.0117) | 7.4 it/s | elapsed 5.6 min | epoch ETA 4.4 min
  epoch 023 | batch 3,000/4,475 (67.0%) | loss 1.0001 (gt 0.0962, kd 0.0117) | 7.4 it/s | elapsed 6.7 min | epoch ETA 3.3 min
  epoch 023 | batch 3,500/4,475 (78.2%) | loss 0.9998 (gt 0.0962, kd 0.0117) | 7.4 it/s | elapsed 7.9 min | epoch ETA 2.2 min
  epoch 023 | batch 4,000/4,475 (89.4%) | loss 1.0000 (gt 0.0962, kd 0.0117) | 7.4 it/s | elapsed 9.0 min | epoch ETA 1.1 min
Epoch 023 | train 0.999699 (gt 0.096111, kd 0.011648) | val 0.864282 (gt 0.087782, kd 0.008378) | KL end 0.9388 path 1.2619 | rough FDE 1033.4m
  epoch 024 | batch 500/4,475 (11.2%) | loss 1.0012 (gt 0.0959, kd 0.0114) | 7.4 it/s | elapsed 1.1 min | epoch ETA 8.9 min
  epoch 024 | batch 1,000/4,475 (22.3%) | loss 1.0002 (gt 0.0957, kd 0.0114) | 7.4 it/s | elapsed 2.2 min | epoch ETA 7.8 min
  epoch 024 | batch 1,500/4,475 (33.5%) | loss 1.0006 (gt 0.0959, kd 0.0114) | 7.4 it/s | elapsed 3.4 min | epoch ETA 6.7 min
  epoch 024 | batch 2,000/4,475 (44.7%) | loss 1.0000 (gt 0.0958, kd 0.0113) | 7.4 it/s | elapsed 4.5 min | epoch ETA 5.6 min
  epoch 024 | batch 2,500/4,475 (55.9%) | loss 1.0000 (gt 0.0958, kd 0.0113) | 7.4 it/s | elapsed 5.6 min | epoch ETA 4.4 min
  epoch 024 | batch 3,000/4,475 (67.0%) | loss 1.0000 (gt 0.0957, kd 0.0113) | 7.4 it/s | elapsed 6.7 min | epoch ETA 3.3 min
  epoch 024 | batch 3,500/4,475 (78.2%) | loss 0.9998 (gt 0.0957, kd 0.0113) | 7.4 it/s | elapsed 7.8 min | epoch ETA 2.2 min
  epoch 024 | batch 4,000/4,475 (89.4%) | loss 0.9999 (gt 0.0957, kd 0.0113) | 7.5 it/s | elapsed 8.9 min | epoch ETA 1.1 min
Epoch 024 | train 0.999777 (gt 0.095702, kd 0.011280) | val 0.861141 (gt 0.087505, kd 0.008095) | KL end 0.9164 path 1.2400 | rough FDE 1025.9m
  epoch 025 | batch 500/4,475 (11.2%) | loss 0.9980 (gt 0.0954, kd 0.0110) | 7.4 it/s | elapsed 1.1 min | epoch ETA 8.9 min
  epoch 025 | batch 1,000/4,475 (22.3%) | loss 0.9999 (gt 0.0954, kd 0.0110) | 7.4 it/s | elapsed 2.2 min | epoch ETA 7.8 min
  epoch 025 | batch 1,500/4,475 (33.5%) | loss 1.0003 (gt 0.0956, kd 0.0111) | 7.5 it/s | elapsed 3.4 min | epoch ETA 6.6 min
  epoch 025 | batch 2,000/4,475 (44.7%) | loss 1.0003 (gt 0.0956, kd 0.0111) | 7.5 it/s | elapsed 4.5 min | epoch ETA 5.5 min
  epoch 025 | batch 2,500/4,475 (55.9%) | loss 0.9997 (gt 0.0955, kd 0.0110) | 7.5 it/s | elapsed 5.6 min | epoch ETA 4.4 min
  epoch 025 | batch 3,000/4,475 (67.0%) | loss 1.0001 (gt 0.0955, kd 0.0110) | 7.5 it/s | elapsed 6.7 min | epoch ETA 3.3 min
  epoch 025 | batch 3,500/4,475 (78.2%) | loss 0.9997 (gt 0.0955, kd 0.0110) | 7.5 it/s | elapsed 7.8 min | epoch ETA 2.2 min
  epoch 025 | batch 4,000/4,475 (89.4%) | loss 0.9998 (gt 0.0954, kd 0.0110) | 7.5 it/s | elapsed 8.9 min | epoch ETA 1.1 min
Epoch 025 | train 0.999741 (gt 0.095431, kd 0.010991) | val 0.860220 (gt 0.087241, kd 0.007823) | KL end 0.9036 path 1.2249 | rough FDE 1018.8m | proper FDE 1028.7m (teacher 820.8m)  ✓ best
  epoch 026 | batch 500/4,475 (11.2%) | loss 1.0001 (gt 0.0952, kd 0.0108) | 7.4 it/s | elapsed 1.1 min | epoch ETA 8.9 min
  epoch 026 | batch 1,000/4,475 (22.3%) | loss 1.0006 (gt 0.0953, kd 0.0108) | 7.4 it/s | elapsed 2.2 min | epoch ETA 7.8 min
  epoch 026 | batch 1,500/4,475 (33.5%) | loss 0.9995 (gt 0.0952, kd 0.0108) | 7.5 it/s | elapsed 3.3 min | epoch ETA 6.6 min
  epoch 026 | batch 2,000/4,475 (44.7%) | loss 0.9997 (gt 0.0950, kd 0.0107) | 7.5 it/s | elapsed 4.5 min | epoch ETA 5.5 min
  epoch 026 | batch 2,500/4,475 (55.9%) | loss 0.9998 (gt 0.0950, kd 0.0107) | 7.5 it/s | elapsed 5.6 min | epoch ETA 4.4 min
  epoch 026 | batch 3,000/4,475 (67.0%) | loss 1.0000 (gt 0.0951, kd 0.0107) | 7.5 it/s | elapsed 6.7 min | epoch ETA 3.3 min
  epoch 026 | batch 3,500/4,475 (78.2%) | loss 1.0000 (gt 0.0951, kd 0.0107) | 7.5 it/s | elapsed 7.8 min | epoch ETA 2.2 min
  epoch 026 | batch 4,000/4,475 (89.4%) | loss 1.0000 (gt 0.0951, kd 0.0107) | 7.5 it/s | elapsed 8.9 min | epoch ETA 1.1 min
Epoch 026 | train 0.999760 (gt 0.095120, kd 0.010690) | val 0.859209 (gt 0.087000, kd 0.007577) | KL end 0.8933 path 1.2070 | rough FDE 1013.0m
  epoch 027 | batch 500/4,475 (11.2%) | loss 1.0013 (gt 0.0952, kd 0.0106) | 7.4 it/s | elapsed 1.1 min | epoch ETA 8.9 min
  epoch 027 | batch 1,000/4,475 (22.3%) | loss 1.0010 (gt 0.0952, kd 0.0106) | 7.5 it/s | elapsed 2.2 min | epoch ETA 7.8 min
  epoch 027 | batch 1,500/4,475 (33.5%) | loss 1.0002 (gt 0.0952, kd 0.0105) | 7.5 it/s | elapsed 3.3 min | epoch ETA 6.6 min
  epoch 027 | batch 2,000/4,475 (44.7%) | loss 0.9999 (gt 0.0950, kd 0.0105) | 7.5 it/s | elapsed 4.5 min | epoch ETA 5.5 min
  epoch 027 | batch 2,500/4,475 (55.9%) | loss 0.9997 (gt 0.0949, kd 0.0105) | 7.5 it/s | elapsed 5.6 min | epoch ETA 4.4 min
  epoch 027 | batch 3,000/4,475 (67.0%) | loss 1.0001 (gt 0.0950, kd 0.0105) | 7.5 it/s | elapsed 6.7 min | epoch ETA 3.3 min
  epoch 027 | batch 3,500/4,475 (78.2%) | loss 0.9998 (gt 0.0950, kd 0.0104) | 7.5 it/s | elapsed 7.8 min | epoch ETA 2.2 min
  epoch 027 | batch 4,000/4,475 (89.4%) | loss 1.0000 (gt 0.0949, kd 0.0104) | 7.5 it/s | elapsed 8.9 min | epoch ETA 1.1 min
Epoch 027 | train 0.999758 (gt 0.094890, kd 0.010423) | val 0.859220 (gt 0.086773, kd 0.007352) | KL end 0.8841 path 1.2010 | rough FDE 1008.8m
  epoch 028 | batch 500/4,475 (11.2%) | loss 1.0006 (gt 0.0943, kd 0.0102) | 7.4 it/s | elapsed 1.1 min | epoch ETA 8.9 min
  epoch 028 | batch 1,000/4,475 (22.3%) | loss 0.9998 (gt 0.0944, kd 0.0102) | 7.5 it/s | elapsed 2.2 min | epoch ETA 7.8 min
  epoch 028 | batch 1,500/4,475 (33.5%) | loss 1.0003 (gt 0.0945, kd 0.0102) | 7.5 it/s | elapsed 3.3 min | epoch ETA 6.6 min
  epoch 028 | batch 2,000/4,475 (44.7%) | loss 1.0000 (gt 0.0947, kd 0.0102) | 7.5 it/s | elapsed 4.5 min | epoch ETA 5.5 min
  epoch 028 | batch 2,500/4,475 (55.9%) | loss 0.9999 (gt 0.0946, kd 0.0102) | 7.5 it/s | elapsed 5.6 min | epoch ETA 4.4 min
  epoch 028 | batch 3,000/4,475 (67.0%) | loss 0.9997 (gt 0.0946, kd 0.0102) | 7.5 it/s | elapsed 6.7 min | epoch ETA 3.3 min
  epoch 028 | batch 3,500/4,475 (78.2%) | loss 0.9996 (gt 0.0946, kd 0.0102) | 7.5 it/s | elapsed 7.8 min | epoch ETA 2.2 min
  epoch 028 | batch 4,000/4,475 (89.4%) | loss 1.0000 (gt 0.0946, kd 0.0101) | 7.5 it/s | elapsed 8.9 min | epoch ETA 1.1 min
Epoch 028 | train 0.999901 (gt 0.094564, kd 0.010139) | val 0.853377 (gt 0.086550, kd 0.007136) | KL end 0.8497 path 1.1799 | rough FDE 1002.9m
  epoch 029 | batch 500/4,475 (11.2%) | loss 0.9982 (gt 0.0944, kd 0.0100) | 7.4 it/s | elapsed 1.1 min | epoch ETA 8.9 min
  epoch 029 | batch 1,000/4,475 (22.3%) | loss 0.9998 (gt 0.0944, kd 0.0100) | 7.4 it/s | elapsed 2.2 min | epoch ETA 7.8 min
  epoch 029 | batch 1,500/4,475 (33.5%) | loss 0.9995 (gt 0.0944, kd 0.0100) | 7.4 it/s | elapsed 3.4 min | epoch ETA 6.7 min
  epoch 029 | batch 2,000/4,475 (44.7%) | loss 0.9996 (gt 0.0944, kd 0.0099) | 7.4 it/s | elapsed 4.5 min | epoch ETA 5.5 min
  epoch 029 | batch 2,500/4,475 (55.9%) | loss 0.9994 (gt 0.0943, kd 0.0099) | 7.5 it/s | elapsed 5.6 min | epoch ETA 4.4 min
  epoch 029 | batch 3,000/4,475 (67.0%) | loss 0.9997 (gt 0.0943, kd 0.0099) | 7.5 it/s | elapsed 6.7 min | epoch ETA 3.3 min
  epoch 029 | batch 3,500/4,475 (78.2%) | loss 0.9998 (gt 0.0943, kd 0.0099) | 7.5 it/s | elapsed 7.8 min | epoch ETA 2.2 min
  epoch 029 | batch 4,000/4,475 (89.4%) | loss 0.9998 (gt 0.0943, kd 0.0099) | 7.5 it/s | elapsed 8.9 min | epoch ETA 1.1 min
Epoch 029 | train 0.999731 (gt 0.094259, kd 0.009893) | val 0.854312 (gt 0.086342, kd 0.006937) | KL end 0.8427 path 1.1719 | rough FDE 1000.9m
  epoch 030 | batch 500/4,475 (11.2%) | loss 1.0008 (gt 0.0945, kd 0.0098) | 7.4 it/s | elapsed 1.1 min | epoch ETA 8.9 min
  epoch 030 | batch 1,000/4,475 (22.3%) | loss 0.9996 (gt 0.0943, kd 0.0098) | 7.5 it/s | elapsed 2.2 min | epoch ETA 7.7 min
  epoch 030 | batch 1,500/4,475 (33.5%) | loss 0.9996 (gt 0.0941, kd 0.0097) | 7.5 it/s | elapsed 3.3 min | epoch ETA 6.6 min
  epoch 030 | batch 2,000/4,475 (44.7%) | loss 0.9998 (gt 0.0941, kd 0.0097) | 7.5 it/s | elapsed 4.4 min | epoch ETA 5.5 min
  epoch 030 | batch 2,500/4,475 (55.9%) | loss 0.9998 (gt 0.0941, kd 0.0097) | 7.5 it/s | elapsed 5.5 min | epoch ETA 4.4 min
  epoch 030 | batch 3,000/4,475 (67.0%) | loss 0.9998 (gt 0.0941, kd 0.0097) | 7.5 it/s | elapsed 6.7 min | epoch ETA 3.3 min
  epoch 030 | batch 3,500/4,475 (78.2%) | loss 0.9995 (gt 0.0941, kd 0.0097) | 7.5 it/s | elapsed 7.8 min | epoch ETA 2.2 min
  epoch 030 | batch 4,000/4,475 (89.4%) | loss 0.9999 (gt 0.0940, kd 0.0097) | 7.5 it/s | elapsed 8.9 min | epoch ETA 1.1 min
Epoch 030 | train 0.999853 (gt 0.094020, kd 0.009661) | val 0.850972 (gt 0.086162, kd 0.006753) | KL end 0.8171 path 1.1529 | rough FDE 998.3m | proper FDE 1000.1m (teacher 820.8m)  ✓ best
  epoch 031 | batch 500/4,475 (11.2%) | loss 0.9994 (gt 0.0943, kd 0.0095) | 7.5 it/s | elapsed 1.1 min | epoch ETA 8.9 min
  epoch 031 | batch 1,000/4,475 (22.3%) | loss 0.9993 (gt 0.0941, kd 0.0095) | 7.4 it/s | elapsed 2.2 min | epoch ETA 7.8 min
  epoch 031 | batch 1,500/4,475 (33.5%) | loss 0.9996 (gt 0.0939, kd 0.0095) | 7.5 it/s | elapsed 3.4 min | epoch ETA 6.7 min
  epoch 031 | batch 2,000/4,475 (44.7%) | loss 0.9997 (gt 0.0940, kd 0.0095) | 7.5 it/s | elapsed 4.5 min | epoch ETA 5.5 min
  epoch 031 | batch 2,500/4,475 (55.9%) | loss 0.9996 (gt 0.0940, kd 0.0095) | 7.5 it/s | elapsed 5.6 min | epoch ETA 4.4 min
  epoch 031 | batch 3,000/4,475 (67.0%) | loss 0.9996 (gt 0.0940, kd 0.0095) | 7.5 it/s | elapsed 6.7 min | epoch ETA 3.3 min
  epoch 031 | batch 3,500/4,475 (78.2%) | loss 0.9997 (gt 0.0940, kd 0.0095) | 7.5 it/s | elapsed 7.8 min | epoch ETA 2.2 min
  epoch 031 | batch 4,000/4,475 (89.4%) | loss 0.9996 (gt 0.0939, kd 0.0094) | 7.5 it/s | elapsed 8.9 min | epoch ETA 1.1 min
Epoch 031 | train 0.999666 (gt 0.093890, kd 0.009434) | val 0.855561 (gt 0.085986, kd 0.006587) | KL end 0.8029 path 1.1336 | rough FDE 995.8m
  epoch 032 | batch 500/4,475 (11.2%) | loss 0.9999 (gt 0.0936, kd 0.0093) | 7.5 it/s | elapsed 1.1 min | epoch ETA 8.8 min
  epoch 032 | batch 1,000/4,475 (22.3%) | loss 0.9997 (gt 0.0936, kd 0.0093) | 7.5 it/s | elapsed 2.2 min | epoch ETA 7.7 min
  epoch 032 | batch 1,500/4,475 (33.5%) | loss 0.9999 (gt 0.0937, kd 0.0093) | 7.5 it/s | elapsed 3.3 min | epoch ETA 6.6 min
  epoch 032 | batch 2,000/4,475 (44.7%) | loss 0.9996 (gt 0.0937, kd 0.0092) | 7.5 it/s | elapsed 4.5 min | epoch ETA 5.5 min
  epoch 032 | batch 2,500/4,475 (55.9%) | loss 1.0000 (gt 0.0937, kd 0.0093) | 7.5 it/s | elapsed 5.6 min | epoch ETA 4.4 min
  epoch 032 | batch 3,000/4,475 (67.0%) | loss 0.9999 (gt 0.0937, kd 0.0092) | 7.5 it/s | elapsed 6.7 min | epoch ETA 3.3 min
  epoch 032 | batch 3,500/4,475 (78.2%) | loss 0.9999 (gt 0.0937, kd 0.0092) | 7.5 it/s | elapsed 7.8 min | epoch ETA 2.2 min
  epoch 032 | batch 4,000/4,475 (89.4%) | loss 1.0000 (gt 0.0937, kd 0.0092) | 7.5 it/s | elapsed 8.9 min | epoch ETA 1.1 min
Epoch 032 | train 1.000035 (gt 0.093685, kd 0.009220) | val 0.846857 (gt 0.085831, kd 0.006435) | KL end 0.7898 path 1.1146 | rough FDE 994.6m
  epoch 033 | batch 500/4,475 (11.2%) | loss 0.9986 (gt 0.0933, kd 0.0091) | 7.5 it/s | elapsed 1.1 min | epoch ETA 8.8 min
  epoch 033 | batch 1,000/4,475 (22.3%) | loss 0.9992 (gt 0.0936, kd 0.0091) | 7.5 it/s | elapsed 2.2 min | epoch ETA 7.7 min
  epoch 033 | batch 1,500/4,475 (33.5%) | loss 0.9989 (gt 0.0934, kd 0.0091) | 7.5 it/s | elapsed 3.3 min | epoch ETA 6.6 min
  epoch 033 | batch 2,000/4,475 (44.7%) | loss 0.9989 (gt 0.0934, kd 0.0091) | 7.5 it/s | elapsed 4.4 min | epoch ETA 5.5 min
  epoch 033 | batch 2,500/4,475 (55.9%) | loss 0.9994 (gt 0.0934, kd 0.0091) | 7.5 it/s | elapsed 5.5 min | epoch ETA 4.4 min
  epoch 033 | batch 3,000/4,475 (67.0%) | loss 0.9997 (gt 0.0934, kd 0.0091) | 7.5 it/s | elapsed 6.7 min | epoch ETA 3.3 min
  epoch 033 | batch 3,500/4,475 (78.2%) | loss 0.9995 (gt 0.0934, kd 0.0090) | 7.5 it/s | elapsed 7.8 min | epoch ETA 2.2 min
  epoch 033 | batch 4,000/4,475 (89.4%) | loss 0.9996 (gt 0.0934, kd 0.0090) | 7.5 it/s | elapsed 8.9 min | epoch ETA 1.1 min
Epoch 033 | train 0.999632 (gt 0.093380, kd 0.009036) | val 0.852936 (gt 0.085680, kd 0.006288) | KL end 0.7653 path 1.0957 | rough FDE 993.7m
  epoch 034 | batch 500/4,475 (11.2%) | loss 0.9996 (gt 0.0932, kd 0.0089) | 7.5 it/s | elapsed 1.1 min | epoch ETA 8.8 min
  epoch 034 | batch 1,000/4,475 (22.3%) | loss 0.9994 (gt 0.0932, kd 0.0089) | 7.5 it/s | elapsed 2.2 min | epoch ETA 7.7 min
  epoch 034 | batch 1,500/4,475 (33.5%) | loss 0.9994 (gt 0.0931, kd 0.0089) | 7.5 it/s | elapsed 3.3 min | epoch ETA 6.6 min
  epoch 034 | batch 2,000/4,475 (44.7%) | loss 1.0002 (gt 0.0932, kd 0.0089) | 7.5 it/s | elapsed 4.4 min | epoch ETA 5.5 min
  epoch 034 | batch 2,500/4,475 (55.9%) | loss 0.9996 (gt 0.0932, kd 0.0089) | 7.5 it/s | elapsed 5.5 min | epoch ETA 4.4 min
  epoch 034 | batch 3,000/4,475 (67.0%) | loss 0.9996 (gt 0.0932, kd 0.0089) | 7.5 it/s | elapsed 6.6 min | epoch ETA 3.3 min
  epoch 034 | batch 3,500/4,475 (78.2%) | loss 0.9998 (gt 0.0932, kd 0.0088) | 7.5 it/s | elapsed 7.7 min | epoch ETA 2.2 min
  epoch 034 | batch 4,000/4,475 (89.4%) | loss 0.9999 (gt 0.0933, kd 0.0088) | 7.5 it/s | elapsed 8.8 min | epoch ETA 1.1 min
Epoch 034 | train 1.000020 (gt 0.093268, kd 0.008843) | val 0.845613 (gt 0.085538, kd 0.006153) | KL end 0.7702 path 1.0958 | rough FDE 994.7m
  epoch 035 | batch 500/4,475 (11.2%) | loss 0.9976 (gt 0.0934, kd 0.0088) | 7.5 it/s | elapsed 1.1 min | epoch ETA 8.8 min
  epoch 035 | batch 1,000/4,475 (22.3%) | loss 0.9994 (gt 0.0933, kd 0.0088) | 7.5 it/s | elapsed 2.2 min | epoch ETA 7.7 min
  epoch 035 | batch 1,500/4,475 (33.5%) | loss 0.9987 (gt 0.0932, kd 0.0088) | 7.5 it/s | elapsed 3.3 min | epoch ETA 6.6 min
  epoch 035 | batch 2,000/4,475 (44.7%) | loss 0.9994 (gt 0.0932, kd 0.0087) | 7.5 it/s | elapsed 4.4 min | epoch ETA 5.5 min
  epoch 035 | batch 2,500/4,475 (55.9%) | loss 0.9993 (gt 0.0932, kd 0.0087) | 7.5 it/s | elapsed 5.5 min | epoch ETA 4.4 min
  epoch 035 | batch 3,000/4,475 (67.0%) | loss 0.9995 (gt 0.0931, kd 0.0087) | 7.5 it/s | elapsed 6.6 min | epoch ETA 3.3 min
  epoch 035 | batch 3,500/4,475 (78.2%) | loss 0.9995 (gt 0.0931, kd 0.0087) | 7.5 it/s | elapsed 7.8 min | epoch ETA 2.2 min
  epoch 035 | batch 4,000/4,475 (89.4%) | loss 0.9996 (gt 0.0931, kd 0.0087) | 7.5 it/s | elapsed 8.9 min | epoch ETA 1.1 min
Epoch 035 | train 0.999662 (gt 0.093128, kd 0.008683) | val 0.851249 (gt 0.085405, kd 0.006030) | KL end 0.7271 path 1.0683 | rough FDE 986.3m | proper FDE 981.2m (teacher 820.8m)  ✓ best
  epoch 036 | batch 500/4,475 (11.2%) | loss 0.9979 (gt 0.0926, kd 0.0085) | 7.5 it/s | elapsed 1.1 min | epoch ETA 8.8 min
  epoch 036 | batch 1,000/4,475 (22.3%) | loss 0.9993 (gt 0.0927, kd 0.0085) | 7.5 it/s | elapsed 2.2 min | epoch ETA 7.7 min
  epoch 036 | batch 1,500/4,475 (33.5%) | loss 0.9997 (gt 0.0928, kd 0.0085) | 7.5 it/s | elapsed 3.3 min | epoch ETA 6.6 min
  epoch 036 | batch 2,000/4,475 (44.7%) | loss 1.0000 (gt 0.0928, kd 0.0085) | 7.5 it/s | elapsed 4.4 min | epoch ETA 5.5 min
  epoch 036 | batch 2,500/4,475 (55.9%) | loss 0.9995 (gt 0.0928, kd 0.0085) | 7.5 it/s | elapsed 5.5 min | epoch ETA 4.4 min
  epoch 036 | batch 3,000/4,475 (67.0%) | loss 0.9998 (gt 0.0929, kd 0.0085) | 7.5 it/s | elapsed 6.6 min | epoch ETA 3.3 min
  epoch 036 | batch 3,500/4,475 (78.2%) | loss 0.9997 (gt 0.0929, kd 0.0085) | 7.5 it/s | elapsed 7.8 min | epoch ETA 2.2 min
  epoch 036 | batch 4,000/4,475 (89.4%) | loss 0.9998 (gt 0.0929, kd 0.0085) | 7.5 it/s | elapsed 8.9 min | epoch ETA 1.1 min
Epoch 036 | train 0.999748 (gt 0.092877, kd 0.008484) | val 0.853576 (gt 0.085273, kd 0.005911) | KL end 0.7104 path 1.0655 | rough FDE 985.4m
  epoch 037 | batch 500/4,475 (11.2%) | loss 1.0008 (gt 0.0930, kd 0.0084) | 7.5 it/s | elapsed 1.1 min | epoch ETA 8.8 min
  epoch 037 | batch 1,000/4,475 (22.3%) | loss 1.0004 (gt 0.0930, kd 0.0084) | 7.5 it/s | elapsed 2.2 min | epoch ETA 7.7 min
  epoch 037 | batch 1,500/4,475 (33.5%) | loss 1.0000 (gt 0.0930, kd 0.0084) | 7.5 it/s | elapsed 3.3 min | epoch ETA 6.6 min
  epoch 037 | batch 2,000/4,475 (44.7%) | loss 0.9998 (gt 0.0929, kd 0.0084) | 7.5 it/s | elapsed 4.4 min | epoch ETA 5.5 min
  epoch 037 | batch 2,500/4,475 (55.9%) | loss 0.9997 (gt 0.0928, kd 0.0084) | 7.5 it/s | elapsed 5.5 min | epoch ETA 4.4 min
  epoch 037 | batch 3,000/4,475 (67.0%) | loss 1.0000 (gt 0.0928, kd 0.0084) | 7.5 it/s | elapsed 6.6 min | epoch ETA 3.3 min
  epoch 037 | batch 3,500/4,475 (78.2%) | loss 0.9997 (gt 0.0927, kd 0.0083) | 7.5 it/s | elapsed 7.8 min | epoch ETA 2.2 min
  epoch 037 | batch 4,000/4,475 (89.4%) | loss 0.9998 (gt 0.0927, kd 0.0083) | 7.5 it/s | elapsed 8.9 min | epoch ETA 1.1 min
Epoch 037 | train 1.000022 (gt 0.092738, kd 0.008330) | val 0.847063 (gt 0.085162, kd 0.005796) | KL end 0.7060 path 1.0687 | rough FDE 982.2m
  epoch 038 | batch 500/4,475 (11.2%) | loss 0.9985 (gt 0.0927, kd 0.0083) | 7.5 it/s | elapsed 1.1 min | epoch ETA 8.8 min
  epoch 038 | batch 1,000/4,475 (22.3%) | loss 0.9989 (gt 0.0926, kd 0.0082) | 7.5 it/s | elapsed 2.2 min | epoch ETA 7.7 min
  epoch 038 | batch 1,500/4,475 (33.5%) | loss 0.9989 (gt 0.0926, kd 0.0082) | 7.5 it/s | elapsed 3.3 min | epoch ETA 6.6 min
  epoch 038 | batch 2,000/4,475 (44.7%) | loss 0.9993 (gt 0.0926, kd 0.0082) | 7.5 it/s | elapsed 4.4 min | epoch ETA 5.5 min
  epoch 038 | batch 2,500/4,475 (55.9%) | loss 0.9996 (gt 0.0927, kd 0.0082) | 7.5 it/s | elapsed 5.5 min | epoch ETA 4.4 min
  epoch 038 | batch 3,000/4,475 (67.0%) | loss 0.9994 (gt 0.0926, kd 0.0082) | 7.5 it/s | elapsed 6.6 min | epoch ETA 3.3 min
  epoch 038 | batch 3,500/4,475 (78.2%) | loss 0.9996 (gt 0.0926, kd 0.0082) | 7.5 it/s | elapsed 7.8 min | epoch ETA 2.2 min
  epoch 038 | batch 4,000/4,475 (89.4%) | loss 0.9995 (gt 0.0926, kd 0.0082) | 7.5 it/s | elapsed 8.9 min | epoch ETA 1.1 min
Epoch 038 | train 0.999805 (gt 0.092595, kd 0.008163) | val 0.848377 (gt 0.085059, kd 0.005688) | KL end 0.6856 path 1.0565 | rough FDE 979.7m
  epoch 039 | batch 500/4,475 (11.2%) | loss 0.9972 (gt 0.0927, kd 0.0081) | 7.5 it/s | elapsed 1.1 min | epoch ETA 8.8 min
  epoch 039 | batch 1,000/4,475 (22.3%) | loss 0.9992 (gt 0.0926, kd 0.0081) | 7.5 it/s | elapsed 2.2 min | epoch ETA 7.7 min
  epoch 039 | batch 1,500/4,475 (33.5%) | loss 0.9988 (gt 0.0924, kd 0.0080) | 7.5 it/s | elapsed 3.3 min | epoch ETA 6.6 min
  epoch 039 | batch 2,000/4,475 (44.7%) | loss 0.9990 (gt 0.0924, kd 0.0080) | 7.5 it/s | elapsed 4.4 min | epoch ETA 5.5 min
  epoch 039 | batch 2,500/4,475 (55.9%) | loss 0.9995 (gt 0.0924, kd 0.0080) | 7.5 it/s | elapsed 5.5 min | epoch ETA 4.4 min
  epoch 039 | batch 3,000/4,475 (67.0%) | loss 0.9996 (gt 0.0924, kd 0.0080) | 7.5 it/s | elapsed 6.6 min | epoch ETA 3.3 min
  epoch 039 | batch 3,500/4,475 (78.2%) | loss 0.9996 (gt 0.0924, kd 0.0080) | 7.5 it/s | elapsed 7.8 min | epoch ETA 2.2 min
  epoch 039 | batch 4,000/4,475 (89.4%) | loss 0.9997 (gt 0.0924, kd 0.0080) | 7.5 it/s | elapsed 8.9 min | epoch ETA 1.1 min
Epoch 039 | train 0.999612 (gt 0.092327, kd 0.007997) | val 0.856243 (gt 0.084938, kd 0.005583) | KL end 0.6834 path 1.0509 | rough FDE 979.1m
  epoch 040 | batch 500/4,475 (11.2%) | loss 1.0001 (gt 0.0924, kd 0.0079) | 7.5 it/s | elapsed 1.1 min | epoch ETA 8.8 min
  epoch 040 | batch 1,000/4,475 (22.3%) | loss 0.9999 (gt 0.0923, kd 0.0079) | 7.5 it/s | elapsed 2.2 min | epoch ETA 7.7 min
  epoch 040 | batch 1,500/4,475 (33.5%) | loss 0.9998 (gt 0.0923, kd 0.0079) | 7.5 it/s | elapsed 3.3 min | epoch ETA 6.6 min
  epoch 040 | batch 2,000/4,475 (44.7%) | loss 0.9998 (gt 0.0923, kd 0.0079) | 7.5 it/s | elapsed 4.4 min | epoch ETA 5.5 min
  epoch 040 | batch 2,500/4,475 (55.9%) | loss 0.9997 (gt 0.0922, kd 0.0079) | 7.5 it/s | elapsed 5.5 min | epoch ETA 4.4 min
  epoch 040 | batch 3,000/4,475 (67.0%) | loss 1.0000 (gt 0.0922, kd 0.0079) | 7.5 it/s | elapsed 6.7 min | epoch ETA 3.3 min
  epoch 040 | batch 3,500/4,475 (78.2%) | loss 0.9997 (gt 0.0921, kd 0.0079) | 7.5 it/s | elapsed 7.8 min | epoch ETA 2.2 min
  epoch 040 | batch 4,000/4,475 (89.4%) | loss 0.9998 (gt 0.0922, kd 0.0079) | 7.5 it/s | elapsed 8.9 min | epoch ETA 1.1 min
Epoch 040 | train 1.000007 (gt 0.092192, kd 0.007853) | val 0.849776 (gt 0.084827, kd 0.005485) | KL end 0.6908 path 1.0375 | rough FDE 977.8m | proper FDE 967.9m (teacher 820.8m)  ✓ best
  epoch 041 | batch 500/4,475 (11.2%) | loss 0.9973 (gt 0.0919, kd 0.0077) | 7.5 it/s | elapsed 1.1 min | epoch ETA 8.8 min
  epoch 041 | batch 1,000/4,475 (22.3%) | loss 0.9988 (gt 0.0920, kd 0.0078) | 7.5 it/s | elapsed 2.2 min | epoch ETA 7.7 min
  epoch 041 | batch 1,500/4,475 (33.5%) | loss 0.9997 (gt 0.0922, kd 0.0078) | 7.5 it/s | elapsed 3.3 min | epoch ETA 6.6 min
  epoch 041 | batch 2,000/4,475 (44.7%) | loss 0.9995 (gt 0.0922, kd 0.0078) | 7.5 it/s | elapsed 4.4 min | epoch ETA 5.5 min
  epoch 041 | batch 2,500/4,475 (55.9%) | loss 0.9997 (gt 0.0922, kd 0.0078) | 7.5 it/s | elapsed 5.5 min | epoch ETA 4.4 min
  epoch 041 | batch 3,000/4,475 (67.0%) | loss 0.9997 (gt 0.0921, kd 0.0077) | 7.5 it/s | elapsed 6.6 min | epoch ETA 3.3 min
  epoch 041 | batch 3,500/4,475 (78.2%) | loss 0.9998 (gt 0.0922, kd 0.0077) | 7.5 it/s | elapsed 7.8 min | epoch ETA 2.2 min
  epoch 041 | batch 4,000/4,475 (89.4%) | loss 0.9996 (gt 0.0921, kd 0.0077) | 7.5 it/s | elapsed 8.9 min | epoch ETA 1.1 min
Epoch 041 | train 0.999772 (gt 0.092183, kd 0.007734) | val 0.852351 (gt 0.084737, kd 0.005394) | KL end 0.6907 path 1.0135 | rough FDE 978.4m
  epoch 042 | batch 500/4,475 (11.2%) | loss 0.9987 (gt 0.0919, kd 0.0076) | 7.5 it/s | elapsed 1.1 min | epoch ETA 8.8 min
  epoch 042 | batch 1,000/4,475 (22.3%) | loss 0.9993 (gt 0.0918, kd 0.0076) | 7.5 it/s | elapsed 2.2 min | epoch ETA 7.7 min
  epoch 042 | batch 1,500/4,475 (33.5%) | loss 0.9993 (gt 0.0919, kd 0.0076) | 7.5 it/s | elapsed 3.3 min | epoch ETA 6.6 min
  epoch 042 | batch 2,000/4,475 (44.7%) | loss 0.9997 (gt 0.0919, kd 0.0076) | 7.5 it/s | elapsed 4.4 min | epoch ETA 5.5 min
  epoch 042 | batch 2,500/4,475 (55.9%) | loss 1.0000 (gt 0.0920, kd 0.0076) | 7.5 it/s | elapsed 5.5 min | epoch ETA 4.4 min
  epoch 042 | batch 3,000/4,475 (67.0%) | loss 0.9996 (gt 0.0919, kd 0.0076) | 7.5 it/s | elapsed 6.6 min | epoch ETA 3.3 min
  epoch 042 | batch 3,500/4,475 (78.2%) | loss 0.9996 (gt 0.0919, kd 0.0076) | 7.5 it/s | elapsed 7.8 min | epoch ETA 2.2 min
  epoch 042 | batch 4,000/4,475 (89.4%) | loss 0.9997 (gt 0.0919, kd 0.0076) | 7.5 it/s | elapsed 8.9 min | epoch ETA 1.1 min
Epoch 042 | train 0.999706 (gt 0.091891, kd 0.007584) | val 0.858008 (gt 0.084630, kd 0.005306) | KL end 0.6882 path 1.0428 | rough FDE 979.6m
  epoch 043 | batch 500/4,475 (11.2%) | loss 0.9993 (gt 0.0917, kd 0.0074) | 7.5 it/s | elapsed 1.1 min | epoch ETA 8.9 min
  epoch 043 | batch 1,000/4,475 (22.3%) | loss 0.9998 (gt 0.0917, kd 0.0074) | 7.5 it/s | elapsed 2.2 min | epoch ETA 7.7 min
  epoch 043 | batch 1,500/4,475 (33.5%) | loss 0.9998 (gt 0.0916, kd 0.0074) | 7.5 it/s | elapsed 3.3 min | epoch ETA 6.6 min
  epoch 043 | batch 2,000/4,475 (44.7%) | loss 1.0001 (gt 0.0917, kd 0.0074) | 7.5 it/s | elapsed 4.4 min | epoch ETA 5.5 min
  epoch 043 | batch 2,500/4,475 (55.9%) | loss 1.0001 (gt 0.0917, kd 0.0074) | 7.5 it/s | elapsed 5.6 min | epoch ETA 4.4 min
  epoch 043 | batch 3,000/4,475 (67.0%) | loss 1.0001 (gt 0.0917, kd 0.0074) | 7.5 it/s | elapsed 6.7 min | epoch ETA 3.3 min
  epoch 043 | batch 3,500/4,475 (78.2%) | loss 0.9999 (gt 0.0917, kd 0.0074) | 7.5 it/s | elapsed 7.8 min | epoch ETA 2.2 min
  epoch 043 | batch 4,000/4,475 (89.4%) | loss 1.0000 (gt 0.0918, kd 0.0074) | 7.5 it/s | elapsed 8.9 min | epoch ETA 1.1 min
Epoch 043 | train 0.999804 (gt 0.091757, kd 0.007439) | val 0.859970 (gt 0.084531, kd 0.005214) | KL end 0.6648 path 1.0357 | rough FDE 976.5m
  epoch 044 | batch 500/4,475 (11.2%) | loss 1.0003 (gt 0.0915, kd 0.0073) | 7.5 it/s | elapsed 1.1 min | epoch ETA 8.8 min
  epoch 044 | batch 1,000/4,475 (22.3%) | loss 0.9998 (gt 0.0915, kd 0.0073) | 7.5 it/s | elapsed 2.2 min | epoch ETA 7.7 min
  epoch 044 | batch 1,500/4,475 (33.5%) | loss 1.0001 (gt 0.0916, kd 0.0073) | 7.5 it/s | elapsed 3.3 min | epoch ETA 6.6 min
  epoch 044 | batch 2,000/4,475 (44.7%) | loss 0.9999 (gt 0.0916, kd 0.0073) | 7.5 it/s | elapsed 4.4 min | epoch ETA 5.5 min
  epoch 044 | batch 2,500/4,475 (55.9%) | loss 1.0001 (gt 0.0916, kd 0.0073) | 7.5 it/s | elapsed 5.5 min | epoch ETA 4.4 min
  epoch 044 | batch 3,000/4,475 (67.0%) | loss 1.0002 (gt 0.0917, kd 0.0073) | 7.5 it/s | elapsed 6.7 min | epoch ETA 3.3 min
  epoch 044 | batch 3,500/4,475 (78.2%) | loss 1.0002 (gt 0.0917, kd 0.0073) | 7.5 it/s | elapsed 7.8 min | epoch ETA 2.2 min
  epoch 044 | batch 4,000/4,475 (89.4%) | loss 0.9999 (gt 0.0917, kd 0.0073) | 7.5 it/s | elapsed 8.9 min | epoch ETA 1.1 min
Epoch 044 | train 0.999954 (gt 0.091679, kd 0.007319) | val 0.856515 (gt 0.084449, kd 0.005135) | KL end 0.6527 path 0.9884 | rough FDE 975.1m
  epoch 045 | batch 500/4,475 (11.2%) | loss 0.9987 (gt 0.0916, kd 0.0072) | 7.5 it/s | elapsed 1.1 min | epoch ETA 8.8 min
  epoch 045 | batch 1,000/4,475 (22.3%) | loss 0.9995 (gt 0.0915, kd 0.0072) | 7.5 it/s | elapsed 2.2 min | epoch ETA 7.7 min
  epoch 045 | batch 1,500/4,475 (33.5%) | loss 0.9994 (gt 0.0915, kd 0.0072) | 7.5 it/s | elapsed 3.3 min | epoch ETA 6.6 min
  epoch 045 | batch 2,000/4,475 (44.7%) | loss 0.9999 (gt 0.0916, kd 0.0072) | 7.5 it/s | elapsed 4.4 min | epoch ETA 5.5 min
  epoch 045 | batch 2,500/4,475 (55.9%) | loss 0.9997 (gt 0.0916, kd 0.0072) | 7.5 it/s | elapsed 5.5 min | epoch ETA 4.4 min
  epoch 045 | batch 3,000/4,475 (67.0%) | loss 0.9996 (gt 0.0915, kd 0.0072) | 7.5 it/s | elapsed 6.6 min | epoch ETA 3.3 min
  epoch 045 | batch 3,500/4,475 (78.2%) | loss 0.9997 (gt 0.0915, kd 0.0072) | 7.5 it/s | elapsed 7.8 min | epoch ETA 2.2 min
  epoch 045 | batch 4,000/4,475 (89.4%) | loss 0.9999 (gt 0.0915, kd 0.0072) | 7.5 it/s | elapsed 8.9 min | epoch ETA 1.1 min
Epoch 045 | train 0.999869 (gt 0.091475, kd 0.007204) | val 0.856632 (gt 0.084367, kd 0.005062) | KL end 0.6317 path 0.9560 | rough FDE 977.0m | proper FDE 959.3m (teacher 820.8m)  ✓ best
  epoch 046 | batch 500/4,475 (11.2%) | loss 0.9990 (gt 0.0916, kd 0.0071) | 7.5 it/s | elapsed 1.1 min | epoch ETA 8.9 min
  epoch 046 | batch 1,000/4,475 (22.3%) | loss 1.0001 (gt 0.0916, kd 0.0071) | 7.5 it/s | elapsed 2.2 min | epoch ETA 7.7 min
  epoch 046 | batch 1,500/4,475 (33.5%) | loss 0.9997 (gt 0.0914, kd 0.0071) | 7.5 it/s | elapsed 3.3 min | epoch ETA 6.6 min
  epoch 046 | batch 2,000/4,475 (44.7%) | loss 0.9993 (gt 0.0913, kd 0.0071) | 7.5 it/s | elapsed 4.4 min | epoch ETA 5.5 min
  epoch 046 | batch 2,500/4,475 (55.9%) | loss 0.9996 (gt 0.0913, kd 0.0071) | 7.5 it/s | elapsed 5.5 min | epoch ETA 4.4 min
  epoch 046 | batch 3,000/4,475 (67.0%) | loss 0.9998 (gt 0.0914, kd 0.0071) | 7.5 it/s | elapsed 6.7 min | epoch ETA 3.3 min
  epoch 046 | batch 3,500/4,475 (78.2%) | loss 0.9997 (gt 0.0914, kd 0.0071) | 7.5 it/s | elapsed 7.8 min | epoch ETA 2.2 min
  epoch 046 | batch 4,000/4,475 (89.4%) | loss 1.0000 (gt 0.0914, kd 0.0071) | 7.5 it/s | elapsed 8.9 min | epoch ETA 1.1 min
Epoch 046 | train 0.999835 (gt 0.091420, kd 0.007073) | val 0.857515 (gt 0.084275, kd 0.004984) | KL end 0.6211 path 0.9435 | rough FDE 974.9m
  epoch 047 | batch 500/4,475 (11.2%) | loss 0.9996 (gt 0.0912, kd 0.0071) | 7.5 it/s | elapsed 1.1 min | epoch ETA 8.8 min
  epoch 047 | batch 1,000/4,475 (22.3%) | loss 1.0006 (gt 0.0914, kd 0.0071) | 7.5 it/s | elapsed 2.2 min | epoch ETA 7.7 min
  epoch 047 | batch 1,500/4,475 (33.5%) | loss 0.9999 (gt 0.0913, kd 0.0071) | 7.5 it/s | elapsed 3.3 min | epoch ETA 6.6 min
  epoch 047 | batch 2,000/4,475 (44.7%) | loss 0.9999 (gt 0.0912, kd 0.0070) | 7.5 it/s | elapsed 4.4 min | epoch ETA 5.5 min
  epoch 047 | batch 2,500/4,475 (55.9%) | loss 0.9997 (gt 0.0912, kd 0.0070) | 7.5 it/s | elapsed 5.5 min | epoch ETA 4.4 min
  epoch 047 | batch 3,000/4,475 (67.0%) | loss 0.9998 (gt 0.0913, kd 0.0070) | 7.5 it/s | elapsed 6.7 min | epoch ETA 3.3 min
  epoch 047 | batch 3,500/4,475 (78.2%) | loss 0.9999 (gt 0.0913, kd 0.0070) | 7.5 it/s | elapsed 7.8 min | epoch ETA 2.2 min
  epoch 047 | batch 4,000/4,475 (89.4%) | loss 0.9999 (gt 0.0913, kd 0.0070) | 7.5 it/s | elapsed 8.9 min | epoch ETA 1.1 min
Epoch 047 | train 0.999842 (gt 0.091269, kd 0.006992) | val 0.857817 (gt 0.084194, kd 0.004911) | KL end 0.6148 path 0.9424 | rough FDE 972.1m
  epoch 048 | batch 500/4,475 (11.2%) | loss 0.9992 (gt 0.0911, kd 0.0069) | 7.5 it/s | elapsed 1.1 min | epoch ETA 8.8 min
  epoch 048 | batch 1,000/4,475 (22.3%) | loss 1.0002 (gt 0.0911, kd 0.0069) | 7.5 it/s | elapsed 2.2 min | epoch ETA 7.7 min
  epoch 048 | batch 1,500/4,475 (33.5%) | loss 0.9999 (gt 0.0911, kd 0.0069) | 7.5 it/s | elapsed 3.3 min | epoch ETA 6.6 min
  epoch 048 | batch 2,000/4,475 (44.7%) | loss 0.9999 (gt 0.0911, kd 0.0069) | 7.5 it/s | elapsed 4.4 min | epoch ETA 5.5 min
  epoch 048 | batch 2,500/4,475 (55.9%) | loss 1.0000 (gt 0.0912, kd 0.0069) | 7.5 it/s | elapsed 5.5 min | epoch ETA 4.4 min
  epoch 048 | batch 3,000/4,475 (67.0%) | loss 0.9996 (gt 0.0911, kd 0.0069) | 7.5 it/s | elapsed 6.6 min | epoch ETA 3.3 min
  epoch 048 | batch 3,500/4,475 (78.2%) | loss 1.0000 (gt 0.0912, kd 0.0069) | 7.5 it/s | elapsed 7.8 min | epoch ETA 2.2 min
  epoch 048 | batch 4,000/4,475 (89.4%) | loss 1.0000 (gt 0.0912, kd 0.0069) | 7.5 it/s | elapsed 8.9 min | epoch ETA 1.1 min
Epoch 048 | train 0.999680 (gt 0.091166, kd 0.006867) | val 0.865620 (gt 0.084122, kd 0.004847) | KL end 0.6086 path 0.9393 | rough FDE 967.7m
  epoch 049 | batch 500/4,475 (11.2%) | loss 1.0011 (gt 0.0913, kd 0.0068) | 7.5 it/s | elapsed 1.1 min | epoch ETA 8.8 min
  epoch 049 | batch 1,000/4,475 (22.3%) | loss 1.0004 (gt 0.0912, kd 0.0068) | 7.5 it/s | elapsed 2.2 min | epoch ETA 7.7 min
  epoch 049 | batch 1,500/4,475 (33.5%) | loss 1.0009 (gt 0.0912, kd 0.0068) | 7.5 it/s | elapsed 3.3 min | epoch ETA 6.6 min
  epoch 049 | batch 2,000/4,475 (44.7%) | loss 1.0000 (gt 0.0911, kd 0.0068) | 7.5 it/s | elapsed 4.4 min | epoch ETA 5.5 min
  epoch 049 | batch 2,500/4,475 (55.9%) | loss 1.0002 (gt 0.0911, kd 0.0068) | 7.5 it/s | elapsed 5.5 min | epoch ETA 4.4 min
  epoch 049 | batch 3,000/4,475 (67.0%) | loss 1.0000 (gt 0.0912, kd 0.0068) | 7.5 it/s | elapsed 6.7 min | epoch ETA 3.3 min
  epoch 049 | batch 3,500/4,475 (78.2%) | loss 0.9998 (gt 0.0911, kd 0.0068) | 7.5 it/s | elapsed 7.8 min | epoch ETA 2.2 min
  epoch 049 | batch 4,000/4,475 (89.4%) | loss 1.0000 (gt 0.0911, kd 0.0067) | 7.5 it/s | elapsed 8.9 min | epoch ETA 1.1 min
Epoch 049 | train 1.000127 (gt 0.091120, kd 0.006749) | val 0.856229 (gt 0.084066, kd 0.004786) | KL end 0.6035 path 0.9346 | rough FDE 963.7m
  epoch 050 | batch 500/4,475 (11.2%) | loss 0.9995 (gt 0.0911, kd 0.0067) | 7.5 it/s | elapsed 1.1 min | epoch ETA 8.8 min
  epoch 050 | batch 1,000/4,475 (22.3%) | loss 0.9993 (gt 0.0908, kd 0.0067) | 7.5 it/s | elapsed 2.2 min | epoch ETA 7.7 min
  epoch 050 | batch 1,500/4,475 (33.5%) | loss 0.9995 (gt 0.0908, kd 0.0067) | 7.5 it/s | elapsed 3.3 min | epoch ETA 6.6 min
  epoch 050 | batch 2,000/4,475 (44.7%) | loss 0.9995 (gt 0.0908, kd 0.0067) | 7.5 it/s | elapsed 4.4 min | epoch ETA 5.5 min
  epoch 050 | batch 2,500/4,475 (55.9%) | loss 0.9997 (gt 0.0908, kd 0.0067) | 7.5 it/s | elapsed 5.5 min | epoch ETA 4.4 min
  epoch 050 | batch 3,000/4,475 (67.0%) | loss 0.9998 (gt 0.0908, kd 0.0067) | 7.5 it/s | elapsed 6.6 min | epoch ETA 3.3 min
  epoch 050 | batch 3,500/4,475 (78.2%) | loss 0.9997 (gt 0.0909, kd 0.0067) | 7.5 it/s | elapsed 7.7 min | epoch ETA 2.2 min
  epoch 050 | batch 4,000/4,475 (89.4%) | loss 0.9998 (gt 0.0909, kd 0.0067) | 7.5 it/s | elapsed 8.9 min | epoch ETA 1.1 min
Epoch 050 | train 0.999748 (gt 0.090892, kd 0.006654) | val 0.861548 (gt 0.084007, kd 0.004733) | KL end 0.6067 path 0.9361 | rough FDE 960.3m | proper FDE 947.5m (teacher 820.8m)  ✓ best
  epoch 051 | batch 500/4,475 (11.2%) | loss 0.9998 (gt 0.0909, kd 0.0066) | 7.5 it/s | elapsed 1.1 min | epoch ETA 8.9 min
  epoch 051 | batch 1,000/4,475 (22.3%) | loss 1.0002 (gt 0.0908, kd 0.0066) | 7.5 it/s | elapsed 2.2 min | epoch ETA 7.7 min
  epoch 051 | batch 1,500/4,475 (33.5%) | loss 0.9996 (gt 0.0908, kd 0.0066) | 7.5 it/s | elapsed 3.3 min | epoch ETA 6.6 min
  epoch 051 | batch 2,000/4,475 (44.7%) | loss 1.0000 (gt 0.0908, kd 0.0066) | 7.5 it/s | elapsed 4.4 min | epoch ETA 5.5 min
  epoch 051 | batch 2,500/4,475 (55.9%) | loss 0.9998 (gt 0.0909, kd 0.0066) | 7.5 it/s | elapsed 5.5 min | epoch ETA 4.4 min
  epoch 051 | batch 3,000/4,475 (67.0%) | loss 0.9998 (gt 0.0908, kd 0.0066) | 7.5 it/s | elapsed 6.6 min | epoch ETA 3.3 min
  epoch 051 | batch 3,500/4,475 (78.2%) | loss 0.9999 (gt 0.0909, kd 0.0066) | 7.5 it/s | elapsed 7.7 min | epoch ETA 2.2 min
  epoch 051 | batch 4,000/4,475 (89.4%) | loss 0.9998 (gt 0.0909, kd 0.0066) | 7.5 it/s | elapsed 8.9 min | epoch ETA 1.1 min
Epoch 051 | train 1.000013 (gt 0.090861, kd 0.006558) | val 0.856688 (gt 0.083944, kd 0.004674) | KL end 0.6104 path 0.9334 | rough FDE 959.0m
  epoch 052 | batch 500/4,475 (11.2%) | loss 0.9977 (gt 0.0907, kd 0.0065) | 7.5 it/s | elapsed 1.1 min | epoch ETA 8.8 min
  epoch 052 | batch 1,000/4,475 (22.3%) | loss 0.9986 (gt 0.0907, kd 0.0065) | 7.5 it/s | elapsed 2.2 min | epoch ETA 7.7 min
  epoch 052 | batch 1,500/4,475 (33.5%) | loss 0.9995 (gt 0.0906, kd 0.0065) | 7.5 it/s | elapsed 3.3 min | epoch ETA 6.6 min
  epoch 052 | batch 2,000/4,475 (44.7%) | loss 0.9997 (gt 0.0907, kd 0.0065) | 7.5 it/s | elapsed 4.4 min | epoch ETA 5.5 min
  epoch 052 | batch 2,500/4,475 (55.9%) | loss 0.9995 (gt 0.0907, kd 0.0065) | 7.5 it/s | elapsed 5.5 min | epoch ETA 4.4 min
  epoch 052 | batch 3,000/4,475 (67.0%) | loss 0.9995 (gt 0.0907, kd 0.0065) | 7.5 it/s | elapsed 6.6 min | epoch ETA 3.3 min
  epoch 052 | batch 3,500/4,475 (78.2%) | loss 0.9996 (gt 0.0906, kd 0.0065) | 7.5 it/s | elapsed 7.8 min | epoch ETA 2.2 min
  epoch 052 | batch 4,000/4,475 (89.4%) | loss 0.9997 (gt 0.0907, kd 0.0065) | 7.5 it/s | elapsed 8.9 min | epoch ETA 1.1 min
Epoch 052 | train 0.999747 (gt 0.090673, kd 0.006466) | val 0.862062 (gt 0.083897, kd 0.004622) | KL end 0.6152 path 0.9385 | rough FDE 957.4m
  epoch 053 | batch 500/4,475 (11.2%) | loss 1.0006 (gt 0.0913, kd 0.0064) | 7.5 it/s | elapsed 1.1 min | epoch ETA 8.8 min
  epoch 053 | batch 1,000/4,475 (22.3%) | loss 0.9991 (gt 0.0910, kd 0.0064) | 7.5 it/s | elapsed 2.2 min | epoch ETA 7.7 min
  epoch 053 | batch 1,500/4,475 (33.5%) | loss 1.0001 (gt 0.0909, kd 0.0064) | 7.5 it/s | elapsed 3.3 min | epoch ETA 6.6 min
  epoch 053 | batch 2,000/4,475 (44.7%) | loss 0.9995 (gt 0.0908, kd 0.0064) | 7.5 it/s | elapsed 4.4 min | epoch ETA 5.5 min
  epoch 053 | batch 2,500/4,475 (55.9%) | loss 0.9999 (gt 0.0908, kd 0.0064) | 7.5 it/s | elapsed 5.5 min | epoch ETA 4.4 min
  epoch 053 | batch 3,000/4,475 (67.0%) | loss 0.9998 (gt 0.0907, kd 0.0064) | 7.5 it/s | elapsed 6.6 min | epoch ETA 3.3 min
  epoch 053 | batch 3,500/4,475 (78.2%) | loss 1.0000 (gt 0.0907, kd 0.0064) | 7.5 it/s | elapsed 7.7 min | epoch ETA 2.2 min
  epoch 053 | batch 4,000/4,475 (89.4%) | loss 1.0000 (gt 0.0907, kd 0.0064) | 7.5 it/s | elapsed 8.9 min | epoch ETA 1.1 min
Epoch 053 | train 0.999824 (gt 0.090665, kd 0.006377) | val 0.865133 (gt 0.083850, kd 0.004571) | KL end 0.6075 path 0.9360 | rough FDE 958.3m
  epoch 054 | batch 500/4,475 (11.2%) | loss 1.0002 (gt 0.0904, kd 0.0063) | 7.5 it/s | elapsed 1.1 min | epoch ETA 8.9 min
  epoch 054 | batch 1,000/4,475 (22.3%) | loss 0.9997 (gt 0.0904, kd 0.0063) | 7.5 it/s | elapsed 2.2 min | epoch ETA 7.7 min
  epoch 054 | batch 1,500/4,475 (33.5%) | loss 0.9999 (gt 0.0904, kd 0.0063) | 7.5 it/s | elapsed 3.3 min | epoch ETA 6.6 min
  epoch 054 | batch 2,000/4,475 (44.7%) | loss 1.0001 (gt 0.0906, kd 0.0063) | 7.5 it/s | elapsed 4.4 min | epoch ETA 5.5 min
  epoch 054 | batch 2,500/4,475 (55.9%) | loss 1.0001 (gt 0.0906, kd 0.0063) | 7.5 it/s | elapsed 5.6 min | epoch ETA 4.4 min
  epoch 054 | batch 3,000/4,475 (67.0%) | loss 1.0000 (gt 0.0905, kd 0.0063) | 7.5 it/s | elapsed 6.7 min | epoch ETA 3.3 min
  epoch 054 | batch 3,500/4,475 (78.2%) | loss 0.9999 (gt 0.0905, kd 0.0063) | 7.5 it/s | elapsed 7.8 min | epoch ETA 2.2 min
  epoch 054 | batch 4,000/4,475 (89.4%) | loss 0.9999 (gt 0.0905, kd 0.0063) | 7.5 it/s | elapsed 8.9 min | epoch ETA 1.1 min
Epoch 054 | train 0.999796 (gt 0.090516, kd 0.006279) | val 0.868530 (gt 0.083797, kd 0.004516) | KL end 0.6121 path 0.9427 | rough FDE 954.9m
  epoch 055 | batch 500/4,475 (11.2%) | loss 1.0024 (gt 0.0905, kd 0.0062) | 7.5 it/s | elapsed 1.1 min | epoch ETA 8.9 min
  epoch 055 | batch 1,000/4,475 (22.3%) | loss 0.9993 (gt 0.0901, kd 0.0062) | 7.5 it/s | elapsed 2.2 min | epoch ETA 7.7 min
  epoch 055 | batch 1,500/4,475 (33.5%) | loss 1.0002 (gt 0.0903, kd 0.0062) | 7.5 it/s | elapsed 3.3 min | epoch ETA 6.6 min
  epoch 055 | batch 2,000/4,475 (44.7%) | loss 1.0001 (gt 0.0904, kd 0.0062) | 7.5 it/s | elapsed 4.4 min | epoch ETA 5.5 min
  epoch 055 | batch 2,500/4,475 (55.9%) | loss 0.9997 (gt 0.0904, kd 0.0062) | 7.5 it/s | elapsed 5.5 min | epoch ETA 4.4 min
  epoch 055 | batch 3,000/4,475 (67.0%) | loss 1.0001 (gt 0.0904, kd 0.0062) | 7.5 it/s | elapsed 6.6 min | epoch ETA 3.3 min
  epoch 055 | batch 3,500/4,475 (78.2%) | loss 1.0000 (gt 0.0903, kd 0.0062) | 7.5 it/s | elapsed 7.8 min | epoch ETA 2.2 min
  epoch 055 | batch 4,000/4,475 (89.4%) | loss 0.9998 (gt 0.0904, kd 0.0062) | 7.5 it/s | elapsed 8.9 min | epoch ETA 1.1 min
Epoch 055 | train 0.999860 (gt 0.090325, kd 0.006187) | val 0.869317 (gt 0.083735, kd 0.004457) | KL end 0.5953 path 0.9306 | rough FDE 950.7m | proper FDE 939.9m (teacher 820.8m)  ✓ best
  epoch 056 | batch 500/4,475 (11.2%) | loss 0.9988 (gt 0.0904, kd 0.0061) | 7.5 it/s | elapsed 1.1 min | epoch ETA 8.8 min
  epoch 056 | batch 1,000/4,475 (22.3%) | loss 1.0006 (gt 0.0905, kd 0.0061) | 7.5 it/s | elapsed 2.2 min | epoch ETA 7.7 min
  epoch 056 | batch 1,500/4,475 (33.5%) | loss 0.9996 (gt 0.0904, kd 0.0061) | 7.5 it/s | elapsed 3.3 min | epoch ETA 6.6 min
  epoch 056 | batch 2,000/4,475 (44.7%) | loss 0.9999 (gt 0.0904, kd 0.0061) | 7.5 it/s | elapsed 4.4 min | epoch ETA 5.5 min
  epoch 056 | batch 2,500/4,475 (55.9%) | loss 1.0001 (gt 0.0904, kd 0.0061) | 7.5 it/s | elapsed 5.5 min | epoch ETA 4.4 min
  epoch 056 | batch 3,000/4,475 (67.0%) | loss 1.0000 (gt 0.0904, kd 0.0061) | 7.5 it/s | elapsed 6.6 min | epoch ETA 3.3 min
  epoch 056 | batch 3,500/4,475 (78.2%) | loss 1.0000 (gt 0.0904, kd 0.0061) | 7.5 it/s | elapsed 7.7 min | epoch ETA 2.2 min
  epoch 056 | batch 4,000/4,475 (89.4%) | loss 0.9999 (gt 0.0903, kd 0.0061) | 7.5 it/s | elapsed 8.8 min | epoch ETA 1.0 min
Epoch 056 | train 0.999937 (gt 0.090250, kd 0.006104) | val 0.867733 (gt 0.083663, kd 0.004412) | KL end 0.5794 path 0.9263 | rough FDE 948.8m
  epoch 057 | batch 500/4,475 (11.2%) | loss 1.0008 (gt 0.0904, kd 0.0060) | 7.5 it/s | elapsed 1.1 min | epoch ETA 8.9 min
  epoch 057 | batch 1,000/4,475 (22.3%) | loss 1.0002 (gt 0.0905, kd 0.0060) | 7.5 it/s | elapsed 2.2 min | epoch ETA 7.7 min
  epoch 057 | batch 1,500/4,475 (33.5%) | loss 0.9999 (gt 0.0905, kd 0.0061) | 7.5 it/s | elapsed 3.3 min | epoch ETA 6.6 min
  epoch 057 | batch 2,000/4,475 (44.7%) | loss 1.0001 (gt 0.0904, kd 0.0061) | 7.5 it/s | elapsed 4.4 min | epoch ETA 5.5 min
  epoch 057 | batch 2,500/4,475 (55.9%) | loss 0.9999 (gt 0.0904, kd 0.0060) | 7.5 it/s | elapsed 5.5 min | epoch ETA 4.4 min
  epoch 057 | batch 3,000/4,475 (67.0%) | loss 0.9998 (gt 0.0903, kd 0.0060) | 7.5 it/s | elapsed 6.6 min | epoch ETA 3.3 min
  epoch 057 | batch 3,500/4,475 (78.2%) | loss 0.9999 (gt 0.0903, kd 0.0060) | 7.5 it/s | elapsed 7.8 min | epoch ETA 2.2 min
  epoch 057 | batch 4,000/4,475 (89.4%) | loss 1.0000 (gt 0.0903, kd 0.0060) | 7.5 it/s | elapsed 8.9 min | epoch ETA 1.1 min
Epoch 057 | train 0.999990 (gt 0.090289, kd 0.006033) | val 0.863984 (gt 0.083601, kd 0.004368) | KL end 0.5790 path 0.9316 | rough FDE 945.0m
  epoch 058 | batch 500/4,475 (11.2%) | loss 0.9981 (gt 0.0899, kd 0.0059) | 7.5 it/s | elapsed 1.1 min | epoch ETA 8.8 min
  epoch 058 | batch 1,000/4,475 (22.3%) | loss 0.9994 (gt 0.0900, kd 0.0060) | 7.5 it/s | elapsed 2.2 min | epoch ETA 7.7 min
  epoch 058 | batch 1,500/4,475 (33.5%) | loss 0.9995 (gt 0.0901, kd 0.0060) | 7.5 it/s | elapsed 3.3 min | epoch ETA 6.6 min
  epoch 058 | batch 2,000/4,475 (44.7%) | loss 0.9996 (gt 0.0901, kd 0.0060) | 7.5 it/s | elapsed 4.4 min | epoch ETA 5.5 min
  epoch 058 | batch 2,500/4,475 (55.9%) | loss 0.9999 (gt 0.0901, kd 0.0060) | 7.5 it/s | elapsed 5.5 min | epoch ETA 4.4 min
  epoch 058 | batch 3,000/4,475 (67.0%) | loss 0.9999 (gt 0.0901, kd 0.0060) | 7.5 it/s | elapsed 6.6 min | epoch ETA 3.3 min
  epoch 058 | batch 3,500/4,475 (78.2%) | loss 0.9999 (gt 0.0901, kd 0.0060) | 7.5 it/s | elapsed 7.7 min | epoch ETA 2.2 min
  epoch 058 | batch 4,000/4,475 (89.4%) | loss 0.9997 (gt 0.0901, kd 0.0060) | 7.5 it/s | elapsed 8.9 min | epoch ETA 1.1 min
Epoch 058 | train 0.999715 (gt 0.090126, kd 0.005952) | val 0.871642 (gt 0.083541, kd 0.004329) | KL end 0.5866 path 0.9384 | rough FDE 942.0m
  epoch 059 | batch 500/4,475 (11.2%) | loss 1.0007 (gt 0.0902, kd 0.0059) | 7.5 it/s | elapsed 1.1 min | epoch ETA 8.8 min
  epoch 059 | batch 1,000/4,475 (22.3%) | loss 1.0001 (gt 0.0902, kd 0.0059) | 7.5 it/s | elapsed 2.2 min | epoch ETA 7.7 min
  epoch 059 | batch 1,500/4,475 (33.5%) | loss 0.9993 (gt 0.0899, kd 0.0059) | 7.5 it/s | elapsed 3.3 min | epoch ETA 6.6 min
  epoch 059 | batch 2,000/4,475 (44.7%) | loss 1.0001 (gt 0.0899, kd 0.0059) | 7.5 it/s | elapsed 4.4 min | epoch ETA 5.5 min
  epoch 059 | batch 2,500/4,475 (55.9%) | loss 1.0001 (gt 0.0900, kd 0.0059) | 7.5 it/s | elapsed 5.5 min | epoch ETA 4.4 min
  epoch 059 | batch 3,000/4,475 (67.0%) | loss 1.0002 (gt 0.0901, kd 0.0059) | 7.5 it/s | elapsed 6.6 min | epoch ETA 3.3 min
  epoch 059 | batch 3,500/4,475 (78.2%) | loss 1.0000 (gt 0.0901, kd 0.0059) | 7.5 it/s | elapsed 7.7 min | epoch ETA 2.2 min
  epoch 059 | batch 4,000/4,475 (89.4%) | loss 0.9999 (gt 0.0901, kd 0.0059) | 7.5 it/s | elapsed 8.8 min | epoch ETA 1.1 min
Epoch 059 | train 1.000138 (gt 0.090093, kd 0.005886) | val 0.862365 (gt 0.083482, kd 0.004283) | KL end 0.5600 path 0.9205 | rough FDE 940.6m
  epoch 060 | batch 500/4,475 (11.2%) | loss 0.9983 (gt 0.0904, kd 0.0058) | 7.5 it/s | elapsed 1.1 min | epoch ETA 8.8 min
  epoch 060 | batch 1,000/4,475 (22.3%) | loss 0.9993 (gt 0.0900, kd 0.0058) | 7.5 it/s | elapsed 2.2 min | epoch ETA 7.7 min
  epoch 060 | batch 1,500/4,475 (33.5%) | loss 0.9991 (gt 0.0900, kd 0.0058) | 7.5 it/s | elapsed 3.3 min | epoch ETA 6.6 min
  epoch 060 | batch 2,000/4,475 (44.7%) | loss 0.9994 (gt 0.0900, kd 0.0058) | 7.5 it/s | elapsed 4.4 min | epoch ETA 5.5 min
  epoch 060 | batch 2,500/4,475 (55.9%) | loss 0.9997 (gt 0.0900, kd 0.0058) | 7.5 it/s | elapsed 5.5 min | epoch ETA 4.4 min
  epoch 060 | batch 3,000/4,475 (67.0%) | loss 0.9997 (gt 0.0900, kd 0.0058) | 7.5 it/s | elapsed 6.6 min | epoch ETA 3.3 min
  epoch 060 | batch 3,500/4,475 (78.2%) | loss 0.9995 (gt 0.0899, kd 0.0058) | 7.5 it/s | elapsed 7.7 min | epoch ETA 2.2 min
  epoch 060 | batch 4,000/4,475 (89.4%) | loss 0.9998 (gt 0.0900, kd 0.0058) | 7.5 it/s | elapsed 8.8 min | epoch ETA 1.0 min
Epoch 060 | train 0.999681 (gt 0.090035, kd 0.005799) | val 0.871012 (gt 0.083436, kd 0.004248) | KL end 0.5457 path 0.9124 | rough FDE 941.3m | proper FDE 928.7m (teacher 820.8m)  ✓ best
  epoch 061 | batch 500/4,475 (11.2%) | loss 0.9995 (gt 0.0900, kd 0.0058) | 7.5 it/s | elapsed 1.1 min | epoch ETA 8.8 min
  epoch 061 | batch 1,000/4,475 (22.3%) | loss 0.9998 (gt 0.0899, kd 0.0057) | 7.5 it/s | elapsed 2.2 min | epoch ETA 7.7 min
  epoch 061 | batch 1,500/4,475 (33.5%) | loss 0.9995 (gt 0.0899, kd 0.0057) | 7.5 it/s | elapsed 3.3 min | epoch ETA 6.6 min
  epoch 061 | batch 2,000/4,475 (44.7%) | loss 1.0000 (gt 0.0899, kd 0.0057) | 7.5 it/s | elapsed 4.4 min | epoch ETA 5.5 min
  epoch 061 | batch 2,500/4,475 (55.9%) | loss 0.9997 (gt 0.0899, kd 0.0057) | 7.5 it/s | elapsed 5.5 min | epoch ETA 4.4 min
  epoch 061 | batch 3,000/4,475 (67.0%) | loss 0.9999 (gt 0.0899, kd 0.0057) | 7.5 it/s | elapsed 6.6 min | epoch ETA 3.3 min
  epoch 061 | batch 3,500/4,475 (78.2%) | loss 0.9999 (gt 0.0900, kd 0.0057) | 7.5 it/s | elapsed 7.7 min | epoch ETA 2.2 min
  epoch 061 | batch 4,000/4,475 (89.4%) | loss 0.9999 (gt 0.0899, kd 0.0057) | 7.5 it/s | elapsed 8.8 min | epoch ETA 1.1 min
Epoch 061 | train 0.999971 (gt 0.089941, kd 0.005739) | val 0.869095 (gt 0.083398, kd 0.004213) | KL end 0.5398 path 0.9087 | rough FDE 942.7m
  epoch 062 | batch 500/4,475 (11.2%) | loss 0.9986 (gt 0.0898, kd 0.0057) | 7.5 it/s | elapsed 1.1 min | epoch ETA 8.8 min
  epoch 062 | batch 1,000/4,475 (22.3%) | loss 0.9994 (gt 0.0897, kd 0.0057) | 7.6 it/s | elapsed 2.2 min | epoch ETA 7.7 min
  epoch 062 | batch 1,500/4,475 (33.5%) | loss 0.9993 (gt 0.0897, kd 0.0057) | 7.6 it/s | elapsed 3.3 min | epoch ETA 6.6 min
  epoch 062 | batch 2,000/4,475 (44.7%) | loss 0.9998 (gt 0.0897, kd 0.0057) | 7.6 it/s | elapsed 4.4 min | epoch ETA 5.5 min
  epoch 062 | batch 2,500/4,475 (55.9%) | loss 0.9999 (gt 0.0898, kd 0.0057) | 7.6 it/s | elapsed 5.5 min | epoch ETA 4.4 min
  epoch 062 | batch 3,000/4,475 (67.0%) | loss 0.9998 (gt 0.0898, kd 0.0057) | 7.6 it/s | elapsed 6.6 min | epoch ETA 3.3 min
  epoch 062 | batch 3,500/4,475 (78.2%) | loss 0.9999 (gt 0.0898, kd 0.0057) | 7.6 it/s | elapsed 7.7 min | epoch ETA 2.1 min
  epoch 062 | batch 4,000/4,475 (89.4%) | loss 0.9998 (gt 0.0898, kd 0.0057) | 7.6 it/s | elapsed 8.8 min | epoch ETA 1.0 min
Epoch 062 | train 0.999824 (gt 0.089777, kd 0.005670) | val 0.872858 (gt 0.083360, kd 0.004179) | KL end 0.5376 path 0.9066 | rough FDE 939.0m
  epoch 063 | batch 500/4,475 (11.2%) | loss 1.0008 (gt 0.0902, kd 0.0056) | 7.5 it/s | elapsed 1.1 min | epoch ETA 8.8 min
  epoch 063 | batch 1,000/4,475 (22.3%) | loss 1.0002 (gt 0.0900, kd 0.0056) | 7.5 it/s | elapsed 2.2 min | epoch ETA 7.7 min
  epoch 063 | batch 1,500/4,475 (33.5%) | loss 0.9997 (gt 0.0899, kd 0.0056) | 7.5 it/s | elapsed 3.3 min | epoch ETA 6.6 min
  epoch 063 | batch 2,000/4,475 (44.7%) | loss 1.0000 (gt 0.0899, kd 0.0056) | 7.5 it/s | elapsed 4.4 min | epoch ETA 5.5 min
  epoch 063 | batch 2,500/4,475 (55.9%) | loss 1.0003 (gt 0.0899, kd 0.0056) | 7.5 it/s | elapsed 5.5 min | epoch ETA 4.4 min
  epoch 063 | batch 3,000/4,475 (67.0%) | loss 1.0001 (gt 0.0899, kd 0.0056) | 7.5 it/s | elapsed 6.6 min | epoch ETA 3.3 min
  epoch 063 | batch 3,500/4,475 (78.2%) | loss 0.9999 (gt 0.0899, kd 0.0056) | 7.5 it/s | elapsed 7.7 min | epoch ETA 2.2 min
  epoch 063 | batch 4,000/4,475 (89.4%) | loss 1.0000 (gt 0.0899, kd 0.0056) | 7.5 it/s | elapsed 8.8 min | epoch ETA 1.0 min
Epoch 063 | train 0.999829 (gt 0.089808, kd 0.005613) | val 0.876694 (gt 0.083328, kd 0.004146) | KL end 0.5383 path 0.9058 | rough FDE 934.6m
  epoch 064 | batch 500/4,475 (11.2%) | loss 1.0014 (gt 0.0898, kd 0.0055) | 7.6 it/s | elapsed 1.1 min | epoch ETA 8.8 min
  epoch 064 | batch 1,000/4,475 (22.3%) | loss 1.0004 (gt 0.0897, kd 0.0056) | 7.6 it/s | elapsed 2.2 min | epoch ETA 7.7 min
  epoch 064 | batch 1,500/4,475 (33.5%) | loss 0.9999 (gt 0.0896, kd 0.0055) | 7.6 it/s | elapsed 3.3 min | epoch ETA 6.5 min
  epoch 064 | batch 2,000/4,475 (44.7%) | loss 0.9996 (gt 0.0895, kd 0.0055) | 7.6 it/s | elapsed 4.4 min | epoch ETA 5.4 min
  epoch 064 | batch 2,500/4,475 (55.9%) | loss 1.0000 (gt 0.0896, kd 0.0055) | 7.6 it/s | elapsed 5.5 min | epoch ETA 4.3 min
  epoch 064 | batch 3,000/4,475 (67.0%) | loss 0.9999 (gt 0.0897, kd 0.0055) | 7.6 it/s | elapsed 6.6 min | epoch ETA 3.2 min
  epoch 064 | batch 3,500/4,475 (78.2%) | loss 0.9998 (gt 0.0896, kd 0.0055) | 7.6 it/s | elapsed 7.7 min | epoch ETA 2.1 min
  epoch 064 | batch 4,000/4,475 (89.4%) | loss 1.0000 (gt 0.0896, kd 0.0055) | 7.6 it/s | elapsed 8.8 min | epoch ETA 1.0 min
Epoch 064 | train 1.000040 (gt 0.089663, kd 0.005537) | val 0.871424 (gt 0.083308, kd 0.004116) | KL end 0.5438 path 0.9081 | rough FDE 932.7m
  epoch 065 | batch 500/4,475 (11.2%) | loss 0.9981 (gt 0.0893, kd 0.0055) | 7.5 it/s | elapsed 1.1 min | epoch ETA 8.8 min
  epoch 065 | batch 1,000/4,475 (22.3%) | loss 1.0002 (gt 0.0894, kd 0.0055) | 7.6 it/s | elapsed 2.2 min | epoch ETA 7.7 min
  epoch 065 | batch 1,500/4,475 (33.5%) | loss 0.9996 (gt 0.0894, kd 0.0055) | 7.6 it/s | elapsed 3.3 min | epoch ETA 6.5 min
  epoch 065 | batch 2,000/4,475 (44.7%) | loss 0.9995 (gt 0.0895, kd 0.0055) | 7.6 it/s | elapsed 4.4 min | epoch ETA 5.4 min
  epoch 065 | batch 2,500/4,475 (55.9%) | loss 0.9998 (gt 0.0895, kd 0.0055) | 7.6 it/s | elapsed 5.5 min | epoch ETA 4.3 min
  epoch 065 | batch 3,000/4,475 (67.0%) | loss 0.9999 (gt 0.0896, kd 0.0055) | 7.6 it/s | elapsed 6.6 min | epoch ETA 3.2 min
  epoch 065 | batch 3,500/4,475 (78.2%) | loss 0.9997 (gt 0.0896, kd 0.0055) | 7.6 it/s | elapsed 7.7 min | epoch ETA 2.1 min
  epoch 065 | batch 4,000/4,475 (89.4%) | loss 0.9998 (gt 0.0896, kd 0.0055) | 7.6 it/s | elapsed 8.8 min | epoch ETA 1.0 min
Epoch 065 | train 1.000035 (gt 0.089603, kd 0.005480) | val 0.867122 (gt 0.083263, kd 0.004087) | KL end 0.5396 path 0.9055 | rough FDE 931.3m | proper FDE 918.3m (teacher 820.8m)  ✓ best
  epoch 066 | batch 500/4,475 (11.2%) | loss 0.9973 (gt 0.0892, kd 0.0054) | 7.5 it/s | elapsed 1.1 min | epoch ETA 8.8 min
  epoch 066 | batch 1,000/4,475 (22.3%) | loss 0.9989 (gt 0.0892, kd 0.0054) | 7.6 it/s | elapsed 2.2 min | epoch ETA 7.7 min
  epoch 066 | batch 1,500/4,475 (33.5%) | loss 0.9993 (gt 0.0894, kd 0.0054) | 7.6 it/s | elapsed 3.3 min | epoch ETA 6.6 min
  epoch 066 | batch 2,000/4,475 (44.7%) | loss 0.9997 (gt 0.0895, kd 0.0054) | 7.6 it/s | elapsed 4.4 min | epoch ETA 5.4 min
  epoch 066 | batch 2,500/4,475 (55.9%) | loss 0.9996 (gt 0.0896, kd 0.0054) | 7.6 it/s | elapsed 5.5 min | epoch ETA 4.3 min
  epoch 066 | batch 3,000/4,475 (67.0%) | loss 0.9995 (gt 0.0896, kd 0.0054) | 7.6 it/s | elapsed 6.6 min | epoch ETA 3.2 min
  epoch 066 | batch 3,500/4,475 (78.2%) | loss 0.9994 (gt 0.0895, kd 0.0054) | 7.6 it/s | elapsed 7.7 min | epoch ETA 2.1 min
  epoch 066 | batch 4,000/4,475 (89.4%) | loss 0.9998 (gt 0.0896, kd 0.0054) | 7.6 it/s | elapsed 8.8 min | epoch ETA 1.0 min
Epoch 066 | train 0.999712 (gt 0.089553, kd 0.005421) | val 0.875386 (gt 0.083239, kd 0.004059) | KL end 0.5481 path 0.9157 | rough FDE 926.5m
  epoch 067 | batch 500/4,475 (11.2%) | loss 0.9986 (gt 0.0894, kd 0.0054) | 7.6 it/s | elapsed 1.1 min | epoch ETA 8.8 min
  epoch 067 | batch 1,000/4,475 (22.3%) | loss 0.9998 (gt 0.0896, kd 0.0054) | 7.6 it/s | elapsed 2.2 min | epoch ETA 7.7 min
  epoch 067 | batch 1,500/4,475 (33.5%) | loss 1.0000 (gt 0.0895, kd 0.0054) | 7.6 it/s | elapsed 3.3 min | epoch ETA 6.5 min
  epoch 067 | batch 2,000/4,475 (44.7%) | loss 0.9999 (gt 0.0896, kd 0.0054) | 7.6 it/s | elapsed 4.4 min | epoch ETA 5.4 min
  epoch 067 | batch 2,500/4,475 (55.9%) | loss 0.9999 (gt 0.0897, kd 0.0054) | 7.6 it/s | elapsed 5.5 min | epoch ETA 4.3 min
  epoch 067 | batch 3,000/4,475 (67.0%) | loss 1.0002 (gt 0.0897, kd 0.0054) | 7.6 it/s | elapsed 6.6 min | epoch ETA 3.2 min
  epoch 067 | batch 3,500/4,475 (78.2%) | loss 0.9997 (gt 0.0896, kd 0.0054) | 7.6 it/s | elapsed 7.7 min | epoch ETA 2.1 min
  epoch 067 | batch 4,000/4,475 (89.4%) | loss 0.9998 (gt 0.0896, kd 0.0054) | 7.6 it/s | elapsed 8.8 min | epoch ETA 1.0 min
Epoch 067 | train 0.999868 (gt 0.089562, kd 0.005379) | val 0.877881 (gt 0.083229, kd 0.004033) | KL end 0.5439 path 0.9173 | rough FDE 925.0m
  epoch 068 | batch 500/4,475 (11.2%) | loss 1.0001 (gt 0.0897, kd 0.0053) | 7.5 it/s | elapsed 1.1 min | epoch ETA 8.8 min
  epoch 068 | batch 1,000/4,475 (22.3%) | loss 1.0003 (gt 0.0898, kd 0.0053) | 7.6 it/s | elapsed 2.2 min | epoch ETA 7.7 min
  epoch 068 | batch 1,500/4,475 (33.5%) | loss 0.9999 (gt 0.0896, kd 0.0053) | 7.6 it/s | elapsed 3.3 min | epoch ETA 6.6 min
  epoch 068 | batch 2,000/4,475 (44.7%) | loss 1.0001 (gt 0.0896, kd 0.0053) | 7.6 it/s | elapsed 4.4 min | epoch ETA 5.4 min
  epoch 068 | batch 2,500/4,475 (55.9%) | loss 1.0000 (gt 0.0895, kd 0.0053) | 7.6 it/s | elapsed 5.5 min | epoch ETA 4.3 min
  epoch 068 | batch 3,000/4,475 (67.0%) | loss 1.0002 (gt 0.0895, kd 0.0053) | 7.6 it/s | elapsed 6.6 min | epoch ETA 3.2 min
  epoch 068 | batch 3,500/4,475 (78.2%) | loss 0.9999 (gt 0.0895, kd 0.0053) | 7.6 it/s | elapsed 7.7 min | epoch ETA 2.1 min
  epoch 068 | batch 4,000/4,475 (89.4%) | loss 0.9998 (gt 0.0895, kd 0.0053) | 7.6 it/s | elapsed 8.8 min | epoch ETA 1.0 min
Epoch 068 | train 0.999990 (gt 0.089475, kd 0.005314) | val 0.875320 (gt 0.083187, kd 0.004008) | KL end 0.5415 path 0.9215 | rough FDE 924.9m
  epoch 069 | batch 500/4,475 (11.2%) | loss 0.9997 (gt 0.0896, kd 0.0053) | 7.5 it/s | elapsed 1.1 min | epoch ETA 8.8 min
  epoch 069 | batch 1,000/4,475 (22.3%) | loss 0.9998 (gt 0.0896, kd 0.0053) | 7.6 it/s | elapsed 2.2 min | epoch ETA 7.7 min
  epoch 069 | batch 1,500/4,475 (33.5%) | loss 0.9994 (gt 0.0895, kd 0.0053) | 7.6 it/s | elapsed 3.3 min | epoch ETA 6.6 min
  epoch 069 | batch 2,000/4,475 (44.7%) | loss 0.9995 (gt 0.0895, kd 0.0053) | 7.6 it/s | elapsed 4.4 min | epoch ETA 5.4 min
  epoch 069 | batch 2,500/4,475 (55.9%) | loss 0.9994 (gt 0.0894, kd 0.0053) | 7.6 it/s | elapsed 5.5 min | epoch ETA 4.3 min
  epoch 069 | batch 3,000/4,475 (67.0%) | loss 0.9997 (gt 0.0894, kd 0.0053) | 7.6 it/s | elapsed 6.6 min | epoch ETA 3.2 min
  epoch 069 | batch 3,500/4,475 (78.2%) | loss 0.9998 (gt 0.0894, kd 0.0053) | 7.6 it/s | elapsed 7.7 min | epoch ETA 2.1 min
  epoch 069 | batch 4,000/4,475 (89.4%) | loss 0.9997 (gt 0.0894, kd 0.0053) | 7.6 it/s | elapsed 8.8 min | epoch ETA 1.0 min
Epoch 069 | train 0.999881 (gt 0.089381, kd 0.005262) | val 0.877222 (gt 0.083155, kd 0.003984) | KL end 0.5384 path 0.9216 | rough FDE 924.7m
  epoch 070 | batch 500/4,475 (11.2%) | loss 0.9992 (gt 0.0891, kd 0.0052) | 7.5 it/s | elapsed 1.1 min | epoch ETA 8.8 min
  epoch 070 | batch 1,000/4,475 (22.3%) | loss 0.9996 (gt 0.0892, kd 0.0052) | 7.6 it/s | elapsed 2.2 min | epoch ETA 7.7 min
  epoch 070 | batch 1,500/4,475 (33.5%) | loss 1.0001 (gt 0.0893, kd 0.0052) | 7.6 it/s | elapsed 3.3 min | epoch ETA 6.6 min
  epoch 070 | batch 2,000/4,475 (44.7%) | loss 0.9996 (gt 0.0893, kd 0.0052) | 7.6 it/s | elapsed 4.4 min | epoch ETA 5.4 min
  epoch 070 | batch 2,500/4,475 (55.9%) | loss 0.9999 (gt 0.0893, kd 0.0052) | 7.6 it/s | elapsed 5.5 min | epoch ETA 4.4 min
  epoch 070 | batch 3,000/4,475 (67.0%) | loss 1.0001 (gt 0.0893, kd 0.0052) | 7.6 it/s | elapsed 6.6 min | epoch ETA 3.3 min
  epoch 070 | batch 3,500/4,475 (78.2%) | loss 0.9998 (gt 0.0894, kd 0.0052) | 7.5 it/s | elapsed 7.7 min | epoch ETA 2.2 min
  epoch 070 | batch 4,000/4,475 (89.4%) | loss 0.9997 (gt 0.0894, kd 0.0052) | 7.5 it/s | elapsed 8.9 min | epoch ETA 1.1 min
Epoch 070 | train 0.999966 (gt 0.089383, kd 0.005217) | val 0.876278 (gt 0.083134, kd 0.003961) | KL end 0.5271 path 0.9155 | rough FDE 923.6m | proper FDE 912.2m (teacher 820.8m)  ✓ best
  epoch 071 | batch 500/4,475 (11.2%) | loss 0.9995 (gt 0.0895, kd 0.0052) | 7.5 it/s | elapsed 1.1 min | epoch ETA 8.8 min
  epoch 071 | batch 1,000/4,475 (22.3%) | loss 0.9994 (gt 0.0894, kd 0.0052) | 7.5 it/s | elapsed 2.2 min | epoch ETA 7.7 min
  epoch 071 | batch 1,500/4,475 (33.5%) | loss 0.9995 (gt 0.0894, kd 0.0052) | 7.5 it/s | elapsed 3.3 min | epoch ETA 6.6 min
  epoch 071 | batch 2,000/4,475 (44.7%) | loss 0.9994 (gt 0.0893, kd 0.0052) | 7.5 it/s | elapsed 4.4 min | epoch ETA 5.5 min
  epoch 071 | batch 2,500/4,475 (55.9%) | loss 0.9998 (gt 0.0893, kd 0.0052) | 7.5 it/s | elapsed 5.5 min | epoch ETA 4.4 min
  epoch 071 | batch 3,000/4,475 (67.0%) | loss 0.9998 (gt 0.0893, kd 0.0052) | 7.5 it/s | elapsed 6.6 min | epoch ETA 3.3 min
  epoch 071 | batch 3,500/4,475 (78.2%) | loss 0.9997 (gt 0.0893, kd 0.0052) | 7.5 it/s | elapsed 7.7 min | epoch ETA 2.2 min
  epoch 071 | batch 4,000/4,475 (89.4%) | loss 0.9999 (gt 0.0893, kd 0.0052) | 7.5 it/s | elapsed 8.8 min | epoch ETA 1.0 min
Epoch 071 | train 0.999977 (gt 0.089319, kd 0.005165) | val 0.874244 (gt 0.083104, kd 0.003937) | KL end 0.5208 path 0.9111 | rough FDE 922.0m
  epoch 072 | batch 500/4,475 (11.2%) | loss 0.9982 (gt 0.0893, kd 0.0051) | 7.5 it/s | elapsed 1.1 min | epoch ETA 8.8 min
  epoch 072 | batch 1,000/4,475 (22.3%) | loss 0.9991 (gt 0.0894, kd 0.0051) | 7.5 it/s | elapsed 2.2 min | epoch ETA 7.7 min
  epoch 072 | batch 1,500/4,475 (33.5%) | loss 0.9996 (gt 0.0894, kd 0.0051) | 7.5 it/s | elapsed 3.3 min | epoch ETA 6.6 min
  epoch 072 | batch 2,000/4,475 (44.7%) | loss 0.9996 (gt 0.0895, kd 0.0051) | 7.5 it/s | elapsed 4.4 min | epoch ETA 5.5 min
  epoch 072 | batch 2,500/4,475 (55.9%) | loss 0.9997 (gt 0.0894, kd 0.0051) | 7.5 it/s | elapsed 5.5 min | epoch ETA 4.4 min
  epoch 072 | batch 3,000/4,475 (67.0%) | loss 0.9997 (gt 0.0893, kd 0.0051) | 7.5 it/s | elapsed 6.6 min | epoch ETA 3.3 min
  epoch 072 | batch 3,500/4,475 (78.2%) | loss 0.9996 (gt 0.0893, kd 0.0051) | 7.5 it/s | elapsed 7.7 min | epoch ETA 2.2 min
  epoch 072 | batch 4,000/4,475 (89.4%) | loss 0.9994 (gt 0.0892, kd 0.0051) | 7.5 it/s | elapsed 8.8 min | epoch ETA 1.0 min
Epoch 072 | train 0.999714 (gt 0.089264, kd 0.005118) | val 0.882785 (gt 0.083068, kd 0.003914) | KL end 0.5174 path 0.9078 | rough FDE 921.1m
  epoch 073 | batch 500/4,475 (11.2%) | loss 0.9997 (gt 0.0891, kd 0.0051) | 7.4 it/s | elapsed 1.1 min | epoch ETA 8.9 min
  epoch 073 | batch 1,000/4,475 (22.3%) | loss 1.0003 (gt 0.0893, kd 0.0051) | 7.5 it/s | elapsed 2.2 min | epoch ETA 7.7 min
  epoch 073 | batch 1,500/4,475 (33.5%) | loss 1.0000 (gt 0.0892, kd 0.0051) | 7.5 it/s | elapsed 3.3 min | epoch ETA 6.6 min
  epoch 073 | batch 2,000/4,475 (44.7%) | loss 1.0000 (gt 0.0892, kd 0.0051) | 7.5 it/s | elapsed 4.4 min | epoch ETA 5.5 min
  epoch 073 | batch 2,500/4,475 (55.9%) | loss 0.9999 (gt 0.0892, kd 0.0051) | 7.5 it/s | elapsed 5.5 min | epoch ETA 4.4 min
  epoch 073 | batch 3,000/4,475 (67.0%) | loss 0.9997 (gt 0.0892, kd 0.0051) | 7.5 it/s | elapsed 6.6 min | epoch ETA 3.3 min
  epoch 073 | batch 3,500/4,475 (78.2%) | loss 1.0001 (gt 0.0892, kd 0.0051) | 7.5 it/s | elapsed 7.8 min | epoch ETA 2.2 min
  epoch 073 | batch 4,000/4,475 (89.4%) | loss 0.9998 (gt 0.0892, kd 0.0051) | 7.5 it/s | elapsed 8.9 min | epoch ETA 1.1 min
Epoch 073 | train 0.999986 (gt 0.089216, kd 0.005072) | val 0.880771 (gt 0.083040, kd 0.003894) | KL end 0.5098 path 0.9053 | rough FDE 921.9m
  epoch 074 | batch 500/4,475 (11.2%) | loss 0.9988 (gt 0.0891, kd 0.0050) | 7.4 it/s | elapsed 1.1 min | epoch ETA 8.9 min
  epoch 074 | batch 1,000/4,475 (22.3%) | loss 0.9999 (gt 0.0891, kd 0.0050) | 7.5 it/s | elapsed 2.2 min | epoch ETA 7.7 min
  epoch 074 | batch 1,500/4,475 (33.5%) | loss 0.9999 (gt 0.0891, kd 0.0050) | 7.5 it/s | elapsed 3.3 min | epoch ETA 6.6 min
  epoch 074 | batch 2,000/4,475 (44.7%) | loss 0.9999 (gt 0.0891, kd 0.0050) | 7.5 it/s | elapsed 4.4 min | epoch ETA 5.5 min
  epoch 074 | batch 2,500/4,475 (55.9%) | loss 0.9998 (gt 0.0891, kd 0.0050) | 7.5 it/s | elapsed 5.5 min | epoch ETA 4.4 min
  epoch 074 | batch 3,000/4,475 (67.0%) | loss 0.9997 (gt 0.0891, kd 0.0050) | 7.5 it/s | elapsed 6.6 min | epoch ETA 3.3 min
  epoch 074 | batch 3,500/4,475 (78.2%) | loss 0.9999 (gt 0.0891, kd 0.0050) | 7.5 it/s | elapsed 7.7 min | epoch ETA 2.2 min
  epoch 074 | batch 4,000/4,475 (89.4%) | loss 0.9998 (gt 0.0891, kd 0.0050) | 7.5 it/s | elapsed 8.8 min | epoch ETA 1.1 min
Epoch 074 | train 0.999827 (gt 0.089115, kd 0.005025) | val 0.885051 (gt 0.083013, kd 0.003874) | KL end 0.5112 path 0.9081 | rough FDE 920.4m
  epoch 075 | batch 500/4,475 (11.2%) | loss 0.9985 (gt 0.0887, kd 0.0050) | 7.5 it/s | elapsed 1.1 min | epoch ETA 8.8 min
  epoch 075 | batch 1,000/4,475 (22.3%) | loss 0.9996 (gt 0.0887, kd 0.0050) | 7.5 it/s | elapsed 2.2 min | epoch ETA 7.7 min
  epoch 075 | batch 1,500/4,475 (33.5%) | loss 1.0004 (gt 0.0889, kd 0.0050) | 7.5 it/s | elapsed 3.3 min | epoch ETA 6.6 min
  epoch 075 | batch 2,000/4,475 (44.7%) | loss 1.0000 (gt 0.0889, kd 0.0050) | 7.5 it/s | elapsed 4.4 min | epoch ETA 5.5 min
  epoch 075 | batch 2,500/4,475 (55.9%) | loss 0.9999 (gt 0.0889, kd 0.0050) | 7.5 it/s | elapsed 5.5 min | epoch ETA 4.4 min
  epoch 075 | batch 3,000/4,475 (67.0%) | loss 1.0000 (gt 0.0889, kd 0.0050) | 7.5 it/s | elapsed 6.7 min | epoch ETA 3.3 min
  epoch 075 | batch 3,500/4,475 (78.2%) | loss 0.9999 (gt 0.0890, kd 0.0050) | 7.5 it/s | elapsed 7.8 min | epoch ETA 2.2 min
  epoch 075 | batch 4,000/4,475 (89.4%) | loss 0.9999 (gt 0.0890, kd 0.0050) | 7.5 it/s | elapsed 8.9 min | epoch ETA 1.1 min
Epoch 075 | train 0.999951 (gt 0.089008, kd 0.004989) | val 0.885015 (gt 0.083001, kd 0.003860) | KL end 0.5095 path 0.9034 | rough FDE 918.5m | proper FDE 908.5m (teacher 820.8m)  ✓ best
  epoch 076 | batch 500/4,475 (11.2%) | loss 0.9993 (gt 0.0888, kd 0.0049) | 7.5 it/s | elapsed 1.1 min | epoch ETA 8.8 min
  epoch 076 | batch 1,000/4,475 (22.3%) | loss 0.9990 (gt 0.0888, kd 0.0049) | 7.5 it/s | elapsed 2.2 min | epoch ETA 7.7 min
  epoch 076 | batch 1,500/4,475 (33.5%) | loss 0.9995 (gt 0.0889, kd 0.0049) | 7.5 it/s | elapsed 3.3 min | epoch ETA 6.6 min
  epoch 076 | batch 2,000/4,475 (44.7%) | loss 0.9996 (gt 0.0890, kd 0.0049) | 7.5 it/s | elapsed 4.4 min | epoch ETA 5.5 min
  epoch 076 | batch 2,500/4,475 (55.9%) | loss 1.0000 (gt 0.0890, kd 0.0049) | 7.5 it/s | elapsed 5.5 min | epoch ETA 4.4 min
  epoch 076 | batch 3,000/4,475 (67.0%) | loss 0.9997 (gt 0.0889, kd 0.0049) | 7.6 it/s | elapsed 6.6 min | epoch ETA 3.3 min
  epoch 076 | batch 3,500/4,475 (78.2%) | loss 1.0000 (gt 0.0890, kd 0.0049) | 7.6 it/s | elapsed 7.7 min | epoch ETA 2.2 min
  epoch 076 | batch 4,000/4,475 (89.4%) | loss 0.9999 (gt 0.0890, kd 0.0049) | 7.6 it/s | elapsed 8.8 min | epoch ETA 1.0 min
Epoch 076 | train 0.999963 (gt 0.089009, kd 0.004946) | val 0.884335 (gt 0.082983, kd 0.003846) | KL end 0.5132 path 0.9026 | rough FDE 917.7m
  epoch 077 | batch 500/4,475 (11.2%) | loss 0.9999 (gt 0.0890, kd 0.0049) | 7.5 it/s | elapsed 1.1 min | epoch ETA 8.8 min
  epoch 077 | batch 1,000/4,475 (22.3%) | loss 0.9996 (gt 0.0890, kd 0.0049) | 7.5 it/s | elapsed 2.2 min | epoch ETA 7.7 min
  epoch 077 | batch 1,500/4,475 (33.5%) | loss 0.9998 (gt 0.0890, kd 0.0049) | 7.5 it/s | elapsed 3.3 min | epoch ETA 6.6 min
  epoch 077 | batch 2,000/4,475 (44.7%) | loss 1.0000 (gt 0.0889, kd 0.0049) | 7.5 it/s | elapsed 4.4 min | epoch ETA 5.5 min
  epoch 077 | batch 2,500/4,475 (55.9%) | loss 0.9999 (gt 0.0889, kd 0.0049) | 7.5 it/s | elapsed 5.5 min | epoch ETA 4.4 min
  epoch 077 | batch 3,000/4,475 (67.0%) | loss 0.9999 (gt 0.0889, kd 0.0049) | 7.5 it/s | elapsed 6.7 min | epoch ETA 3.3 min
  epoch 077 | batch 3,500/4,475 (78.2%) | loss 1.0000 (gt 0.0890, kd 0.0049) | 7.5 it/s | elapsed 7.8 min | epoch ETA 2.2 min
  epoch 077 | batch 4,000/4,475 (89.4%) | loss 0.9998 (gt 0.0889, kd 0.0049) | 7.5 it/s | elapsed 8.9 min | epoch ETA 1.1 min
Epoch 077 | train 0.999767 (gt 0.088874, kd 0.004906) | val 0.892261 (gt 0.082968, kd 0.003835) | KL end 0.5093 path 0.9002 | rough FDE 917.0m
  epoch 078 | batch 500/4,475 (11.2%) | loss 0.9990 (gt 0.0888, kd 0.0049) | 7.4 it/s | elapsed 1.1 min | epoch ETA 8.9 min
  epoch 078 | batch 1,000/4,475 (22.3%) | loss 1.0001 (gt 0.0888, kd 0.0049) | 7.4 it/s | elapsed 2.2 min | epoch ETA 7.8 min
  epoch 078 | batch 1,500/4,475 (33.5%) | loss 1.0003 (gt 0.0889, kd 0.0049) | 7.5 it/s | elapsed 3.3 min | epoch ETA 6.6 min
  epoch 078 | batch 2,000/4,475 (44.7%) | loss 1.0004 (gt 0.0891, kd 0.0049) | 7.5 it/s | elapsed 4.4 min | epoch ETA 5.5 min
  epoch 078 | batch 2,500/4,475 (55.9%) | loss 1.0002 (gt 0.0891, kd 0.0049) | 7.5 it/s | elapsed 5.6 min | epoch ETA 4.4 min
  epoch 078 | batch 3,000/4,475 (67.0%) | loss 1.0001 (gt 0.0891, kd 0.0049) | 7.5 it/s | elapsed 6.7 min | epoch ETA 3.3 min
  epoch 078 | batch 3,500/4,475 (78.2%) | loss 1.0001 (gt 0.0891, kd 0.0049) | 7.5 it/s | elapsed 7.8 min | epoch ETA 2.2 min
  epoch 078 | batch 4,000/4,475 (89.4%) | loss 0.9999 (gt 0.0890, kd 0.0049) | 7.5 it/s | elapsed 8.9 min | epoch ETA 1.1 min
Epoch 078 | train 1.000044 (gt 0.088994, kd 0.004877) | val 0.888206 (gt 0.082939, kd 0.003818) | KL end 0.5181 path 0.9076 | rough FDE 916.3m
  epoch 079 | batch 500/4,475 (11.2%) | loss 0.9992 (gt 0.0889, kd 0.0049) | 7.5 it/s | elapsed 1.1 min | epoch ETA 8.9 min
  epoch 079 | batch 1,000/4,475 (22.3%) | loss 0.9999 (gt 0.0890, kd 0.0049) | 7.5 it/s | elapsed 2.2 min | epoch ETA 7.7 min
  epoch 079 | batch 1,500/4,475 (33.5%) | loss 1.0002 (gt 0.0891, kd 0.0049) | 7.5 it/s | elapsed 3.3 min | epoch ETA 6.6 min
  epoch 079 | batch 2,000/4,475 (44.7%) | loss 0.9998 (gt 0.0891, kd 0.0049) | 7.5 it/s | elapsed 4.5 min | epoch ETA 5.5 min
  epoch 079 | batch 2,500/4,475 (55.9%) | loss 0.9998 (gt 0.0890, kd 0.0048) | 7.5 it/s | elapsed 5.6 min | epoch ETA 4.4 min
  epoch 079 | batch 3,000/4,475 (67.0%) | loss 1.0000 (gt 0.0890, kd 0.0048) | 7.5 it/s | elapsed 6.7 min | epoch ETA 3.3 min
  epoch 079 | batch 3,500/4,475 (78.2%) | loss 1.0002 (gt 0.0890, kd 0.0048) | 7.5 it/s | elapsed 7.8 min | epoch ETA 2.2 min
  epoch 079 | batch 4,000/4,475 (89.4%) | loss 1.0000 (gt 0.0890, kd 0.0048) | 7.5 it/s | elapsed 8.9 min | epoch ETA 1.1 min
Epoch 079 | train 0.999867 (gt 0.088962, kd 0.004843) | val 0.891276 (gt 0.082924, kd 0.003803) | KL end 0.5123 path 0.9050 | rough FDE 914.6m
  epoch 080 | batch 500/4,475 (11.2%) | loss 1.0001 (gt 0.0890, kd 0.0048) | 7.5 it/s | elapsed 1.1 min | epoch ETA 8.9 min
  epoch 080 | batch 1,000/4,475 (22.3%) | loss 1.0006 (gt 0.0891, kd 0.0048) | 7.5 it/s | elapsed 2.2 min | epoch ETA 7.7 min
  epoch 080 | batch 1,500/4,475 (33.5%) | loss 0.9999 (gt 0.0890, kd 0.0048) | 7.5 it/s | elapsed 3.3 min | epoch ETA 6.6 min
  epoch 080 | batch 2,000/4,475 (44.7%) | loss 1.0002 (gt 0.0889, kd 0.0048) | 7.5 it/s | elapsed 4.4 min | epoch ETA 5.5 min
  epoch 080 | batch 2,500/4,475 (55.9%) | loss 1.0001 (gt 0.0889, kd 0.0048) | 7.5 it/s | elapsed 5.5 min | epoch ETA 4.4 min
  epoch 080 | batch 3,000/4,475 (67.0%) | loss 1.0002 (gt 0.0889, kd 0.0048) | 7.5 it/s | elapsed 6.7 min | epoch ETA 3.3 min
  epoch 080 | batch 3,500/4,475 (78.2%) | loss 1.0000 (gt 0.0889, kd 0.0048) | 7.5 it/s | elapsed 7.8 min | epoch ETA 2.2 min
  epoch 080 | batch 4,000/4,475 (89.4%) | loss 1.0000 (gt 0.0889, kd 0.0048) | 7.5 it/s | elapsed 8.9 min | epoch ETA 1.1 min
Epoch 080 | train 1.000091 (gt 0.088910, kd 0.004810) | val 0.885694 (gt 0.082912, kd 0.003790) | KL end 0.5072 path 0.9066 | rough FDE 914.2m | proper FDE 904.8m (teacher 820.8m)  ✓ best
  epoch 081 | batch 500/4,475 (11.2%) | loss 0.9988 (gt 0.0890, kd 0.0048) | 7.4 it/s | elapsed 1.1 min | epoch ETA 8.9 min
  epoch 081 | batch 1,000/4,475 (22.3%) | loss 0.9992 (gt 0.0890, kd 0.0048) | 7.5 it/s | elapsed 2.2 min | epoch ETA 7.7 min
  epoch 081 | batch 1,500/4,475 (33.5%) | loss 0.9996 (gt 0.0889, kd 0.0048) | 7.5 it/s | elapsed 3.3 min | epoch ETA 6.6 min
  epoch 081 | batch 2,000/4,475 (44.7%) | loss 0.9992 (gt 0.0888, kd 0.0048) | 7.5 it/s | elapsed 4.4 min | epoch ETA 5.5 min
  epoch 081 | batch 2,500/4,475 (55.9%) | loss 0.9999 (gt 0.0889, kd 0.0048) | 7.5 it/s | elapsed 5.5 min | epoch ETA 4.4 min
  epoch 081 | batch 3,000/4,475 (67.0%) | loss 0.9997 (gt 0.0888, kd 0.0048) | 7.5 it/s | elapsed 6.6 min | epoch ETA 3.3 min
  epoch 081 | batch 3,500/4,475 (78.2%) | loss 1.0000 (gt 0.0888, kd 0.0048) | 7.5 it/s | elapsed 7.8 min | epoch ETA 2.2 min
  epoch 081 | batch 4,000/4,475 (89.4%) | loss 0.9999 (gt 0.0889, kd 0.0048) | 7.5 it/s | elapsed 8.9 min | epoch ETA 1.1 min
Epoch 081 | train 0.999854 (gt 0.088889, kd 0.004782) | val 0.889754 (gt 0.082894, kd 0.003778) | KL end 0.5090 path 0.9142 | rough FDE 913.8m
  epoch 082 | batch 500/4,475 (11.2%) | loss 0.9984 (gt 0.0886, kd 0.0047) | 7.5 it/s | elapsed 1.1 min | epoch ETA 8.8 min
  epoch 082 | batch 1,000/4,475 (22.3%) | loss 0.9997 (gt 0.0888, kd 0.0047) | 7.6 it/s | elapsed 2.2 min | epoch ETA 7.7 min
  epoch 082 | batch 1,500/4,475 (33.5%) | loss 0.9996 (gt 0.0887, kd 0.0047) | 7.6 it/s | elapsed 3.3 min | epoch ETA 6.6 min
  epoch 082 | batch 2,000/4,475 (44.7%) | loss 0.9999 (gt 0.0887, kd 0.0047) | 7.6 it/s | elapsed 4.4 min | epoch ETA 5.5 min
  epoch 082 | batch 2,500/4,475 (55.9%) | loss 0.9999 (gt 0.0887, kd 0.0047) | 7.6 it/s | elapsed 5.5 min | epoch ETA 4.4 min
  epoch 082 | batch 3,000/4,475 (67.0%) | loss 1.0000 (gt 0.0888, kd 0.0047) | 7.6 it/s | elapsed 6.6 min | epoch ETA 3.3 min
  epoch 082 | batch 3,500/4,475 (78.2%) | loss 1.0000 (gt 0.0888, kd 0.0047) | 7.6 it/s | elapsed 7.7 min | epoch ETA 2.1 min
  epoch 082 | batch 4,000/4,475 (89.4%) | loss 0.9999 (gt 0.0887, kd 0.0047) | 7.6 it/s | elapsed 8.8 min | epoch ETA 1.0 min
Epoch 082 | train 0.999923 (gt 0.088749, kd 0.004747) | val 0.890549 (gt 0.082880, kd 0.003765) | KL end 0.5129 path 0.9180 | rough FDE 913.4m
  epoch 083 | batch 500/4,475 (11.2%) | loss 1.0014 (gt 0.0891, kd 0.0047) | 7.5 it/s | elapsed 1.1 min | epoch ETA 8.8 min
  epoch 083 | batch 1,000/4,475 (22.3%) | loss 0.9994 (gt 0.0888, kd 0.0047) | 7.5 it/s | elapsed 2.2 min | epoch ETA 7.7 min
  epoch 083 | batch 1,500/4,475 (33.5%) | loss 1.0003 (gt 0.0889, kd 0.0047) | 7.5 it/s | elapsed 3.3 min | epoch ETA 6.6 min
  epoch 083 | batch 2,000/4,475 (44.7%) | loss 0.9999 (gt 0.0889, kd 0.0047) | 7.5 it/s | elapsed 4.4 min | epoch ETA 5.5 min
  epoch 083 | batch 2,500/4,475 (55.9%) | loss 0.9998 (gt 0.0889, kd 0.0047) | 7.5 it/s | elapsed 5.5 min | epoch ETA 4.4 min
  epoch 083 | batch 3,000/4,475 (67.0%) | loss 1.0001 (gt 0.0889, kd 0.0047) | 7.5 it/s | elapsed 6.6 min | epoch ETA 3.3 min
  epoch 083 | batch 3,500/4,475 (78.2%) | loss 0.9999 (gt 0.0889, kd 0.0047) | 7.6 it/s | elapsed 7.7 min | epoch ETA 2.2 min
  epoch 083 | batch 4,000/4,475 (89.4%) | loss 0.9999 (gt 0.0889, kd 0.0047) | 7.6 it/s | elapsed 8.8 min | epoch ETA 1.0 min
Epoch 083 | train 1.000033 (gt 0.088847, kd 0.004725) | val 0.888223 (gt 0.082871, kd 0.003758) | KL end 0.5045 path 0.9110 | rough FDE 912.4m
  epoch 084 | batch 500/4,475 (11.2%) | loss 0.9987 (gt 0.0886, kd 0.0047) | 7.5 it/s | elapsed 1.1 min | epoch ETA 8.8 min
  epoch 084 | batch 1,000/4,475 (22.3%) | loss 0.9996 (gt 0.0887, kd 0.0047) | 7.6 it/s | elapsed 2.2 min | epoch ETA 7.7 min
  epoch 084 | batch 1,500/4,475 (33.5%) | loss 0.9998 (gt 0.0887, kd 0.0047) | 7.6 it/s | elapsed 3.3 min | epoch ETA 6.6 min
  epoch 084 | batch 2,000/4,475 (44.7%) | loss 0.9997 (gt 0.0887, kd 0.0047) | 7.6 it/s | elapsed 4.4 min | epoch ETA 5.5 min
  epoch 084 | batch 2,500/4,475 (55.9%) | loss 0.9998 (gt 0.0887, kd 0.0047) | 7.6 it/s | elapsed 5.5 min | epoch ETA 4.4 min
  epoch 084 | batch 3,000/4,475 (67.0%) | loss 0.9995 (gt 0.0887, kd 0.0047) | 7.6 it/s | elapsed 6.6 min | epoch ETA 3.3 min
  epoch 084 | batch 3,500/4,475 (78.2%) | loss 0.9999 (gt 0.0887, kd 0.0047) | 7.6 it/s | elapsed 7.7 min | epoch ETA 2.1 min
  epoch 084 | batch 4,000/4,475 (89.4%) | loss 0.9998 (gt 0.0887, kd 0.0047) | 7.6 it/s | elapsed 8.8 min | epoch ETA 1.0 min
Epoch 084 | train 0.999932 (gt 0.088734, kd 0.004698) | val 0.889081 (gt 0.082849, kd 0.003750) | KL end 0.5006 path 0.9097 | rough FDE 911.4m
  epoch 085 | batch 500/4,475 (11.2%) | loss 0.9980 (gt 0.0884, kd 0.0047) | 7.5 it/s | elapsed 1.1 min | epoch ETA 8.8 min
  epoch 085 | batch 1,000/4,475 (22.3%) | loss 0.9994 (gt 0.0886, kd 0.0047) | 7.5 it/s | elapsed 2.2 min | epoch ETA 7.7 min
  epoch 085 | batch 1,500/4,475 (33.5%) | loss 0.9995 (gt 0.0887, kd 0.0047) | 7.5 it/s | elapsed 3.3 min | epoch ETA 6.6 min
  epoch 085 | batch 2,000/4,475 (44.7%) | loss 0.9999 (gt 0.0887, kd 0.0047) | 7.6 it/s | elapsed 4.4 min | epoch ETA 5.5 min
  epoch 085 | batch 2,500/4,475 (55.9%) | loss 0.9996 (gt 0.0887, kd 0.0047) | 7.6 it/s | elapsed 5.5 min | epoch ETA 4.4 min
  epoch 085 | batch 3,000/4,475 (67.0%) | loss 0.9997 (gt 0.0887, kd 0.0047) | 7.6 it/s | elapsed 6.6 min | epoch ETA 3.3 min
  epoch 085 | batch 3,500/4,475 (78.2%) | loss 0.9998 (gt 0.0887, kd 0.0047) | 7.6 it/s | elapsed 7.7 min | epoch ETA 2.2 min
  epoch 085 | batch 4,000/4,475 (89.4%) | loss 0.9998 (gt 0.0887, kd 0.0047) | 7.6 it/s | elapsed 8.8 min | epoch ETA 1.0 min
Epoch 085 | train 0.999864 (gt 0.088703, kd 0.004676) | val 0.892924 (gt 0.082843, kd 0.003743) | KL end 0.4990 path 0.9107 | rough FDE 911.2m | proper FDE 899.1m (teacher 820.8m)  ✓ best
  epoch 086 | batch 500/4,475 (11.2%) | loss 0.9989 (gt 0.0886, kd 0.0047) | 7.5 it/s | elapsed 1.1 min | epoch ETA 8.8 min
  epoch 086 | batch 1,000/4,475 (22.3%) | loss 1.0002 (gt 0.0888, kd 0.0047) | 7.6 it/s | elapsed 2.2 min | epoch ETA 7.7 min
  epoch 086 | batch 1,500/4,475 (33.5%) | loss 0.9995 (gt 0.0887, kd 0.0047) | 7.6 it/s | elapsed 3.3 min | epoch ETA 6.6 min
  epoch 086 | batch 2,000/4,475 (44.7%) | loss 1.0000 (gt 0.0887, kd 0.0047) | 7.6 it/s | elapsed 4.4 min | epoch ETA 5.5 min
  epoch 086 | batch 2,500/4,475 (55.9%) | loss 1.0000 (gt 0.0887, kd 0.0047) | 7.6 it/s | elapsed 5.5 min | epoch ETA 4.4 min
  epoch 086 | batch 3,000/4,475 (67.0%) | loss 1.0000 (gt 0.0888, kd 0.0047) | 7.6 it/s | elapsed 6.6 min | epoch ETA 3.3 min
  epoch 086 | batch 3,500/4,475 (78.2%) | loss 0.9999 (gt 0.0888, kd 0.0047) | 7.6 it/s | elapsed 7.7 min | epoch ETA 2.1 min
  epoch 086 | batch 4,000/4,475 (89.4%) | loss 0.9999 (gt 0.0887, kd 0.0047) | 7.6 it/s | elapsed 8.8 min | epoch ETA 1.0 min
Epoch 086 | train 0.999948 (gt 0.088752, kd 0.004655) | val 0.893572 (gt 0.082836, kd 0.003735) | KL end 0.4915 path 0.9045 | rough FDE 910.5m
  epoch 087 | batch 500/4,475 (11.2%) | loss 1.0000 (gt 0.0890, kd 0.0046) | 7.5 it/s | elapsed 1.1 min | epoch ETA 8.8 min
  epoch 087 | batch 1,000/4,475 (22.3%) | loss 0.9998 (gt 0.0888, kd 0.0046) | 7.5 it/s | elapsed 2.2 min | epoch ETA 7.7 min
  epoch 087 | batch 1,500/4,475 (33.5%) | loss 1.0000 (gt 0.0887, kd 0.0046) | 7.5 it/s | elapsed 3.3 min | epoch ETA 6.6 min
  epoch 087 | batch 2,000/4,475 (44.7%) | loss 0.9998 (gt 0.0887, kd 0.0046) | 7.6 it/s | elapsed 4.4 min | epoch ETA 5.5 min
  epoch 087 | batch 2,500/4,475 (55.9%) | loss 0.9998 (gt 0.0887, kd 0.0046) | 7.6 it/s | elapsed 5.5 min | epoch ETA 4.4 min
  epoch 087 | batch 3,000/4,475 (67.0%) | loss 0.9999 (gt 0.0887, kd 0.0046) | 7.6 it/s | elapsed 6.6 min | epoch ETA 3.3 min
  epoch 087 | batch 3,500/4,475 (78.2%) | loss 0.9999 (gt 0.0887, kd 0.0046) | 7.6 it/s | elapsed 7.7 min | epoch ETA 2.2 min
  epoch 087 | batch 4,000/4,475 (89.4%) | loss 0.9999 (gt 0.0887, kd 0.0046) | 7.6 it/s | elapsed 8.8 min | epoch ETA 1.0 min
Epoch 087 | train 0.999937 (gt 0.088712, kd 0.004637) | val 0.894450 (gt 0.082835, kd 0.003727) | KL end 0.4869 path 0.9030 | rough FDE 910.7m
  epoch 088 | batch 500/4,475 (11.2%) | loss 0.9995 (gt 0.0885, kd 0.0046) | 7.5 it/s | elapsed 1.1 min | epoch ETA 8.8 min
  epoch 088 | batch 1,000/4,475 (22.3%) | loss 0.9998 (gt 0.0886, kd 0.0046) | 7.6 it/s | elapsed 2.2 min | epoch ETA 7.7 min
  epoch 088 | batch 1,500/4,475 (33.5%) | loss 0.9993 (gt 0.0885, kd 0.0046) | 7.5 it/s | elapsed 3.3 min | epoch ETA 6.6 min
  epoch 088 | batch 2,000/4,475 (44.7%) | loss 1.0000 (gt 0.0885, kd 0.0046) | 7.5 it/s | elapsed 4.4 min | epoch ETA 5.5 min
  epoch 088 | batch 2,500/4,475 (55.9%) | loss 1.0000 (gt 0.0886, kd 0.0046) | 7.5 it/s | elapsed 5.5 min | epoch ETA 4.4 min
  epoch 088 | batch 3,000/4,475 (67.0%) | loss 1.0000 (gt 0.0886, kd 0.0046) | 7.6 it/s | elapsed 6.6 min | epoch ETA 3.3 min
  epoch 088 | batch 3,500/4,475 (78.2%) | loss 1.0000 (gt 0.0887, kd 0.0046) | 7.6 it/s | elapsed 7.7 min | epoch ETA 2.2 min
  epoch 088 | batch 4,000/4,475 (89.4%) | loss 1.0000 (gt 0.0887, kd 0.0046) | 7.6 it/s | elapsed 8.8 min | epoch ETA 1.0 min
Epoch 088 | train 0.999927 (gt 0.088681, kd 0.004615) | val 0.896158 (gt 0.082829, kd 0.003719) | KL end 0.4851 path 0.9029 | rough FDE 911.9m
  epoch 089 | batch 500/4,475 (11.2%) | loss 0.9997 (gt 0.0884, kd 0.0046) | 7.5 it/s | elapsed 1.1 min | epoch ETA 8.8 min
  epoch 089 | batch 1,000/4,475 (22.3%) | loss 0.9995 (gt 0.0882, kd 0.0046) | 7.5 it/s | elapsed 2.2 min | epoch ETA 7.7 min
  epoch 089 | batch 1,500/4,475 (33.5%) | loss 1.0001 (gt 0.0883, kd 0.0046) | 7.6 it/s | elapsed 3.3 min | epoch ETA 6.6 min
  epoch 089 | batch 2,000/4,475 (44.7%) | loss 0.9995 (gt 0.0883, kd 0.0046) | 7.6 it/s | elapsed 4.4 min | epoch ETA 5.5 min
  epoch 089 | batch 2,500/4,475 (55.9%) | loss 0.9998 (gt 0.0884, kd 0.0046) | 7.6 it/s | elapsed 5.5 min | epoch ETA 4.4 min
  epoch 089 | batch 3,000/4,475 (67.0%) | loss 1.0000 (gt 0.0884, kd 0.0046) | 7.6 it/s | elapsed 6.6 min | epoch ETA 3.3 min
  epoch 089 | batch 3,500/4,475 (78.2%) | loss 0.9999 (gt 0.0885, kd 0.0046) | 7.6 it/s | elapsed 7.7 min | epoch ETA 2.2 min
  epoch 089 | batch 4,000/4,475 (89.4%) | loss 1.0000 (gt 0.0885, kd 0.0046) | 7.6 it/s | elapsed 8.8 min | epoch ETA 1.0 min
Epoch 089 | train 0.999892 (gt 0.088549, kd 0.004596) | val 0.898980 (gt 0.082825, kd 0.003714) | KL end 0.4841 path 0.9010 | rough FDE 912.0m
  epoch 090 | batch 500/4,475 (11.2%) | loss 1.0008 (gt 0.0886, kd 0.0046) | 7.5 it/s | elapsed 1.1 min | epoch ETA 8.8 min
  epoch 090 | batch 1,000/4,475 (22.3%) | loss 0.9999 (gt 0.0884, kd 0.0046) | 7.5 it/s | elapsed 2.2 min | epoch ETA 7.7 min
  epoch 090 | batch 1,500/4,475 (33.5%) | loss 1.0003 (gt 0.0886, kd 0.0046) | 7.6 it/s | elapsed 3.3 min | epoch ETA 6.6 min
  epoch 090 | batch 2,000/4,475 (44.7%) | loss 1.0003 (gt 0.0886, kd 0.0046) | 7.5 it/s | elapsed 4.4 min | epoch ETA 5.5 min
  epoch 090 | batch 2,500/4,475 (55.9%) | loss 1.0000 (gt 0.0886, kd 0.0046) | 7.5 it/s | elapsed 5.5 min | epoch ETA 4.4 min
  epoch 090 | batch 3,000/4,475 (67.0%) | loss 0.9999 (gt 0.0886, kd 0.0046) | 7.6 it/s | elapsed 6.6 min | epoch ETA 3.3 min
  epoch 090 | batch 3,500/4,475 (78.2%) | loss 1.0000 (gt 0.0886, kd 0.0046) | 7.6 it/s | elapsed 7.7 min | epoch ETA 2.2 min
  epoch 090 | batch 4,000/4,475 (89.4%) | loss 1.0000 (gt 0.0886, kd 0.0046) | 7.6 it/s | elapsed 8.8 min | epoch ETA 1.0 min
Epoch 090 | train 0.999943 (gt 0.088585, kd 0.004584) | val 0.899972 (gt 0.082815, kd 0.003709) | KL end 0.4789 path 0.8969 | rough FDE 912.1m | proper FDE 900.8m (teacher 820.8m)
  epoch 091 | batch 500/4,475 (11.2%) | loss 0.9999 (gt 0.0886, kd 0.0046) | 7.4 it/s | elapsed 1.1 min | epoch ETA 9.0 min
  epoch 091 | batch 1,000/4,475 (22.3%) | loss 1.0006 (gt 0.0887, kd 0.0046) | 7.4 it/s | elapsed 2.3 min | epoch ETA 7.8 min
  epoch 091 | batch 1,500/4,475 (33.5%) | loss 1.0006 (gt 0.0888, kd 0.0046) | 7.4 it/s | elapsed 3.4 min | epoch ETA 6.7 min
  epoch 091 | batch 2,000/4,475 (44.7%) | loss 0.9999 (gt 0.0887, kd 0.0046) | 7.4 it/s | elapsed 4.5 min | epoch ETA 5.6 min
  epoch 091 | batch 2,500/4,475 (55.9%) | loss 1.0001 (gt 0.0886, kd 0.0046) | 7.4 it/s | elapsed 5.6 min | epoch ETA 4.4 min
  epoch 091 | batch 3,000/4,475 (67.0%) | loss 0.9999 (gt 0.0886, kd 0.0046) | 7.4 it/s | elapsed 6.7 min | epoch ETA 3.3 min
  epoch 091 | batch 3,500/4,475 (78.2%) | loss 1.0001 (gt 0.0886, kd 0.0046) | 7.4 it/s | elapsed 7.9 min | epoch ETA 2.2 min
  epoch 091 | batch 4,000/4,475 (89.4%) | loss 0.9999 (gt 0.0886, kd 0.0046) | 7.4 it/s | elapsed 9.0 min | epoch ETA 1.1 min
Epoch 091 | train 1.000079 (gt 0.088589, kd 0.004572) | val 0.895580 (gt 0.082809, kd 0.003705) | KL end 0.4760 path 0.8962 | rough FDE 912.0m
  epoch 092 | batch 500/4,475 (11.2%) | loss 0.9991 (gt 0.0882, kd 0.0045) | 7.4 it/s | elapsed 1.1 min | epoch ETA 9.0 min
  epoch 092 | batch 1,000/4,475 (22.3%) | loss 0.9997 (gt 0.0884, kd 0.0045) | 7.4 it/s | elapsed 2.2 min | epoch ETA 7.8 min
  epoch 092 | batch 1,500/4,475 (33.5%) | loss 1.0000 (gt 0.0884, kd 0.0046) | 7.4 it/s | elapsed 3.4 min | epoch ETA 6.7 min
  epoch 092 | batch 2,000/4,475 (44.7%) | loss 0.9997 (gt 0.0885, kd 0.0046) | 7.5 it/s | elapsed 4.5 min | epoch ETA 5.5 min
  epoch 092 | batch 2,500/4,475 (55.9%) | loss 0.9997 (gt 0.0885, kd 0.0046) | 7.5 it/s | elapsed 5.6 min | epoch ETA 4.4 min
  epoch 092 | batch 3,000/4,475 (67.0%) | loss 0.9999 (gt 0.0885, kd 0.0046) | 7.5 it/s | elapsed 6.7 min | epoch ETA 3.3 min
  epoch 092 | batch 3,500/4,475 (78.2%) | loss 0.9999 (gt 0.0885, kd 0.0046) | 7.5 it/s | elapsed 7.8 min | epoch ETA 2.2 min
  epoch 092 | batch 4,000/4,475 (89.4%) | loss 0.9999 (gt 0.0885, kd 0.0046) | 7.5 it/s | elapsed 8.9 min | epoch ETA 1.1 min
Epoch 092 | train 1.000021 (gt 0.088553, kd 0.004556) | val 0.893477 (gt 0.082796, kd 0.003701) | KL end 0.4763 path 0.8983 | rough FDE 911.0m
  epoch 093 | batch 500/4,475 (11.2%) | loss 0.9988 (gt 0.0888, kd 0.0046) | 7.5 it/s | elapsed 1.1 min | epoch ETA 8.8 min
  epoch 093 | batch 1,000/4,475 (22.3%) | loss 0.9993 (gt 0.0885, kd 0.0046) | 7.5 it/s | elapsed 2.2 min | epoch ETA 7.7 min
  epoch 093 | batch 1,500/4,475 (33.5%) | loss 0.9993 (gt 0.0886, kd 0.0046) | 7.5 it/s | elapsed 3.3 min | epoch ETA 6.6 min
  epoch 093 | batch 2,000/4,475 (44.7%) | loss 0.9997 (gt 0.0886, kd 0.0045) | 7.5 it/s | elapsed 4.4 min | epoch ETA 5.5 min
  epoch 093 | batch 2,500/4,475 (55.9%) | loss 1.0000 (gt 0.0886, kd 0.0046) | 7.5 it/s | elapsed 5.5 min | epoch ETA 4.4 min
  epoch 093 | batch 3,000/4,475 (67.0%) | loss 0.9999 (gt 0.0886, kd 0.0046) | 7.5 it/s | elapsed 6.7 min | epoch ETA 3.3 min
  epoch 093 | batch 3,500/4,475 (78.2%) | loss 0.9997 (gt 0.0886, kd 0.0045) | 7.5 it/s | elapsed 7.8 min | epoch ETA 2.2 min
  epoch 093 | batch 4,000/4,475 (89.4%) | loss 0.9997 (gt 0.0886, kd 0.0045) | 7.5 it/s | elapsed 8.9 min | epoch ETA 1.1 min
Epoch 093 | train 0.999939 (gt 0.088653, kd 0.004547) | val 0.894605 (gt 0.082788, kd 0.003699) | KL end 0.4776 path 0.9006 | rough FDE 910.7m
  epoch 094 | batch 500/4,475 (11.2%) | loss 0.9994 (gt 0.0888, kd 0.0045) | 7.4 it/s | elapsed 1.1 min | epoch ETA 9.0 min
  epoch 094 | batch 1,000/4,475 (22.3%) | loss 0.9996 (gt 0.0887, kd 0.0045) | 7.4 it/s | elapsed 2.3 min | epoch ETA 7.8 min
  epoch 094 | batch 1,500/4,475 (33.5%) | loss 0.9997 (gt 0.0886, kd 0.0045) | 7.4 it/s | elapsed 3.4 min | epoch ETA 6.7 min
  epoch 094 | batch 2,000/4,475 (44.7%) | loss 0.9999 (gt 0.0886, kd 0.0045) | 7.4 it/s | elapsed 4.5 min | epoch ETA 5.6 min
  epoch 094 | batch 2,500/4,475 (55.9%) | loss 0.9996 (gt 0.0886, kd 0.0045) | 7.4 it/s | elapsed 5.6 min | epoch ETA 4.4 min
  epoch 094 | batch 3,000/4,475 (67.0%) | loss 0.9999 (gt 0.0886, kd 0.0045) | 7.4 it/s | elapsed 6.7 min | epoch ETA 3.3 min
  epoch 094 | batch 3,500/4,475 (78.2%) | loss 0.9999 (gt 0.0886, kd 0.0045) | 7.5 it/s | elapsed 7.8 min | epoch ETA 2.2 min
  epoch 094 | batch 4,000/4,475 (89.4%) | loss 0.9999 (gt 0.0886, kd 0.0045) | 7.5 it/s | elapsed 8.9 min | epoch ETA 1.1 min
Epoch 094 | train 0.999690 (gt 0.088517, kd 0.004533) | val 0.906507 (gt 0.082787, kd 0.003697) | KL end 0.4771 path 0.9016 | rough FDE 910.5m
  epoch 095 | batch 500/4,475 (11.2%) | loss 1.0020 (gt 0.0888, kd 0.0046) | 7.5 it/s | elapsed 1.1 min | epoch ETA 8.9 min
  epoch 095 | batch 1,000/4,475 (22.3%) | loss 1.0011 (gt 0.0887, kd 0.0045) | 7.5 it/s | elapsed 2.2 min | epoch ETA 7.8 min
  epoch 095 | batch 1,500/4,475 (33.5%) | loss 1.0002 (gt 0.0885, kd 0.0045) | 7.4 it/s | elapsed 3.4 min | epoch ETA 6.7 min
  epoch 095 | batch 2,000/4,475 (44.7%) | loss 1.0009 (gt 0.0885, kd 0.0045) | 7.4 it/s | elapsed 4.5 min | epoch ETA 5.6 min
  epoch 095 | batch 2,500/4,475 (55.9%) | loss 1.0002 (gt 0.0885, kd 0.0045) | 7.4 it/s | elapsed 5.6 min | epoch ETA 4.4 min
  epoch 095 | batch 3,000/4,475 (67.0%) | loss 1.0002 (gt 0.0886, kd 0.0045) | 7.4 it/s | elapsed 6.7 min | epoch ETA 3.3 min
  epoch 095 | batch 3,500/4,475 (78.2%) | loss 1.0002 (gt 0.0886, kd 0.0045) | 7.4 it/s | elapsed 7.9 min | epoch ETA 2.2 min
  epoch 095 | batch 4,000/4,475 (89.4%) | loss 1.0002 (gt 0.0886, kd 0.0045) | 7.4 it/s | elapsed 9.0 min | epoch ETA 1.1 min
Epoch 095 | train 1.000277 (gt 0.088618, kd 0.004533) | val 0.893998 (gt 0.082781, kd 0.003695) | KL end 0.4770 path 0.9047 | rough FDE 909.9m | proper FDE 897.7m (teacher 820.8m)  ✓ best
  epoch 096 | batch 500/4,475 (11.2%) | loss 0.9976 (gt 0.0882, kd 0.0045) | 7.5 it/s | elapsed 1.1 min | epoch ETA 8.9 min
  epoch 096 | batch 1,000/4,475 (22.3%) | loss 1.0001 (gt 0.0886, kd 0.0045) | 7.5 it/s | elapsed 2.2 min | epoch ETA 7.7 min
  epoch 096 | batch 1,500/4,475 (33.5%) | loss 0.9995 (gt 0.0885, kd 0.0045) | 7.5 it/s | elapsed 3.3 min | epoch ETA 6.6 min
  epoch 096 | batch 2,000/4,475 (44.7%) | loss 0.9997 (gt 0.0885, kd 0.0045) | 7.5 it/s | elapsed 4.4 min | epoch ETA 5.5 min
