Python: /global/home/users/kevingeng/.conda/envs/adsb/bin/python
torch 2.14.1+cu130 | netCDF4 1.7.4
CUDA available: True
Device: NVIDIA GeForce RTX 2080 Ti
Training on cuda — CFM + SWI_DiT distillation (swi_dit_6L_teacher → swi_dit_4L_student, alpha=0.5, seed=42)
Batches per epoch: 4,475 train, 499 val (batch_size=256, num_workers=2)
Teacher: /global/scratch/users/kevingeng/aviation-bayen/AviationDiffusionModelsKishore/training/checkpoints/swi_dit/best_swi_dit.pt (epoch=84, ckpt val_fde=824.5062353116024) | {'obs_len': 43, 'fut_len': 43, 'in_dim': 6, 'd_model': 256, 'n_heads': 8, 'n_layers': 6, 'dropout': 0.1} | 7,249,158 params
Student: {'obs_len': 43, 'fut_len': 43, 'in_dim': 6, 'd_model': 256, 'n_heads': 8, 'n_layers': 4, 'dropout': 0.1} | 5,016,838 params
Teacher val minFDE (this split): 820.8m
  epoch 001 | batch 500/4,475 (11.2%) | loss 1.0587 (gt 1.1016, kd 1.0157) | 7.5 it/s | elapsed 1.1 min | epoch ETA 8.8 min
  epoch 001 | batch 1,000/4,475 (22.3%) | loss 0.6518 (gt 0.6945, kd 0.6091) | 7.5 it/s | elapsed 2.2 min | epoch ETA 7.7 min
  epoch 001 | batch 1,500/4,475 (33.5%) | loss 0.4969 (gt 0.5395, kd 0.4543) | 7.5 it/s | elapsed 3.3 min | epoch ETA 6.6 min
  epoch 001 | batch 2,000/4,475 (44.7%) | loss 0.4122 (gt 0.4547, kd 0.3696) | 7.5 it/s | elapsed 4.5 min | epoch ETA 5.5 min
  epoch 001 | batch 2,500/4,475 (55.9%) | loss 0.3579 (gt 0.4004, kd 0.3154) | 7.5 it/s | elapsed 5.6 min | epoch ETA 4.4 min
  epoch 001 | batch 3,000/4,475 (67.0%) | loss 0.3198 (gt 0.3622, kd 0.2773) | 7.5 it/s | elapsed 6.7 min | epoch ETA 3.3 min
  epoch 001 | batch 3,500/4,475 (78.2%) | loss 0.2913 (gt 0.3337, kd 0.2489) | 7.5 it/s | elapsed 7.8 min | epoch ETA 2.2 min
  epoch 001 | batch 4,000/4,475 (89.4%) | loss 0.2691 (gt 0.3115, kd 0.2267) | 7.5 it/s | elapsed 8.9 min | epoch ETA 1.1 min
Epoch 001 | train 0.252129 (gt 0.294505, kd 0.209753) | val 1.803445 (gt 1.843429, kd 1.763460) | KL end 8.4555 path 10.8362 | rough FDE 29131.8m
  epoch 002 | batch 500/4,475 (11.2%) | loss 0.1030 (gt 0.1451, kd 0.0609) | 7.4 it/s | elapsed 1.1 min | epoch ETA 9.0 min
  epoch 002 | batch 1,000/4,475 (22.3%) | loss 0.1015 (gt 0.1436, kd 0.0593) | 7.4 it/s | elapsed 2.2 min | epoch ETA 7.8 min
  epoch 002 | batch 1,500/4,475 (33.5%) | loss 0.1001 (gt 0.1422, kd 0.0579) | 7.4 it/s | elapsed 3.4 min | epoch ETA 6.7 min
  epoch 002 | batch 2,000/4,475 (44.7%) | loss 0.0987 (gt 0.1409, kd 0.0565) | 7.4 it/s | elapsed 4.5 min | epoch ETA 5.6 min
  epoch 002 | batch 2,500/4,475 (55.9%) | loss 0.0974 (gt 0.1396, kd 0.0552) | 7.4 it/s | elapsed 5.6 min | epoch ETA 4.4 min
  epoch 002 | batch 3,000/4,475 (67.0%) | loss 0.0963 (gt 0.1385, kd 0.0541) | 7.4 it/s | elapsed 6.7 min | epoch ETA 3.3 min
  epoch 002 | batch 3,500/4,475 (78.2%) | loss 0.0951 (gt 0.1374, kd 0.0529) | 7.4 it/s | elapsed 7.9 min | epoch ETA 2.2 min
  epoch 002 | batch 4,000/4,475 (89.4%) | loss 0.0942 (gt 0.1364, kd 0.0520) | 7.4 it/s | elapsed 9.0 min | epoch ETA 1.1 min
Epoch 002 | train 0.093260 (gt 0.135469, kd 0.051052) | val 1.043939 (gt 1.084153, kd 1.003726) | KL end 6.4308 path 9.2818 | rough FDE 12161.5m
  epoch 003 | batch 500/4,475 (11.2%) | loss 0.0846 (gt 0.1269, kd 0.0423) | 7.4 it/s | elapsed 1.1 min | epoch ETA 9.0 min
  epoch 003 | batch 1,000/4,475 (22.3%) | loss 0.0842 (gt 0.1265, kd 0.0419) | 7.4 it/s | elapsed 2.3 min | epoch ETA 7.8 min
  epoch 003 | batch 1,500/4,475 (33.5%) | loss 0.0835 (gt 0.1258, kd 0.0412) | 7.4 it/s | elapsed 3.4 min | epoch ETA 6.7 min
  epoch 003 | batch 2,000/4,475 (44.7%) | loss 0.0829 (gt 0.1251, kd 0.0406) | 7.4 it/s | elapsed 4.5 min | epoch ETA 5.6 min
  epoch 003 | batch 2,500/4,475 (55.9%) | loss 0.0825 (gt 0.1248, kd 0.0403) | 7.4 it/s | elapsed 5.6 min | epoch ETA 4.5 min
  epoch 003 | batch 3,000/4,475 (67.0%) | loss 0.0821 (gt 0.1243, kd 0.0398) | 7.4 it/s | elapsed 6.8 min | epoch ETA 3.3 min
  epoch 003 | batch 3,500/4,475 (78.2%) | loss 0.0817 (gt 0.1239, kd 0.0395) | 7.4 it/s | elapsed 7.9 min | epoch ETA 2.2 min
  epoch 003 | batch 4,000/4,475 (89.4%) | loss 0.0813 (gt 0.1235, kd 0.0390) | 7.4 it/s | elapsed 9.0 min | epoch ETA 1.1 min
Epoch 003 | train 0.080906 (gt 0.123148, kd 0.038664) | val 0.638688 (gt 0.679305, kd 0.598071) | KL end 4.9271 path 7.7258 | rough FDE 6108.5m
  epoch 004 | batch 500/4,475 (11.2%) | loss 0.0772 (gt 0.1193, kd 0.0351) | 7.4 it/s | elapsed 1.1 min | epoch ETA 8.9 min
  epoch 004 | batch 1,000/4,475 (22.3%) | loss 0.0770 (gt 0.1192, kd 0.0348) | 7.4 it/s | elapsed 2.2 min | epoch ETA 7.8 min
  epoch 004 | batch 1,500/4,475 (33.5%) | loss 0.0769 (gt 0.1192, kd 0.0346) | 7.4 it/s | elapsed 3.4 min | epoch ETA 6.7 min
  epoch 004 | batch 2,000/4,475 (44.7%) | loss 0.0765 (gt 0.1188, kd 0.0342) | 7.4 it/s | elapsed 4.5 min | epoch ETA 5.6 min
  epoch 004 | batch 2,500/4,475 (55.9%) | loss 0.0762 (gt 0.1184, kd 0.0339) | 7.4 it/s | elapsed 5.6 min | epoch ETA 4.4 min
  epoch 004 | batch 3,000/4,475 (67.0%) | loss 0.0759 (gt 0.1182, kd 0.0337) | 7.4 it/s | elapsed 6.7 min | epoch ETA 3.3 min
  epoch 004 | batch 3,500/4,475 (78.2%) | loss 0.0757 (gt 0.1179, kd 0.0334) | 7.4 it/s | elapsed 7.8 min | epoch ETA 2.2 min
  epoch 004 | batch 4,000/4,475 (89.4%) | loss 0.0754 (gt 0.1177, kd 0.0332) | 7.4 it/s | elapsed 9.0 min | epoch ETA 1.1 min
Epoch 004 | train 0.075184 (gt 0.117394, kd 0.032974) | val 0.353771 (gt 0.394143, kd 0.313398) | KL end 3.9571 path 6.4198 | rough FDE 3714.8m
  epoch 005 | batch 500/4,475 (11.2%) | loss 0.0728 (gt 0.1151, kd 0.0306) | 7.4 it/s | elapsed 1.1 min | epoch ETA 8.9 min
  epoch 005 | batch 1,000/4,475 (22.3%) | loss 0.0726 (gt 0.1149, kd 0.0304) | 7.4 it/s | elapsed 2.2 min | epoch ETA 7.8 min
  epoch 005 | batch 1,500/4,475 (33.5%) | loss 0.0726 (gt 0.1149, kd 0.0304) | 7.4 it/s | elapsed 3.4 min | epoch ETA 6.7 min
  epoch 005 | batch 2,000/4,475 (44.7%) | loss 0.0724 (gt 0.1146, kd 0.0301) | 7.4 it/s | elapsed 4.5 min | epoch ETA 5.5 min
  epoch 005 | batch 2,500/4,475 (55.9%) | loss 0.0722 (gt 0.1145, kd 0.0300) | 7.4 it/s | elapsed 5.6 min | epoch ETA 4.4 min
  epoch 005 | batch 3,000/4,475 (67.0%) | loss 0.0721 (gt 0.1143, kd 0.0298) | 7.4 it/s | elapsed 6.7 min | epoch ETA 3.3 min
  epoch 005 | batch 3,500/4,475 (78.2%) | loss 0.0719 (gt 0.1141, kd 0.0297) | 7.4 it/s | elapsed 7.8 min | epoch ETA 2.2 min
  epoch 005 | batch 4,000/4,475 (89.4%) | loss 0.0717 (gt 0.1139, kd 0.0295) | 7.4 it/s | elapsed 9.0 min | epoch ETA 1.1 min
Epoch 005 | train 0.071582 (gt 0.113828, kd 0.029336) | val 0.198512 (gt 0.238483, kd 0.158540) | KL end 3.2480 path 5.3512 | rough FDE 2604.8m | proper FDE 2809.5m (teacher 820.8m)  ✓ best
  epoch 006 | batch 500/4,475 (11.2%) | loss 0.0702 (gt 0.1124, kd 0.0279) | 7.4 it/s | elapsed 1.1 min | epoch ETA 9.0 min
  epoch 006 | batch 1,000/4,475 (22.3%) | loss 0.0699 (gt 0.1121, kd 0.0276) | 7.4 it/s | elapsed 2.3 min | epoch ETA 7.8 min
  epoch 006 | batch 1,500/4,475 (33.5%) | loss 0.0698 (gt 0.1121, kd 0.0275) | 7.4 it/s | elapsed 3.4 min | epoch ETA 6.7 min
  epoch 006 | batch 2,000/4,475 (44.7%) | loss 0.0697 (gt 0.1120, kd 0.0274) | 7.4 it/s | elapsed 4.5 min | epoch ETA 5.6 min
  epoch 006 | batch 2,500/4,475 (55.9%) | loss 0.0696 (gt 0.1118, kd 0.0273) | 7.4 it/s | elapsed 5.6 min | epoch ETA 4.4 min
  epoch 006 | batch 3,000/4,475 (67.0%) | loss 0.0694 (gt 0.1116, kd 0.0271) | 7.4 it/s | elapsed 6.7 min | epoch ETA 3.3 min
  epoch 006 | batch 3,500/4,475 (78.2%) | loss 0.0692 (gt 0.1115, kd 0.0270) | 7.4 it/s | elapsed 7.9 min | epoch ETA 2.2 min
  epoch 006 | batch 4,000/4,475 (89.4%) | loss 0.0691 (gt 0.1114, kd 0.0269) | 7.4 it/s | elapsed 9.0 min | epoch ETA 1.1 min
Epoch 006 | train 0.069038 (gt 0.111256, kd 0.026820) | val 0.124553 (gt 0.164375, kd 0.084731) | KL end 2.6768 path 4.5204 | rough FDE 1942.6m
  epoch 007 | batch 500/4,475 (11.2%) | loss 0.0678 (gt 0.1102, kd 0.0255) | 7.4 it/s | elapsed 1.1 min | epoch ETA 9.0 min
  epoch 007 | batch 1,000/4,475 (22.3%) | loss 0.0677 (gt 0.1099, kd 0.0255) | 7.4 it/s | elapsed 2.3 min | epoch ETA 7.8 min
  epoch 007 | batch 1,500/4,475 (33.5%) | loss 0.0676 (gt 0.1098, kd 0.0254) | 7.4 it/s | elapsed 3.4 min | epoch ETA 6.7 min
  epoch 007 | batch 2,000/4,475 (44.7%) | loss 0.0675 (gt 0.1097, kd 0.0253) | 7.4 it/s | elapsed 4.5 min | epoch ETA 5.6 min
  epoch 007 | batch 2,500/4,475 (55.9%) | loss 0.0674 (gt 0.1096, kd 0.0252) | 7.4 it/s | elapsed 5.6 min | epoch ETA 4.4 min
  epoch 007 | batch 3,000/4,475 (67.0%) | loss 0.0673 (gt 0.1095, kd 0.0251) | 7.4 it/s | elapsed 6.7 min | epoch ETA 3.3 min
  epoch 007 | batch 3,500/4,475 (78.2%) | loss 0.0673 (gt 0.1095, kd 0.0250) | 7.4 it/s | elapsed 7.9 min | epoch ETA 2.2 min
  epoch 007 | batch 4,000/4,475 (89.4%) | loss 0.0671 (gt 0.1093, kd 0.0249) | 7.4 it/s | elapsed 9.0 min | epoch ETA 1.1 min
Epoch 007 | train 0.067084 (gt 0.109295, kd 0.024872) | val 0.090000 (gt 0.129754, kd 0.050247) | KL end 2.2865 path 3.8849 | rough FDE 1586.4m
  epoch 008 | batch 500/4,475 (11.2%) | loss 0.0660 (gt 0.1080, kd 0.0239) | 7.3 it/s | elapsed 1.1 min | epoch ETA 9.0 min
  epoch 008 | batch 1,000/4,475 (22.3%) | loss 0.0658 (gt 0.1079, kd 0.0238) | 7.4 it/s | elapsed 2.3 min | epoch ETA 7.9 min
  epoch 008 | batch 1,500/4,475 (33.5%) | loss 0.0659 (gt 0.1081, kd 0.0237) | 7.4 it/s | elapsed 3.4 min | epoch ETA 6.7 min
  epoch 008 | batch 2,000/4,475 (44.7%) | loss 0.0659 (gt 0.1081, kd 0.0236) | 7.4 it/s | elapsed 4.5 min | epoch ETA 5.6 min
  epoch 008 | batch 2,500/4,475 (55.9%) | loss 0.0658 (gt 0.1081, kd 0.0236) | 7.4 it/s | elapsed 5.6 min | epoch ETA 4.5 min
  epoch 008 | batch 3,000/4,475 (67.0%) | loss 0.0657 (gt 0.1080, kd 0.0235) | 7.4 it/s | elapsed 6.8 min | epoch ETA 3.3 min
  epoch 008 | batch 3,500/4,475 (78.2%) | loss 0.0656 (gt 0.1078, kd 0.0234) | 7.4 it/s | elapsed 7.9 min | epoch ETA 2.2 min
  epoch 008 | batch 4,000/4,475 (89.4%) | loss 0.0655 (gt 0.1078, kd 0.0233) | 7.4 it/s | elapsed 9.0 min | epoch ETA 1.1 min
Epoch 008 | train 0.065497 (gt 0.107726, kd 0.023269) | val 0.073382 (gt 0.113092, kd 0.033671) | KL end 2.0041 path 3.3669 | rough FDE 1399.2m
  epoch 009 | batch 500/4,475 (11.2%) | loss 0.0646 (gt 0.1069, kd 0.0224) | 7.4 it/s | elapsed 1.1 min | epoch ETA 9.0 min
  epoch 009 | batch 1,000/4,475 (22.3%) | loss 0.0646 (gt 0.1068, kd 0.0224) | 7.4 it/s | elapsed 2.3 min | epoch ETA 7.9 min
  epoch 009 | batch 1,500/4,475 (33.5%) | loss 0.0645 (gt 0.1068, kd 0.0223) | 7.4 it/s | elapsed 3.4 min | epoch ETA 6.7 min
  epoch 009 | batch 2,000/4,475 (44.7%) | loss 0.0645 (gt 0.1068, kd 0.0222) | 7.4 it/s | elapsed 4.5 min | epoch ETA 5.6 min
  epoch 009 | batch 2,500/4,475 (55.9%) | loss 0.0644 (gt 0.1067, kd 0.0222) | 7.4 it/s | elapsed 5.6 min | epoch ETA 4.5 min
  epoch 009 | batch 3,000/4,475 (67.0%) | loss 0.0643 (gt 0.1066, kd 0.0221) | 7.4 it/s | elapsed 6.8 min | epoch ETA 3.3 min
  epoch 009 | batch 3,500/4,475 (78.2%) | loss 0.0643 (gt 0.1065, kd 0.0220) | 7.4 it/s | elapsed 7.9 min | epoch ETA 2.2 min
  epoch 009 | batch 4,000/4,475 (89.4%) | loss 0.0642 (gt 0.1065, kd 0.0220) | 7.4 it/s | elapsed 9.0 min | epoch ETA 1.1 min
Epoch 009 | train 0.064106 (gt 0.106340, kd 0.021872) | val 0.065216 (gt 0.104897, kd 0.025535) | KL end 1.8092 path 2.9646 | rough FDE 1302.2m
  epoch 010 | batch 500/4,475 (11.2%) | loss 0.0637 (gt 0.1060, kd 0.0214) | 7.3 it/s | elapsed 1.1 min | epoch ETA 9.0 min
  epoch 010 | batch 1,000/4,475 (22.3%) | loss 0.0633 (gt 0.1054, kd 0.0212) | 7.4 it/s | elapsed 2.3 min | epoch ETA 7.9 min
  epoch 010 | batch 1,500/4,475 (33.5%) | loss 0.0633 (gt 0.1055, kd 0.0211) | 7.4 it/s | elapsed 3.4 min | epoch ETA 6.7 min
  epoch 010 | batch 2,000/4,475 (44.7%) | loss 0.0632 (gt 0.1054, kd 0.0210) | 7.4 it/s | elapsed 4.5 min | epoch ETA 5.6 min
  epoch 010 | batch 2,500/4,475 (55.9%) | loss 0.0632 (gt 0.1054, kd 0.0210) | 7.4 it/s | elapsed 5.6 min | epoch ETA 4.5 min
  epoch 010 | batch 3,000/4,475 (67.0%) | loss 0.0632 (gt 0.1054, kd 0.0210) | 7.4 it/s | elapsed 6.8 min | epoch ETA 3.3 min
  epoch 010 | batch 3,500/4,475 (78.2%) | loss 0.0631 (gt 0.1053, kd 0.0209) | 7.4 it/s | elapsed 7.9 min | epoch ETA 2.2 min
  epoch 010 | batch 4,000/4,475 (89.4%) | loss 0.0630 (gt 0.1052, kd 0.0208) | 7.4 it/s | elapsed 9.0 min | epoch ETA 1.1 min
Epoch 010 | train 0.062961 (gt 0.105148, kd 0.020773) | val 0.060874 (gt 0.100550, kd 0.021197) | KL end 1.6789 path 2.6599 | rough FDE 1249.8m | proper FDE 1365.2m (teacher 820.8m)  ✓ best
  epoch 011 | batch 500/4,475 (11.2%) | loss 0.0627 (gt 0.1051, kd 0.0204) | 7.3 it/s | elapsed 1.1 min | epoch ETA 9.0 min
  epoch 011 | batch 1,000/4,475 (22.3%) | loss 0.0625 (gt 0.1048, kd 0.0202) | 7.4 it/s | elapsed 2.3 min | epoch ETA 7.9 min
  epoch 011 | batch 1,500/4,475 (33.5%) | loss 0.0624 (gt 0.1047, kd 0.0201) | 7.4 it/s | elapsed 3.4 min | epoch ETA 6.7 min
  epoch 011 | batch 2,000/4,475 (44.7%) | loss 0.0623 (gt 0.1046, kd 0.0201) | 7.4 it/s | elapsed 4.5 min | epoch ETA 5.6 min
  epoch 011 | batch 2,500/4,475 (55.9%) | loss 0.0623 (gt 0.1045, kd 0.0200) | 7.4 it/s | elapsed 5.6 min | epoch ETA 4.5 min
  epoch 011 | batch 3,000/4,475 (67.0%) | loss 0.0622 (gt 0.1045, kd 0.0200) | 7.4 it/s | elapsed 6.8 min | epoch ETA 3.3 min
  epoch 011 | batch 3,500/4,475 (78.2%) | loss 0.0621 (gt 0.1044, kd 0.0199) | 7.4 it/s | elapsed 7.9 min | epoch ETA 2.2 min
  epoch 011 | batch 4,000/4,475 (89.4%) | loss 0.0621 (gt 0.1043, kd 0.0198) | 7.4 it/s | elapsed 9.0 min | epoch ETA 1.1 min
Epoch 011 | train 0.062018 (gt 0.104245, kd 0.019792) | val 0.058342 (gt 0.098023, kd 0.018661) | KL end 1.5834 path 2.4277 | rough FDE 1210.5m
  epoch 012 | batch 500/4,475 (11.2%) | loss 0.0614 (gt 0.1036, kd 0.0193) | 7.4 it/s | elapsed 1.1 min | epoch ETA 9.0 min
  epoch 012 | batch 1,000/4,475 (22.3%) | loss 0.0614 (gt 0.1036, kd 0.0192) | 7.4 it/s | elapsed 2.3 min | epoch ETA 7.8 min
  epoch 012 | batch 1,500/4,475 (33.5%) | loss 0.0614 (gt 0.1037, kd 0.0192) | 7.4 it/s | elapsed 3.4 min | epoch ETA 6.7 min
  epoch 012 | batch 2,000/4,475 (44.7%) | loss 0.0613 (gt 0.1035, kd 0.0191) | 7.4 it/s | elapsed 4.5 min | epoch ETA 5.6 min
  epoch 012 | batch 2,500/4,475 (55.9%) | loss 0.0613 (gt 0.1034, kd 0.0191) | 7.4 it/s | elapsed 5.6 min | epoch ETA 4.5 min
  epoch 012 | batch 3,000/4,475 (67.0%) | loss 0.0612 (gt 0.1034, kd 0.0190) | 7.4 it/s | elapsed 6.8 min | epoch ETA 3.3 min
  epoch 012 | batch 3,500/4,475 (78.2%) | loss 0.0612 (gt 0.1034, kd 0.0190) | 7.4 it/s | elapsed 7.9 min | epoch ETA 2.2 min
  epoch 012 | batch 4,000/4,475 (89.4%) | loss 0.0612 (gt 0.1034, kd 0.0189) | 7.4 it/s | elapsed 9.0 min | epoch ETA 1.1 min
Epoch 012 | train 0.061148 (gt 0.103370, kd 0.018926) | val 0.056582 (gt 0.096261, kd 0.016904) | KL end 1.5125 path 2.2641 | rough FDE 1177.3m
  epoch 013 | batch 500/4,475 (11.2%) | loss 0.0604 (gt 0.1025, kd 0.0183) | 7.3 it/s | elapsed 1.1 min | epoch ETA 9.0 min
  epoch 013 | batch 1,000/4,475 (22.3%) | loss 0.0605 (gt 0.1026, kd 0.0184) | 7.4 it/s | elapsed 2.3 min | epoch ETA 7.9 min
  epoch 013 | batch 1,500/4,475 (33.5%) | loss 0.0604 (gt 0.1025, kd 0.0184) | 7.4 it/s | elapsed 3.4 min | epoch ETA 6.7 min
  epoch 013 | batch 2,000/4,475 (44.7%) | loss 0.0604 (gt 0.1025, kd 0.0183) | 7.4 it/s | elapsed 4.5 min | epoch ETA 5.6 min
  epoch 013 | batch 2,500/4,475 (55.9%) | loss 0.0604 (gt 0.1025, kd 0.0182) | 7.4 it/s | elapsed 5.6 min | epoch ETA 4.5 min
  epoch 013 | batch 3,000/4,475 (67.0%) | loss 0.0603 (gt 0.1025, kd 0.0182) | 7.4 it/s | elapsed 6.8 min | epoch ETA 3.3 min
  epoch 013 | batch 3,500/4,475 (78.2%) | loss 0.0603 (gt 0.1025, kd 0.0182) | 7.4 it/s | elapsed 7.9 min | epoch ETA 2.2 min
  epoch 013 | batch 4,000/4,475 (89.4%) | loss 0.0603 (gt 0.1025, kd 0.0181) | 7.4 it/s | elapsed 9.0 min | epoch ETA 1.1 min
Epoch 013 | train 0.060293 (gt 0.102468, kd 0.018118) | val 0.055240 (gt 0.094922, kd 0.015558) | KL end 1.4548 path 2.1328 | rough FDE 1154.1m
  epoch 014 | batch 500/4,475 (11.2%) | loss 0.0598 (gt 0.1020, kd 0.0177) | 7.4 it/s | elapsed 1.1 min | epoch ETA 8.9 min
  epoch 014 | batch 1,000/4,475 (22.3%) | loss 0.0597 (gt 0.1018, kd 0.0176) | 7.5 it/s | elapsed 2.2 min | epoch ETA 7.8 min
  epoch 014 | batch 1,500/4,475 (33.5%) | loss 0.0597 (gt 0.1019, kd 0.0176) | 7.5 it/s | elapsed 3.3 min | epoch ETA 6.6 min
  epoch 014 | batch 2,000/4,475 (44.7%) | loss 0.0597 (gt 0.1019, kd 0.0175) | 7.5 it/s | elapsed 4.5 min | epoch ETA 5.5 min
  epoch 014 | batch 2,500/4,475 (55.9%) | loss 0.0597 (gt 0.1019, kd 0.0175) | 7.5 it/s | elapsed 5.6 min | epoch ETA 4.4 min
  epoch 014 | batch 3,000/4,475 (67.0%) | loss 0.0597 (gt 0.1019, kd 0.0175) | 7.5 it/s | elapsed 6.7 min | epoch ETA 3.3 min
  epoch 014 | batch 3,500/4,475 (78.2%) | loss 0.0596 (gt 0.1018, kd 0.0174) | 7.5 it/s | elapsed 7.8 min | epoch ETA 2.2 min
  epoch 014 | batch 4,000/4,475 (89.4%) | loss 0.0596 (gt 0.1018, kd 0.0174) | 7.5 it/s | elapsed 8.9 min | epoch ETA 1.1 min
Epoch 014 | train 0.059563 (gt 0.101753, kd 0.017374) | val 0.054144 (gt 0.093828, kd 0.014461) | KL end 1.4050 path 2.0217 | rough FDE 1134.9m
  epoch 015 | batch 500/4,475 (11.2%) | loss 0.0592 (gt 0.1015, kd 0.0170) | 7.4 it/s | elapsed 1.1 min | epoch ETA 8.9 min
  epoch 015 | batch 1,000/4,475 (22.3%) | loss 0.0591 (gt 0.1013, kd 0.0169) | 7.4 it/s | elapsed 2.2 min | epoch ETA 7.8 min
  epoch 015 | batch 1,500/4,475 (33.5%) | loss 0.0591 (gt 0.1013, kd 0.0169) | 7.4 it/s | elapsed 3.4 min | epoch ETA 6.7 min
  epoch 015 | batch 2,000/4,475 (44.7%) | loss 0.0591 (gt 0.1013, kd 0.0169) | 7.4 it/s | elapsed 4.5 min | epoch ETA 5.6 min
  epoch 015 | batch 2,500/4,475 (55.9%) | loss 0.0590 (gt 0.1012, kd 0.0168) | 7.4 it/s | elapsed 5.6 min | epoch ETA 4.4 min
  epoch 015 | batch 3,000/4,475 (67.0%) | loss 0.0590 (gt 0.1012, kd 0.0168) | 7.4 it/s | elapsed 6.7 min | epoch ETA 3.3 min
  epoch 015 | batch 3,500/4,475 (78.2%) | loss 0.0590 (gt 0.1011, kd 0.0168) | 7.4 it/s | elapsed 7.9 min | epoch ETA 2.2 min
  epoch 015 | batch 4,000/4,475 (89.4%) | loss 0.0589 (gt 0.1011, kd 0.0168) | 7.4 it/s | elapsed 9.0 min | epoch ETA 1.1 min
Epoch 015 | train 0.058918 (gt 0.101085, kd 0.016752) | val 0.053194 (gt 0.092875, kd 0.013514) | KL end 1.3462 path 1.9148 | rough FDE 1120.6m | proper FDE 1186.5m (teacher 820.8m)  ✓ best
  epoch 016 | batch 500/4,475 (11.2%) | loss 0.0588 (gt 0.1011, kd 0.0166) | 7.4 it/s | elapsed 1.1 min | epoch ETA 9.0 min
  epoch 016 | batch 1,000/4,475 (22.3%) | loss 0.0585 (gt 0.1007, kd 0.0164) | 7.4 it/s | elapsed 2.3 min | epoch ETA 7.8 min
  epoch 016 | batch 1,500/4,475 (33.5%) | loss 0.0585 (gt 0.1007, kd 0.0164) | 7.4 it/s | elapsed 3.4 min | epoch ETA 6.7 min
  epoch 016 | batch 2,000/4,475 (44.7%) | loss 0.0585 (gt 0.1007, kd 0.0163) | 7.4 it/s | elapsed 4.5 min | epoch ETA 5.6 min
  epoch 016 | batch 2,500/4,475 (55.9%) | loss 0.0585 (gt 0.1007, kd 0.0163) | 7.4 it/s | elapsed 5.6 min | epoch ETA 4.4 min
  epoch 016 | batch 3,000/4,475 (67.0%) | loss 0.0585 (gt 0.1007, kd 0.0163) | 7.4 it/s | elapsed 6.7 min | epoch ETA 3.3 min
  epoch 016 | batch 3,500/4,475 (78.2%) | loss 0.0584 (gt 0.1006, kd 0.0162) | 7.4 it/s | elapsed 7.9 min | epoch ETA 2.2 min
  epoch 016 | batch 4,000/4,475 (89.4%) | loss 0.0584 (gt 0.1006, kd 0.0162) | 7.4 it/s | elapsed 9.0 min | epoch ETA 1.1 min
Epoch 016 | train 0.058396 (gt 0.100590, kd 0.016202) | val 0.052372 (gt 0.092050, kd 0.012694) | KL end 1.3043 path 1.8214 | rough FDE 1107.2m
  epoch 017 | batch 500/4,475 (11.2%) | loss 0.0582 (gt 0.1006, kd 0.0159) | 7.4 it/s | elapsed 1.1 min | epoch ETA 9.0 min
  epoch 017 | batch 1,000/4,475 (22.3%) | loss 0.0581 (gt 0.1004, kd 0.0158) | 7.4 it/s | elapsed 2.3 min | epoch ETA 7.8 min
  epoch 017 | batch 1,500/4,475 (33.5%) | loss 0.0581 (gt 0.1004, kd 0.0158) | 7.4 it/s | elapsed 3.4 min | epoch ETA 6.7 min
  epoch 017 | batch 2,000/4,475 (44.7%) | loss 0.0580 (gt 0.1002, kd 0.0157) | 7.4 it/s | elapsed 4.5 min | epoch ETA 5.6 min
  epoch 017 | batch 2,500/4,475 (55.9%) | loss 0.0579 (gt 0.1001, kd 0.0157) | 7.4 it/s | elapsed 5.6 min | epoch ETA 4.4 min
  epoch 017 | batch 3,000/4,475 (67.0%) | loss 0.0579 (gt 0.1001, kd 0.0157) | 7.4 it/s | elapsed 6.8 min | epoch ETA 3.3 min
  epoch 017 | batch 3,500/4,475 (78.2%) | loss 0.0579 (gt 0.1001, kd 0.0156) | 7.4 it/s | elapsed 7.9 min | epoch ETA 2.2 min
  epoch 017 | batch 4,000/4,475 (89.4%) | loss 0.0578 (gt 0.1001, kd 0.0156) | 7.4 it/s | elapsed 9.0 min | epoch ETA 1.1 min
Epoch 017 | train 0.057789 (gt 0.099994, kd 0.015583) | val 0.051628 (gt 0.091292, kd 0.011964) | KL end 1.2576 path 1.7285 | rough FDE 1095.2m
  epoch 018 | batch 500/4,475 (11.2%) | loss 0.0576 (gt 0.0998, kd 0.0153) | 7.3 it/s | elapsed 1.1 min | epoch ETA 9.1 min
  epoch 018 | batch 1,000/4,475 (22.3%) | loss 0.0574 (gt 0.0996, kd 0.0152) | 7.3 it/s | elapsed 2.3 min | epoch ETA 7.9 min
  epoch 018 | batch 1,500/4,475 (33.5%) | loss 0.0575 (gt 0.0997, kd 0.0153) | 7.4 it/s | elapsed 3.4 min | epoch ETA 6.7 min
  epoch 018 | batch 2,000/4,475 (44.7%) | loss 0.0574 (gt 0.0996, kd 0.0152) | 7.4 it/s | elapsed 4.5 min | epoch ETA 5.6 min
  epoch 018 | batch 2,500/4,475 (55.9%) | loss 0.0574 (gt 0.0995, kd 0.0152) | 7.4 it/s | elapsed 5.6 min | epoch ETA 4.4 min
  epoch 018 | batch 3,000/4,475 (67.0%) | loss 0.0574 (gt 0.0996, kd 0.0151) | 7.4 it/s | elapsed 6.8 min | epoch ETA 3.3 min
  epoch 018 | batch 3,500/4,475 (78.2%) | loss 0.0573 (gt 0.0995, kd 0.0151) | 7.4 it/s | elapsed 7.9 min | epoch ETA 2.2 min
  epoch 018 | batch 4,000/4,475 (89.4%) | loss 0.0573 (gt 0.0995, kd 0.0151) | 7.4 it/s | elapsed 9.0 min | epoch ETA 1.1 min
Epoch 018 | train 0.057277 (gt 0.099464, kd 0.015089) | val 0.050993 (gt 0.090650, kd 0.011336) | KL end 1.2184 path 1.6365 | rough FDE 1086.4m
  epoch 019 | batch 500/4,475 (11.2%) | loss 0.0571 (gt 0.0993, kd 0.0148) | 7.3 it/s | elapsed 1.1 min | epoch ETA 9.0 min
  epoch 019 | batch 1,000/4,475 (22.3%) | loss 0.0570 (gt 0.0993, kd 0.0148) | 7.3 it/s | elapsed 2.3 min | epoch ETA 7.9 min
  epoch 019 | batch 1,500/4,475 (33.5%) | loss 0.0571 (gt 0.0994, kd 0.0148) | 7.3 it/s | elapsed 3.4 min | epoch ETA 6.8 min
  epoch 019 | batch 2,000/4,475 (44.7%) | loss 0.0571 (gt 0.0994, kd 0.0148) | 7.3 it/s | elapsed 4.6 min | epoch ETA 5.6 min
  epoch 019 | batch 2,500/4,475 (55.9%) | loss 0.0570 (gt 0.0993, kd 0.0148) | 7.3 it/s | elapsed 5.7 min | epoch ETA 4.5 min
  epoch 019 | batch 3,000/4,475 (67.0%) | loss 0.0570 (gt 0.0992, kd 0.0147) | 7.4 it/s | elapsed 6.8 min | epoch ETA 3.3 min
  epoch 019 | batch 3,500/4,475 (78.2%) | loss 0.0569 (gt 0.0992, kd 0.0147) | 7.4 it/s | elapsed 7.9 min | epoch ETA 2.2 min
  epoch 019 | batch 4,000/4,475 (89.4%) | loss 0.0569 (gt 0.0992, kd 0.0147) | 7.4 it/s | elapsed 9.0 min | epoch ETA 1.1 min
Epoch 019 | train 0.056902 (gt 0.099132, kd 0.014671) | val 0.050483 (gt 0.090139, kd 0.010826) | KL end 1.1687 path 1.5443 | rough FDE 1073.8m
  epoch 020 | batch 500/4,475 (11.2%) | loss 0.0565 (gt 0.0987, kd 0.0143) | 7.4 it/s | elapsed 1.1 min | epoch ETA 9.0 min
  epoch 020 | batch 1,000/4,475 (22.3%) | loss 0.0565 (gt 0.0987, kd 0.0143) | 7.3 it/s | elapsed 2.3 min | epoch ETA 7.9 min
  epoch 020 | batch 1,500/4,475 (33.5%) | loss 0.0565 (gt 0.0988, kd 0.0143) | 7.4 it/s | elapsed 3.4 min | epoch ETA 6.7 min
  epoch 020 | batch 2,000/4,475 (44.7%) | loss 0.0564 (gt 0.0986, kd 0.0142) | 7.3 it/s | elapsed 4.5 min | epoch ETA 5.6 min
  epoch 020 | batch 2,500/4,475 (55.9%) | loss 0.0564 (gt 0.0986, kd 0.0142) | 7.3 it/s | elapsed 5.7 min | epoch ETA 4.5 min
  epoch 020 | batch 3,000/4,475 (67.0%) | loss 0.0564 (gt 0.0986, kd 0.0142) | 7.3 it/s | elapsed 6.8 min | epoch ETA 3.3 min
  epoch 020 | batch 3,500/4,475 (78.2%) | loss 0.0564 (gt 0.0986, kd 0.0142) | 7.3 it/s | elapsed 7.9 min | epoch ETA 2.2 min
  epoch 020 | batch 4,000/4,475 (89.4%) | loss 0.0564 (gt 0.0986, kd 0.0142) | 7.3 it/s | elapsed 9.1 min | epoch ETA 1.1 min
Epoch 020 | train 0.056380 (gt 0.098603, kd 0.014157) | val 0.050042 (gt 0.089698, kd 0.010385) | KL end 1.1451 path 1.4830 | rough FDE 1065.0m | proper FDE 1099.4m (teacher 820.8m)  ✓ best
  epoch 021 | batch 500/4,475 (11.2%) | loss 0.0562 (gt 0.0984, kd 0.0139) | 7.3 it/s | elapsed 1.1 min | epoch ETA 9.0 min
  epoch 021 | batch 1,000/4,475 (22.3%) | loss 0.0561 (gt 0.0984, kd 0.0139) | 7.4 it/s | elapsed 2.3 min | epoch ETA 7.9 min
  epoch 021 | batch 1,500/4,475 (33.5%) | loss 0.0561 (gt 0.0984, kd 0.0139) | 7.4 it/s | elapsed 3.4 min | epoch ETA 6.7 min
  epoch 021 | batch 2,000/4,475 (44.7%) | loss 0.0561 (gt 0.0983, kd 0.0139) | 7.4 it/s | elapsed 4.5 min | epoch ETA 5.6 min
  epoch 021 | batch 2,500/4,475 (55.9%) | loss 0.0561 (gt 0.0983, kd 0.0139) | 7.4 it/s | elapsed 5.6 min | epoch ETA 4.5 min
  epoch 021 | batch 3,000/4,475 (67.0%) | loss 0.0560 (gt 0.0982, kd 0.0139) | 7.4 it/s | elapsed 6.8 min | epoch ETA 3.3 min
  epoch 021 | batch 3,500/4,475 (78.2%) | loss 0.0560 (gt 0.0982, kd 0.0138) | 7.4 it/s | elapsed 7.9 min | epoch ETA 2.2 min
  epoch 021 | batch 4,000/4,475 (89.4%) | loss 0.0560 (gt 0.0982, kd 0.0138) | 7.4 it/s | elapsed 9.0 min | epoch ETA 1.1 min
Epoch 021 | train 0.055980 (gt 0.098179, kd 0.013781) | val 0.049629 (gt 0.089283, kd 0.009975) | KL end 1.1146 path 1.4324 | rough FDE 1060.8m
  epoch 022 | batch 500/4,475 (11.2%) | loss 0.0557 (gt 0.0978, kd 0.0136) | 7.4 it/s | elapsed 1.1 min | epoch ETA 9.0 min
  epoch 022 | batch 1,000/4,475 (22.3%) | loss 0.0556 (gt 0.0978, kd 0.0135) | 7.4 it/s | elapsed 2.3 min | epoch ETA 7.8 min
  epoch 022 | batch 1,500/4,475 (33.5%) | loss 0.0556 (gt 0.0977, kd 0.0135) | 7.4 it/s | elapsed 3.4 min | epoch ETA 6.7 min
  epoch 022 | batch 2,000/4,475 (44.7%) | loss 0.0556 (gt 0.0978, kd 0.0135) | 7.4 it/s | elapsed 4.5 min | epoch ETA 5.6 min
  epoch 022 | batch 2,500/4,475 (55.9%) | loss 0.0556 (gt 0.0977, kd 0.0135) | 7.4 it/s | elapsed 5.6 min | epoch ETA 4.4 min
  epoch 022 | batch 3,000/4,475 (67.0%) | loss 0.0556 (gt 0.0977, kd 0.0135) | 7.4 it/s | elapsed 6.7 min | epoch ETA 3.3 min
  epoch 022 | batch 3,500/4,475 (78.2%) | loss 0.0556 (gt 0.0977, kd 0.0134) | 7.4 it/s | elapsed 7.9 min | epoch ETA 2.2 min
  epoch 022 | batch 4,000/4,475 (89.4%) | loss 0.0556 (gt 0.0977, kd 0.0134) | 7.4 it/s | elapsed 9.0 min | epoch ETA 1.1 min
Epoch 022 | train 0.055552 (gt 0.097701, kd 0.013403) | val 0.049282 (gt 0.088939, kd 0.009625) | KL end 1.1079 path 1.3998 | rough FDE 1054.2m
  epoch 023 | batch 500/4,475 (11.2%) | loss 0.0552 (gt 0.0973, kd 0.0131) | 7.4 it/s | elapsed 1.1 min | epoch ETA 9.0 min
  epoch 023 | batch 1,000/4,475 (22.3%) | loss 0.0554 (gt 0.0975, kd 0.0132) | 7.4 it/s | elapsed 2.2 min | epoch ETA 7.8 min
  epoch 023 | batch 1,500/4,475 (33.5%) | loss 0.0554 (gt 0.0975, kd 0.0132) | 7.4 it/s | elapsed 3.4 min | epoch ETA 6.7 min
  epoch 023 | batch 2,000/4,475 (44.7%) | loss 0.0553 (gt 0.0975, kd 0.0131) | 7.4 it/s | elapsed 4.5 min | epoch ETA 5.6 min
  epoch 023 | batch 2,500/4,475 (55.9%) | loss 0.0553 (gt 0.0974, kd 0.0131) | 7.4 it/s | elapsed 5.6 min | epoch ETA 4.4 min
  epoch 023 | batch 3,000/4,475 (67.0%) | loss 0.0553 (gt 0.0974, kd 0.0131) | 7.4 it/s | elapsed 6.7 min | epoch ETA 3.3 min
  epoch 023 | batch 3,500/4,475 (78.2%) | loss 0.0553 (gt 0.0974, kd 0.0131) | 7.4 it/s | elapsed 7.9 min | epoch ETA 2.2 min
  epoch 023 | batch 4,000/4,475 (89.4%) | loss 0.0553 (gt 0.0974, kd 0.0131) | 7.4 it/s | elapsed 9.0 min | epoch ETA 1.1 min
Epoch 023 | train 0.055233 (gt 0.097396, kd 0.013070) | val 0.048968 (gt 0.088632, kd 0.009303) | KL end 1.0912 path 1.3607 | rough FDE 1047.2m
  epoch 024 | batch 500/4,475 (11.2%) | loss 0.0550 (gt 0.0972, kd 0.0128) | 7.4 it/s | elapsed 1.1 min | epoch ETA 8.9 min
  epoch 024 | batch 1,000/4,475 (22.3%) | loss 0.0549 (gt 0.0970, kd 0.0128) | 7.4 it/s | elapsed 2.2 min | epoch ETA 7.8 min
  epoch 024 | batch 1,500/4,475 (33.5%) | loss 0.0550 (gt 0.0972, kd 0.0128) | 7.4 it/s | elapsed 3.4 min | epoch ETA 6.7 min
  epoch 024 | batch 2,000/4,475 (44.7%) | loss 0.0549 (gt 0.0971, kd 0.0128) | 7.4 it/s | elapsed 4.5 min | epoch ETA 5.6 min
  epoch 024 | batch 2,500/4,475 (55.9%) | loss 0.0549 (gt 0.0971, kd 0.0128) | 7.4 it/s | elapsed 5.6 min | epoch ETA 4.4 min
  epoch 024 | batch 3,000/4,475 (67.0%) | loss 0.0549 (gt 0.0970, kd 0.0128) | 7.4 it/s | elapsed 6.7 min | epoch ETA 3.3 min
  epoch 024 | batch 3,500/4,475 (78.2%) | loss 0.0549 (gt 0.0970, kd 0.0127) | 7.4 it/s | elapsed 7.9 min | epoch ETA 2.2 min
  epoch 024 | batch 4,000/4,475 (89.4%) | loss 0.0549 (gt 0.0970, kd 0.0127) | 7.4 it/s | elapsed 9.0 min | epoch ETA 1.1 min
Epoch 024 | train 0.054851 (gt 0.096988, kd 0.012713) | val 0.048687 (gt 0.088355, kd 0.009019) | KL end 1.0576 path 1.3093 | rough FDE 1042.2m
  epoch 025 | batch 500/4,475 (11.2%) | loss 0.0546 (gt 0.0967, kd 0.0125) | 7.4 it/s | elapsed 1.1 min | epoch ETA 9.0 min
  epoch 025 | batch 1,000/4,475 (22.3%) | loss 0.0546 (gt 0.0968, kd 0.0125) | 7.4 it/s | elapsed 2.2 min | epoch ETA 7.8 min
  epoch 025 | batch 1,500/4,475 (33.5%) | loss 0.0548 (gt 0.0969, kd 0.0126) | 7.4 it/s | elapsed 3.4 min | epoch ETA 6.7 min
  epoch 025 | batch 2,000/4,475 (44.7%) | loss 0.0547 (gt 0.0969, kd 0.0126) | 7.4 it/s | elapsed 4.5 min | epoch ETA 5.6 min
  epoch 025 | batch 2,500/4,475 (55.9%) | loss 0.0547 (gt 0.0969, kd 0.0125) | 7.4 it/s | elapsed 5.6 min | epoch ETA 4.4 min
  epoch 025 | batch 3,000/4,475 (67.0%) | loss 0.0547 (gt 0.0968, kd 0.0125) | 7.4 it/s | elapsed 6.7 min | epoch ETA 3.3 min
  epoch 025 | batch 3,500/4,475 (78.2%) | loss 0.0547 (gt 0.0968, kd 0.0125) | 7.4 it/s | elapsed 7.9 min | epoch ETA 2.2 min
  epoch 025 | batch 4,000/4,475 (89.4%) | loss 0.0546 (gt 0.0968, kd 0.0125) | 7.4 it/s | elapsed 9.0 min | epoch ETA 1.1 min
Epoch 025 | train 0.054614 (gt 0.096758, kd 0.012469) | val 0.048419 (gt 0.088087, kd 0.008751) | KL end 1.0383 path 1.2877 | rough FDE 1036.3m | proper FDE 1045.7m (teacher 820.8m)  ✓ best
  epoch 026 | batch 500/4,475 (11.2%) | loss 0.0544 (gt 0.0965, kd 0.0122) | 7.4 it/s | elapsed 1.1 min | epoch ETA 9.0 min
  epoch 026 | batch 1,000/4,475 (22.3%) | loss 0.0544 (gt 0.0966, kd 0.0122) | 7.4 it/s | elapsed 2.3 min | epoch ETA 7.8 min
  epoch 026 | batch 1,500/4,475 (33.5%) | loss 0.0543 (gt 0.0964, kd 0.0122) | 7.4 it/s | elapsed 3.4 min | epoch ETA 6.7 min
  epoch 026 | batch 2,000/4,475 (44.7%) | loss 0.0542 (gt 0.0963, kd 0.0122) | 7.4 it/s | elapsed 4.5 min | epoch ETA 5.6 min
  epoch 026 | batch 2,500/4,475 (55.9%) | loss 0.0543 (gt 0.0963, kd 0.0122) | 7.4 it/s | elapsed 5.6 min | epoch ETA 4.5 min
  epoch 026 | batch 3,000/4,475 (67.0%) | loss 0.0543 (gt 0.0964, kd 0.0122) | 7.4 it/s | elapsed 6.8 min | epoch ETA 3.3 min
  epoch 026 | batch 3,500/4,475 (78.2%) | loss 0.0542 (gt 0.0964, kd 0.0121) | 7.4 it/s | elapsed 7.9 min | epoch ETA 2.2 min
  epoch 026 | batch 4,000/4,475 (89.4%) | loss 0.0543 (gt 0.0964, kd 0.0121) | 7.4 it/s | elapsed 9.0 min | epoch ETA 1.1 min
Epoch 026 | train 0.054262 (gt 0.096398, kd 0.012127) | val 0.048179 (gt 0.087854, kd 0.008505) | KL end 1.0299 path 1.2759 | rough FDE 1030.4m
  epoch 027 | batch 500/4,475 (11.2%) | loss 0.0542 (gt 0.0964, kd 0.0120) | 7.4 it/s | elapsed 1.1 min | epoch ETA 9.0 min
  epoch 027 | batch 1,000/4,475 (22.3%) | loss 0.0543 (gt 0.0965, kd 0.0121) | 7.4 it/s | elapsed 2.2 min | epoch ETA 7.8 min
  epoch 027 | batch 1,500/4,475 (33.5%) | loss 0.0543 (gt 0.0965, kd 0.0120) | 7.4 it/s | elapsed 3.4 min | epoch ETA 6.7 min
  epoch 027 | batch 2,000/4,475 (44.7%) | loss 0.0541 (gt 0.0963, kd 0.0120) | 7.4 it/s | elapsed 4.5 min | epoch ETA 5.6 min
  epoch 027 | batch 2,500/4,475 (55.9%) | loss 0.0541 (gt 0.0962, kd 0.0119) | 7.4 it/s | elapsed 5.6 min | epoch ETA 4.4 min
  epoch 027 | batch 3,000/4,475 (67.0%) | loss 0.0541 (gt 0.0963, kd 0.0119) | 7.4 it/s | elapsed 6.7 min | epoch ETA 3.3 min
  epoch 027 | batch 3,500/4,475 (78.2%) | loss 0.0541 (gt 0.0963, kd 0.0119) | 7.4 it/s | elapsed 7.9 min | epoch ETA 2.2 min
  epoch 027 | batch 4,000/4,475 (89.4%) | loss 0.0541 (gt 0.0963, kd 0.0119) | 7.4 it/s | elapsed 9.0 min | epoch ETA 1.1 min
Epoch 027 | train 0.054040 (gt 0.096197, kd 0.011883) | val 0.047960 (gt 0.087634, kd 0.008285) | KL end 1.0306 path 1.2986 | rough FDE 1026.4m
  epoch 028 | batch 500/4,475 (11.2%) | loss 0.0535 (gt 0.0955, kd 0.0116) | 7.4 it/s | elapsed 1.1 min | epoch ETA 9.0 min
  epoch 028 | batch 1,000/4,475 (22.3%) | loss 0.0537 (gt 0.0958, kd 0.0117) | 7.4 it/s | elapsed 2.2 min | epoch ETA 7.8 min
  epoch 028 | batch 1,500/4,475 (33.5%) | loss 0.0538 (gt 0.0959, kd 0.0117) | 7.4 it/s | elapsed 3.4 min | epoch ETA 6.7 min
  epoch 028 | batch 2,000/4,475 (44.7%) | loss 0.0538 (gt 0.0960, kd 0.0117) | 7.4 it/s | elapsed 4.5 min | epoch ETA 5.6 min
  epoch 028 | batch 2,500/4,475 (55.9%) | loss 0.0538 (gt 0.0960, kd 0.0117) | 7.4 it/s | elapsed 5.6 min | epoch ETA 4.4 min
  epoch 028 | batch 3,000/4,475 (67.0%) | loss 0.0538 (gt 0.0960, kd 0.0116) | 7.4 it/s | elapsed 6.7 min | epoch ETA 3.3 min
  epoch 028 | batch 3,500/4,475 (78.2%) | loss 0.0538 (gt 0.0959, kd 0.0116) | 7.4 it/s | elapsed 7.9 min | epoch ETA 2.2 min
  epoch 028 | batch 4,000/4,475 (89.4%) | loss 0.0538 (gt 0.0959, kd 0.0116) | 7.4 it/s | elapsed 9.0 min | epoch ETA 1.1 min
Epoch 028 | train 0.053740 (gt 0.095875, kd 0.011606) | val 0.047733 (gt 0.087404, kd 0.008063) | KL end 1.0182 path 1.3004 | rough FDE 1019.6m
  epoch 029 | batch 500/4,475 (11.2%) | loss 0.0535 (gt 0.0957, kd 0.0114) | 7.3 it/s | elapsed 1.1 min | epoch ETA 9.1 min
  epoch 029 | batch 1,000/4,475 (22.3%) | loss 0.0535 (gt 0.0956, kd 0.0114) | 7.3 it/s | elapsed 2.3 min | epoch ETA 7.9 min
  epoch 029 | batch 1,500/4,475 (33.5%) | loss 0.0535 (gt 0.0957, kd 0.0114) | 7.4 it/s | elapsed 3.4 min | epoch ETA 6.7 min
  epoch 029 | batch 2,000/4,475 (44.7%) | loss 0.0535 (gt 0.0956, kd 0.0114) | 7.4 it/s | elapsed 4.5 min | epoch ETA 5.6 min
  epoch 029 | batch 2,500/4,475 (55.9%) | loss 0.0534 (gt 0.0955, kd 0.0114) | 7.4 it/s | elapsed 5.6 min | epoch ETA 4.5 min
  epoch 029 | batch 3,000/4,475 (67.0%) | loss 0.0534 (gt 0.0955, kd 0.0114) | 7.4 it/s | elapsed 6.8 min | epoch ETA 3.3 min
  epoch 029 | batch 3,500/4,475 (78.2%) | loss 0.0534 (gt 0.0955, kd 0.0113) | 7.4 it/s | elapsed 7.9 min | epoch ETA 2.2 min
  epoch 029 | batch 4,000/4,475 (89.4%) | loss 0.0534 (gt 0.0955, kd 0.0113) | 7.4 it/s | elapsed 9.0 min | epoch ETA 1.1 min
Epoch 029 | train 0.053429 (gt 0.095527, kd 0.011330) | val 0.047521 (gt 0.087184, kd 0.007858) | KL end 1.0068 path 1.2861 | rough FDE 1016.6m
  epoch 030 | batch 500/4,475 (11.2%) | loss 0.0534 (gt 0.0957, kd 0.0112) | 7.4 it/s | elapsed 1.1 min | epoch ETA 8.9 min
  epoch 030 | batch 1,000/4,475 (22.3%) | loss 0.0533 (gt 0.0955, kd 0.0112) | 7.4 it/s | elapsed 2.2 min | epoch ETA 7.8 min
  epoch 030 | batch 1,500/4,475 (33.5%) | loss 0.0533 (gt 0.0954, kd 0.0111) | 7.4 it/s | elapsed 3.4 min | epoch ETA 6.7 min
  epoch 030 | batch 2,000/4,475 (44.7%) | loss 0.0533 (gt 0.0954, kd 0.0111) | 7.4 it/s | elapsed 4.5 min | epoch ETA 5.6 min
  epoch 030 | batch 2,500/4,475 (55.9%) | loss 0.0533 (gt 0.0954, kd 0.0111) | 7.4 it/s | elapsed 5.6 min | epoch ETA 4.4 min
  epoch 030 | batch 3,000/4,475 (67.0%) | loss 0.0533 (gt 0.0954, kd 0.0111) | 7.4 it/s | elapsed 6.7 min | epoch ETA 3.3 min
  epoch 030 | batch 3,500/4,475 (78.2%) | loss 0.0533 (gt 0.0954, kd 0.0111) | 7.4 it/s | elapsed 7.9 min | epoch ETA 2.2 min
  epoch 030 | batch 4,000/4,475 (89.4%) | loss 0.0532 (gt 0.0953, kd 0.0111) | 7.4 it/s | elapsed 9.0 min | epoch ETA 1.1 min
Epoch 030 | train 0.053214 (gt 0.095313, kd 0.011114) | val 0.047335 (gt 0.087005, kd 0.007664) | KL end 0.9860 path 1.2757 | rough FDE 1014.6m | proper FDE 1010.7m (teacher 820.8m)  ✓ best
  epoch 031 | batch 500/4,475 (11.2%) | loss 0.0532 (gt 0.0955, kd 0.0109) | 7.3 it/s | elapsed 1.1 min | epoch ETA 9.1 min
  epoch 031 | batch 1,000/4,475 (22.3%) | loss 0.0531 (gt 0.0953, kd 0.0110) | 7.3 it/s | elapsed 2.3 min | epoch ETA 7.9 min
  epoch 031 | batch 1,500/4,475 (33.5%) | loss 0.0530 (gt 0.0951, kd 0.0109) | 7.3 it/s | elapsed 3.4 min | epoch ETA 6.8 min
  epoch 031 | batch 2,000/4,475 (44.7%) | loss 0.0531 (gt 0.0952, kd 0.0109) | 7.3 it/s | elapsed 4.6 min | epoch ETA 5.6 min
  epoch 031 | batch 2,500/4,475 (55.9%) | loss 0.0531 (gt 0.0953, kd 0.0109) | 7.3 it/s | elapsed 5.7 min | epoch ETA 4.5 min
  epoch 031 | batch 3,000/4,475 (67.0%) | loss 0.0531 (gt 0.0952, kd 0.0109) | 7.3 it/s | elapsed 6.8 min | epoch ETA 3.4 min
  epoch 031 | batch 3,500/4,475 (78.2%) | loss 0.0531 (gt 0.0952, kd 0.0109) | 7.3 it/s | elapsed 7.9 min | epoch ETA 2.2 min
  epoch 031 | batch 4,000/4,475 (89.4%) | loss 0.0531 (gt 0.0952, kd 0.0109) | 7.3 it/s | elapsed 9.1 min | epoch ETA 1.1 min
Epoch 031 | train 0.053032 (gt 0.095176, kd 0.010888) | val 0.047166 (gt 0.086839, kd 0.007492) | KL end 0.9804 path 1.2676 | rough FDE 1008.9m
  epoch 032 | batch 500/4,475 (11.2%) | loss 0.0527 (gt 0.0948, kd 0.0107) | 7.3 it/s | elapsed 1.1 min | epoch ETA 9.1 min
  epoch 032 | batch 1,000/4,475 (22.3%) | loss 0.0528 (gt 0.0949, kd 0.0107) | 7.3 it/s | elapsed 2.3 min | epoch ETA 8.0 min
  epoch 032 | batch 1,500/4,475 (33.5%) | loss 0.0528 (gt 0.0950, kd 0.0107) | 7.3 it/s | elapsed 3.4 min | epoch ETA 6.8 min
  epoch 032 | batch 2,000/4,475 (44.7%) | loss 0.0528 (gt 0.0949, kd 0.0107) | 7.3 it/s | elapsed 4.6 min | epoch ETA 5.7 min
  epoch 032 | batch 2,500/4,475 (55.9%) | loss 0.0528 (gt 0.0949, kd 0.0107) | 7.3 it/s | elapsed 5.7 min | epoch ETA 4.5 min
  epoch 032 | batch 3,000/4,475 (67.0%) | loss 0.0528 (gt 0.0949, kd 0.0107) | 7.3 it/s | elapsed 6.8 min | epoch ETA 3.4 min
  epoch 032 | batch 3,500/4,475 (78.2%) | loss 0.0528 (gt 0.0949, kd 0.0107) | 7.3 it/s | elapsed 7.9 min | epoch ETA 2.2 min
  epoch 032 | batch 4,000/4,475 (89.4%) | loss 0.0528 (gt 0.0949, kd 0.0107) | 7.3 it/s | elapsed 9.1 min | epoch ETA 1.1 min
Epoch 032 | train 0.052788 (gt 0.094930, kd 0.010647) | val 0.047011 (gt 0.086688, kd 0.007335) | KL end 0.9583 path 1.2534 | rough FDE 1007.0m
  epoch 033 | batch 500/4,475 (11.2%) | loss 0.0526 (gt 0.0946, kd 0.0106) | 7.3 it/s | elapsed 1.1 min | epoch ETA 9.1 min
  epoch 033 | batch 1,000/4,475 (22.3%) | loss 0.0527 (gt 0.0949, kd 0.0106) | 7.3 it/s | elapsed 2.3 min | epoch ETA 7.9 min
  epoch 033 | batch 1,500/4,475 (33.5%) | loss 0.0526 (gt 0.0947, kd 0.0105) | 7.3 it/s | elapsed 3.4 min | epoch ETA 6.8 min
  epoch 033 | batch 2,000/4,475 (44.7%) | loss 0.0526 (gt 0.0946, kd 0.0105) | 7.3 it/s | elapsed 4.5 min | epoch ETA 5.6 min
  epoch 033 | batch 2,500/4,475 (55.9%) | loss 0.0526 (gt 0.0946, kd 0.0105) | 7.4 it/s | elapsed 5.7 min | epoch ETA 4.5 min
  epoch 033 | batch 3,000/4,475 (67.0%) | loss 0.0526 (gt 0.0946, kd 0.0105) | 7.4 it/s | elapsed 6.8 min | epoch ETA 3.3 min
  epoch 033 | batch 3,500/4,475 (78.2%) | loss 0.0526 (gt 0.0946, kd 0.0105) | 7.4 it/s | elapsed 7.9 min | epoch ETA 2.2 min
  epoch 033 | batch 4,000/4,475 (89.4%) | loss 0.0526 (gt 0.0946, kd 0.0105) | 7.4 it/s | elapsed 9.0 min | epoch ETA 1.1 min
Epoch 033 | train 0.052549 (gt 0.094630, kd 0.010468) | val 0.046857 (gt 0.086532, kd 0.007183) | KL end 0.9560 path 1.2503 | rough FDE 1001.4m
  epoch 034 | batch 500/4,475 (11.2%) | loss 0.0525 (gt 0.0945, kd 0.0104) | 7.3 it/s | elapsed 1.1 min | epoch ETA 9.0 min
  epoch 034 | batch 1,000/4,475 (22.3%) | loss 0.0524 (gt 0.0945, kd 0.0104) | 7.4 it/s | elapsed 2.3 min | epoch ETA 7.9 min
  epoch 034 | batch 1,500/4,475 (33.5%) | loss 0.0523 (gt 0.0944, kd 0.0103) | 7.4 it/s | elapsed 3.4 min | epoch ETA 6.7 min
  epoch 034 | batch 2,000/4,475 (44.7%) | loss 0.0524 (gt 0.0944, kd 0.0103) | 7.4 it/s | elapsed 4.5 min | epoch ETA 5.6 min
  epoch 034 | batch 2,500/4,475 (55.9%) | loss 0.0524 (gt 0.0945, kd 0.0103) | 7.4 it/s | elapsed 5.6 min | epoch ETA 4.5 min
  epoch 034 | batch 3,000/4,475 (67.0%) | loss 0.0524 (gt 0.0945, kd 0.0103) | 7.4 it/s | elapsed 6.8 min | epoch ETA 3.3 min
  epoch 034 | batch 3,500/4,475 (78.2%) | loss 0.0524 (gt 0.0945, kd 0.0103) | 7.4 it/s | elapsed 7.9 min | epoch ETA 2.2 min
  epoch 034 | batch 4,000/4,475 (89.4%) | loss 0.0524 (gt 0.0945, kd 0.0103) | 7.4 it/s | elapsed 9.0 min | epoch ETA 1.1 min
Epoch 034 | train 0.052396 (gt 0.094509, kd 0.010282) | val 0.046720 (gt 0.086400, kd 0.007040) | KL end 0.9502 path 1.2454 | rough FDE 997.8m
  epoch 035 | batch 500/4,475 (11.2%) | loss 0.0523 (gt 0.0946, kd 0.0101) | 7.4 it/s | elapsed 1.1 min | epoch ETA 9.0 min
  epoch 035 | batch 1,000/4,475 (22.3%) | loss 0.0524 (gt 0.0945, kd 0.0102) | 7.4 it/s | elapsed 2.2 min | epoch ETA 7.8 min
  epoch 035 | batch 1,500/4,475 (33.5%) | loss 0.0523 (gt 0.0944, kd 0.0102) | 7.4 it/s | elapsed 3.4 min | epoch ETA 6.7 min
  epoch 035 | batch 2,000/4,475 (44.7%) | loss 0.0523 (gt 0.0944, kd 0.0102) | 7.4 it/s | elapsed 4.5 min | epoch ETA 5.5 min
  epoch 035 | batch 2,500/4,475 (55.9%) | loss 0.0523 (gt 0.0944, kd 0.0102) | 7.4 it/s | elapsed 5.6 min | epoch ETA 4.4 min
  epoch 035 | batch 3,000/4,475 (67.0%) | loss 0.0522 (gt 0.0943, kd 0.0101) | 7.4 it/s | elapsed 6.7 min | epoch ETA 3.3 min
  epoch 035 | batch 3,500/4,475 (78.2%) | loss 0.0523 (gt 0.0944, kd 0.0101) | 7.4 it/s | elapsed 7.9 min | epoch ETA 2.2 min
  epoch 035 | batch 4,000/4,475 (89.4%) | loss 0.0523 (gt 0.0944, kd 0.0101) | 7.4 it/s | elapsed 9.0 min | epoch ETA 1.1 min
Epoch 035 | train 0.052255 (gt 0.094381, kd 0.010128) | val 0.046589 (gt 0.086275, kd 0.006902) | KL end 0.8902 path 1.2143 | rough FDE 991.5m | proper FDE 990.9m (teacher 820.8m)  ✓ best
  epoch 036 | batch 500/4,475 (11.2%) | loss 0.0518 (gt 0.0938, kd 0.0099) | 7.3 it/s | elapsed 1.1 min | epoch ETA 9.1 min
  epoch 036 | batch 1,000/4,475 (22.3%) | loss 0.0519 (gt 0.0939, kd 0.0099) | 7.4 it/s | elapsed 2.3 min | epoch ETA 7.9 min
  epoch 036 | batch 1,500/4,475 (33.5%) | loss 0.0520 (gt 0.0940, kd 0.0100) | 7.4 it/s | elapsed 3.4 min | epoch ETA 6.7 min
  epoch 036 | batch 2,000/4,475 (44.7%) | loss 0.0520 (gt 0.0940, kd 0.0100) | 7.4 it/s | elapsed 4.5 min | epoch ETA 5.6 min
  epoch 036 | batch 2,500/4,475 (55.9%) | loss 0.0520 (gt 0.0940, kd 0.0100) | 7.4 it/s | elapsed 5.6 min | epoch ETA 4.5 min
  epoch 036 | batch 3,000/4,475 (67.0%) | loss 0.0520 (gt 0.0941, kd 0.0100) | 7.4 it/s | elapsed 6.8 min | epoch ETA 3.3 min
  epoch 036 | batch 3,500/4,475 (78.2%) | loss 0.0520 (gt 0.0941, kd 0.0099) | 7.4 it/s | elapsed 7.9 min | epoch ETA 2.2 min
  epoch 036 | batch 4,000/4,475 (89.4%) | loss 0.0520 (gt 0.0941, kd 0.0099) | 7.4 it/s | elapsed 9.0 min | epoch ETA 1.1 min
Epoch 036 | train 0.052015 (gt 0.094103, kd 0.009927) | val 0.046453 (gt 0.086134, kd 0.006773) | KL end 0.8976 path 1.1879 | rough FDE 990.1m
  epoch 037 | batch 500/4,475 (11.2%) | loss 0.0521 (gt 0.0943, kd 0.0098) | 7.3 it/s | elapsed 1.1 min | epoch ETA 9.1 min
  epoch 037 | batch 1,000/4,475 (22.3%) | loss 0.0521 (gt 0.0943, kd 0.0100) | 7.4 it/s | elapsed 2.3 min | epoch ETA 7.9 min
  epoch 037 | batch 1,500/4,475 (33.5%) | loss 0.0521 (gt 0.0943, kd 0.0099) | 7.4 it/s | elapsed 3.4 min | epoch ETA 6.7 min
  epoch 037 | batch 2,000/4,475 (44.7%) | loss 0.0520 (gt 0.0942, kd 0.0099) | 7.4 it/s | elapsed 4.5 min | epoch ETA 5.6 min
  epoch 037 | batch 2,500/4,475 (55.9%) | loss 0.0519 (gt 0.0940, kd 0.0098) | 7.4 it/s | elapsed 5.6 min | epoch ETA 4.4 min
  epoch 037 | batch 3,000/4,475 (67.0%) | loss 0.0519 (gt 0.0940, kd 0.0098) | 7.4 it/s | elapsed 6.7 min | epoch ETA 3.3 min
  epoch 037 | batch 3,500/4,475 (78.2%) | loss 0.0519 (gt 0.0940, kd 0.0098) | 7.4 it/s | elapsed 7.9 min | epoch ETA 2.2 min
  epoch 037 | batch 4,000/4,475 (89.4%) | loss 0.0519 (gt 0.0940, kd 0.0098) | 7.4 it/s | elapsed 9.0 min | epoch ETA 1.1 min
Epoch 037 | train 0.051899 (gt 0.094005, kd 0.009793) | val 0.046322 (gt 0.086002, kd 0.006642) | KL end 0.8777 path 1.2016 | rough FDE 986.0m
  epoch 038 | batch 500/4,475 (11.2%) | loss 0.0517 (gt 0.0938, kd 0.0096) | 7.3 it/s | elapsed 1.1 min | epoch ETA 9.1 min
  epoch 038 | batch 1,000/4,475 (22.3%) | loss 0.0517 (gt 0.0938, kd 0.0096) | 7.3 it/s | elapsed 2.3 min | epoch ETA 7.9 min
  epoch 038 | batch 1,500/4,475 (33.5%) | loss 0.0517 (gt 0.0938, kd 0.0096) | 7.3 it/s | elapsed 3.4 min | epoch ETA 6.8 min
  epoch 038 | batch 2,000/4,475 (44.7%) | loss 0.0517 (gt 0.0938, kd 0.0096) | 7.3 it/s | elapsed 4.6 min | epoch ETA 5.6 min
  epoch 038 | batch 2,500/4,475 (55.9%) | loss 0.0518 (gt 0.0940, kd 0.0097) | 7.3 it/s | elapsed 5.7 min | epoch ETA 4.5 min
  epoch 038 | batch 3,000/4,475 (67.0%) | loss 0.0518 (gt 0.0939, kd 0.0097) | 7.3 it/s | elapsed 6.8 min | epoch ETA 3.4 min
  epoch 038 | batch 3,500/4,475 (78.2%) | loss 0.0518 (gt 0.0939, kd 0.0097) | 7.3 it/s | elapsed 8.0 min | epoch ETA 2.2 min
  epoch 038 | batch 4,000/4,475 (89.4%) | loss 0.0517 (gt 0.0938, kd 0.0096) | 7.3 it/s | elapsed 9.1 min | epoch ETA 1.1 min
Epoch 038 | train 0.051734 (gt 0.093843, kd 0.009625) | val 0.046208 (gt 0.085893, kd 0.006522) | KL end 0.8478 path 1.1625 | rough FDE 984.0m
  epoch 039 | batch 500/4,475 (11.2%) | loss 0.0517 (gt 0.0938, kd 0.0095) | 7.3 it/s | elapsed 1.1 min | epoch ETA 9.1 min
  epoch 039 | batch 1,000/4,475 (22.3%) | loss 0.0517 (gt 0.0939, kd 0.0096) | 7.3 it/s | elapsed 2.3 min | epoch ETA 7.9 min
  epoch 039 | batch 1,500/4,475 (33.5%) | loss 0.0516 (gt 0.0937, kd 0.0095) | 7.3 it/s | elapsed 3.4 min | epoch ETA 6.8 min
  epoch 039 | batch 2,000/4,475 (44.7%) | loss 0.0516 (gt 0.0936, kd 0.0095) | 7.3 it/s | elapsed 4.5 min | epoch ETA 5.6 min
  epoch 039 | batch 2,500/4,475 (55.9%) | loss 0.0516 (gt 0.0937, kd 0.0095) | 7.4 it/s | elapsed 5.7 min | epoch ETA 4.5 min
  epoch 039 | batch 3,000/4,475 (67.0%) | loss 0.0516 (gt 0.0936, kd 0.0095) | 7.4 it/s | elapsed 6.8 min | epoch ETA 3.3 min
  epoch 039 | batch 3,500/4,475 (78.2%) | loss 0.0515 (gt 0.0936, kd 0.0095) | 7.4 it/s | elapsed 7.9 min | epoch ETA 2.2 min
  epoch 039 | batch 4,000/4,475 (89.4%) | loss 0.0515 (gt 0.0936, kd 0.0095) | 7.4 it/s | elapsed 9.0 min | epoch ETA 1.1 min
Epoch 039 | train 0.051505 (gt 0.093564, kd 0.009447) | val 0.046100 (gt 0.085781, kd 0.006419) | KL end 0.8268 path 1.1402 | rough FDE 982.5m
  epoch 040 | batch 500/4,475 (11.2%) | loss 0.0515 (gt 0.0936, kd 0.0094) | 7.3 it/s | elapsed 1.1 min | epoch ETA 9.0 min
  epoch 040 | batch 1,000/4,475 (22.3%) | loss 0.0515 (gt 0.0936, kd 0.0094) | 7.4 it/s | elapsed 2.3 min | epoch ETA 7.9 min
  epoch 040 | batch 1,500/4,475 (33.5%) | loss 0.0514 (gt 0.0935, kd 0.0093) | 7.4 it/s | elapsed 3.4 min | epoch ETA 6.7 min
  epoch 040 | batch 2,000/4,475 (44.7%) | loss 0.0514 (gt 0.0935, kd 0.0093) | 7.4 it/s | elapsed 4.5 min | epoch ETA 5.6 min
  epoch 040 | batch 2,500/4,475 (55.9%) | loss 0.0513 (gt 0.0934, kd 0.0093) | 7.4 it/s | elapsed 5.7 min | epoch ETA 4.5 min
  epoch 040 | batch 3,000/4,475 (67.0%) | loss 0.0514 (gt 0.0934, kd 0.0093) | 7.4 it/s | elapsed 6.8 min | epoch ETA 3.3 min
  epoch 040 | batch 3,500/4,475 (78.2%) | loss 0.0513 (gt 0.0934, kd 0.0093) | 7.4 it/s | elapsed 7.9 min | epoch ETA 2.2 min
  epoch 040 | batch 4,000/4,475 (89.4%) | loss 0.0513 (gt 0.0934, kd 0.0093) | 7.4 it/s | elapsed 9.0 min | epoch ETA 1.1 min
Epoch 040 | train 0.051356 (gt 0.093419, kd 0.009293) | val 0.045985 (gt 0.085659, kd 0.006311) | KL end 0.8304 path 1.1358 | rough FDE 978.3m | proper FDE 982.7m (teacher 820.8m)  ✓ best
  epoch 041 | batch 500/4,475 (11.2%) | loss 0.0511 (gt 0.0931, kd 0.0091) | 7.4 it/s | elapsed 1.1 min | epoch ETA 9.0 min
  epoch 041 | batch 1,000/4,475 (22.3%) | loss 0.0512 (gt 0.0932, kd 0.0091) | 7.4 it/s | elapsed 2.3 min | epoch ETA 7.9 min
  epoch 041 | batch 1,500/4,475 (33.5%) | loss 0.0513 (gt 0.0934, kd 0.0092) | 7.4 it/s | elapsed 3.4 min | epoch ETA 6.7 min
  epoch 041 | batch 2,000/4,475 (44.7%) | loss 0.0513 (gt 0.0934, kd 0.0092) | 7.4 it/s | elapsed 4.5 min | epoch ETA 5.6 min
  epoch 041 | batch 2,500/4,475 (55.9%) | loss 0.0513 (gt 0.0934, kd 0.0092) | 7.4 it/s | elapsed 5.6 min | epoch ETA 4.5 min
  epoch 041 | batch 3,000/4,475 (67.0%) | loss 0.0513 (gt 0.0933, kd 0.0092) | 7.4 it/s | elapsed 6.8 min | epoch ETA 3.3 min
  epoch 041 | batch 3,500/4,475 (78.2%) | loss 0.0513 (gt 0.0934, kd 0.0092) | 7.4 it/s | elapsed 7.9 min | epoch ETA 2.2 min
  epoch 041 | batch 4,000/4,475 (89.4%) | loss 0.0512 (gt 0.0933, kd 0.0092) | 7.4 it/s | elapsed 9.0 min | epoch ETA 1.1 min
Epoch 041 | train 0.051265 (gt 0.093371, kd 0.009159) | val 0.045871 (gt 0.085542, kd 0.006201) | KL end 0.8262 path 1.1360 | rough FDE 977.7m
  epoch 042 | batch 500/4,475 (11.2%) | loss 0.0510 (gt 0.0930, kd 0.0090) | 7.4 it/s | elapsed 1.1 min | epoch ETA 8.9 min
  epoch 042 | batch 1,000/4,475 (22.3%) | loss 0.0510 (gt 0.0929, kd 0.0090) | 7.5 it/s | elapsed 2.2 min | epoch ETA 7.8 min
  epoch 042 | batch 1,500/4,475 (33.5%) | loss 0.0510 (gt 0.0931, kd 0.0090) | 7.5 it/s | elapsed 3.4 min | epoch ETA 6.6 min
  epoch 042 | batch 2,000/4,475 (44.7%) | loss 0.0511 (gt 0.0931, kd 0.0090) | 7.5 it/s | elapsed 4.5 min | epoch ETA 5.5 min
  epoch 042 | batch 2,500/4,475 (55.9%) | loss 0.0511 (gt 0.0932, kd 0.0091) | 7.5 it/s | elapsed 5.6 min | epoch ETA 4.4 min
  epoch 042 | batch 3,000/4,475 (67.0%) | loss 0.0511 (gt 0.0931, kd 0.0090) | 7.5 it/s | elapsed 6.7 min | epoch ETA 3.3 min
  epoch 042 | batch 3,500/4,475 (78.2%) | loss 0.0511 (gt 0.0931, kd 0.0090) | 7.5 it/s | elapsed 7.8 min | epoch ETA 2.2 min
  epoch 042 | batch 4,000/4,475 (89.4%) | loss 0.0511 (gt 0.0931, kd 0.0090) | 7.5 it/s | elapsed 8.9 min | epoch ETA 1.1 min
Epoch 042 | train 0.051045 (gt 0.093078, kd 0.009012) | val 0.045767 (gt 0.085430, kd 0.006104) | KL end 0.8254 path 1.1313 | rough FDE 975.8m
  epoch 043 | batch 500/4,475 (11.2%) | loss 0.0509 (gt 0.0929, kd 0.0089) | 7.3 it/s | elapsed 1.1 min | epoch ETA 9.0 min
  epoch 043 | batch 1,000/4,475 (22.3%) | loss 0.0509 (gt 0.0929, kd 0.0089) | 7.3 it/s | elapsed 2.3 min | epoch ETA 7.9 min
  epoch 043 | batch 1,500/4,475 (33.5%) | loss 0.0508 (gt 0.0928, kd 0.0089) | 7.4 it/s | elapsed 3.4 min | epoch ETA 6.7 min
  epoch 043 | batch 2,000/4,475 (44.7%) | loss 0.0509 (gt 0.0929, kd 0.0089) | 7.4 it/s | elapsed 4.5 min | epoch ETA 5.6 min
  epoch 043 | batch 2,500/4,475 (55.9%) | loss 0.0508 (gt 0.0928, kd 0.0089) | 7.4 it/s | elapsed 5.6 min | epoch ETA 4.4 min
  epoch 043 | batch 3,000/4,475 (67.0%) | loss 0.0509 (gt 0.0929, kd 0.0089) | 7.4 it/s | elapsed 6.8 min | epoch ETA 3.3 min
  epoch 043 | batch 3,500/4,475 (78.2%) | loss 0.0509 (gt 0.0929, kd 0.0089) | 7.4 it/s | elapsed 7.9 min | epoch ETA 2.2 min
  epoch 043 | batch 4,000/4,475 (89.4%) | loss 0.0509 (gt 0.0930, kd 0.0089) | 7.4 it/s | elapsed 9.0 min | epoch ETA 1.1 min
Epoch 043 | train 0.050894 (gt 0.092931, kd 0.008857) | val 0.045675 (gt 0.085331, kd 0.006019) | KL end 0.7984 path 1.1152 | rough FDE 968.7m
  epoch 044 | batch 500/4,475 (11.2%) | loss 0.0507 (gt 0.0926, kd 0.0087) | 7.4 it/s | elapsed 1.1 min | epoch ETA 9.0 min
  epoch 044 | batch 1,000/4,475 (22.3%) | loss 0.0507 (gt 0.0926, kd 0.0087) | 7.4 it/s | elapsed 2.3 min | epoch ETA 7.8 min
  epoch 044 | batch 1,500/4,475 (33.5%) | loss 0.0507 (gt 0.0927, kd 0.0087) | 7.4 it/s | elapsed 3.4 min | epoch ETA 6.7 min
  epoch 044 | batch 2,000/4,475 (44.7%) | loss 0.0507 (gt 0.0927, kd 0.0087) | 7.4 it/s | elapsed 4.5 min | epoch ETA 5.6 min
  epoch 044 | batch 2,500/4,475 (55.9%) | loss 0.0508 (gt 0.0928, kd 0.0087) | 7.4 it/s | elapsed 5.6 min | epoch ETA 4.4 min
  epoch 044 | batch 3,000/4,475 (67.0%) | loss 0.0508 (gt 0.0928, kd 0.0087) | 7.4 it/s | elapsed 6.8 min | epoch ETA 3.3 min
  epoch 044 | batch 3,500/4,475 (78.2%) | loss 0.0508 (gt 0.0928, kd 0.0087) | 7.4 it/s | elapsed 7.9 min | epoch ETA 2.2 min
  epoch 044 | batch 4,000/4,475 (89.4%) | loss 0.0508 (gt 0.0929, kd 0.0087) | 7.4 it/s | elapsed 9.0 min | epoch ETA 1.1 min
Epoch 044 | train 0.050782 (gt 0.092845, kd 0.008719) | val 0.045601 (gt 0.085259, kd 0.005943) | KL end 0.7999 path 1.1181 | rough FDE 965.9m
  epoch 045 | batch 500/4,475 (11.2%) | loss 0.0507 (gt 0.0927, kd 0.0087) | 7.4 it/s | elapsed 1.1 min | epoch ETA 9.0 min
  epoch 045 | batch 1,000/4,475 (22.3%) | loss 0.0506 (gt 0.0926, kd 0.0086) | 7.4 it/s | elapsed 2.3 min | epoch ETA 7.8 min
  epoch 045 | batch 1,500/4,475 (33.5%) | loss 0.0506 (gt 0.0926, kd 0.0086) | 7.4 it/s | elapsed 3.4 min | epoch ETA 6.7 min
  epoch 045 | batch 2,000/4,475 (44.7%) | loss 0.0507 (gt 0.0927, kd 0.0086) | 7.4 it/s | elapsed 4.5 min | epoch ETA 5.6 min
  epoch 045 | batch 2,500/4,475 (55.9%) | loss 0.0507 (gt 0.0928, kd 0.0086) | 7.4 it/s | elapsed 5.6 min | epoch ETA 4.4 min
  epoch 045 | batch 3,000/4,475 (67.0%) | loss 0.0506 (gt 0.0927, kd 0.0086) | 7.4 it/s | elapsed 6.7 min | epoch ETA 3.3 min
  epoch 045 | batch 3,500/4,475 (78.2%) | loss 0.0506 (gt 0.0926, kd 0.0086) | 7.4 it/s | elapsed 7.9 min | epoch ETA 2.2 min
  epoch 045 | batch 4,000/4,475 (89.4%) | loss 0.0506 (gt 0.0926, kd 0.0086) | 7.4 it/s | elapsed 9.0 min | epoch ETA 1.1 min
Epoch 045 | train 0.050612 (gt 0.092622, kd 0.008602) | val 0.045521 (gt 0.085178, kd 0.005865) | KL end 0.7707 path 1.0924 | rough FDE 969.4m | proper FDE 968.5m (teacher 820.8m)  ✓ best
  epoch 046 | batch 500/4,475 (11.2%) | loss 0.0506 (gt 0.0927, kd 0.0085) | 7.3 it/s | elapsed 1.1 min | epoch ETA 9.1 min
  epoch 046 | batch 1,000/4,475 (22.3%) | loss 0.0507 (gt 0.0927, kd 0.0086) | 7.3 it/s | elapsed 2.3 min | epoch ETA 7.9 min
  epoch 046 | batch 1,500/4,475 (33.5%) | loss 0.0506 (gt 0.0926, kd 0.0085) | 7.3 it/s | elapsed 3.4 min | epoch ETA 6.8 min
  epoch 046 | batch 2,000/4,475 (44.7%) | loss 0.0505 (gt 0.0924, kd 0.0085) | 7.3 it/s | elapsed 4.5 min | epoch ETA 5.6 min
  epoch 046 | batch 2,500/4,475 (55.9%) | loss 0.0505 (gt 0.0924, kd 0.0085) | 7.3 it/s | elapsed 5.7 min | epoch ETA 4.5 min
  epoch 046 | batch 3,000/4,475 (67.0%) | loss 0.0505 (gt 0.0925, kd 0.0085) | 7.4 it/s | elapsed 6.8 min | epoch ETA 3.3 min
  epoch 046 | batch 3,500/4,475 (78.2%) | loss 0.0505 (gt 0.0925, kd 0.0085) | 7.4 it/s | elapsed 7.9 min | epoch ETA 2.2 min
  epoch 046 | batch 4,000/4,475 (89.4%) | loss 0.0505 (gt 0.0925, kd 0.0085) | 7.3 it/s | elapsed 9.1 min | epoch ETA 1.1 min
Epoch 046 | train 0.050524 (gt 0.092566, kd 0.008482) | val 0.045430 (gt 0.085085, kd 0.005776) | KL end 0.7531 path 1.0821 | rough FDE 968.8m
  epoch 047 | batch 500/4,475 (11.2%) | loss 0.0503 (gt 0.0922, kd 0.0084) | 7.3 it/s | elapsed 1.1 min | epoch ETA 9.1 min
  epoch 047 | batch 1,000/4,475 (22.3%) | loss 0.0504 (gt 0.0925, kd 0.0084) | 7.3 it/s | elapsed 2.3 min | epoch ETA 7.9 min
  epoch 047 | batch 1,500/4,475 (33.5%) | loss 0.0504 (gt 0.0924, kd 0.0084) | 7.3 it/s | elapsed 3.4 min | epoch ETA 6.8 min
  epoch 047 | batch 2,000/4,475 (44.7%) | loss 0.0503 (gt 0.0923, kd 0.0084) | 7.3 it/s | elapsed 4.6 min | epoch ETA 5.6 min
  epoch 047 | batch 2,500/4,475 (55.9%) | loss 0.0503 (gt 0.0923, kd 0.0084) | 7.3 it/s | elapsed 5.7 min | epoch ETA 4.5 min
  epoch 047 | batch 3,000/4,475 (67.0%) | loss 0.0504 (gt 0.0924, kd 0.0084) | 7.3 it/s | elapsed 6.8 min | epoch ETA 3.4 min
  epoch 047 | batch 3,500/4,475 (78.2%) | loss 0.0504 (gt 0.0924, kd 0.0084) | 7.3 it/s | elapsed 8.0 min | epoch ETA 2.2 min
  epoch 047 | batch 4,000/4,475 (89.4%) | loss 0.0504 (gt 0.0924, kd 0.0084) | 7.3 it/s | elapsed 9.1 min | epoch ETA 1.1 min
Epoch 047 | train 0.050365 (gt 0.092375, kd 0.008355) | val 0.045332 (gt 0.084981, kd 0.005682) | KL end 0.7352 path 1.0775 | rough FDE 963.5m
  epoch 048 | batch 500/4,475 (11.2%) | loss 0.0502 (gt 0.0922, kd 0.0083) | 7.3 it/s | elapsed 1.1 min | epoch ETA 9.0 min
  epoch 048 | batch 1,000/4,475 (22.3%) | loss 0.0502 (gt 0.0922, kd 0.0083) | 7.4 it/s | elapsed 2.3 min | epoch ETA 7.9 min
  epoch 048 | batch 1,500/4,475 (33.5%) | loss 0.0502 (gt 0.0922, kd 0.0083) | 7.4 it/s | elapsed 3.4 min | epoch ETA 6.7 min
  epoch 048 | batch 2,000/4,475 (44.7%) | loss 0.0503 (gt 0.0923, kd 0.0083) | 7.4 it/s | elapsed 4.5 min | epoch ETA 5.6 min
  epoch 048 | batch 2,500/4,475 (55.9%) | loss 0.0503 (gt 0.0923, kd 0.0083) | 7.4 it/s | elapsed 5.6 min | epoch ETA 4.4 min
  epoch 048 | batch 3,000/4,475 (67.0%) | loss 0.0502 (gt 0.0922, kd 0.0083) | 7.4 it/s | elapsed 6.8 min | epoch ETA 3.3 min
  epoch 048 | batch 3,500/4,475 (78.2%) | loss 0.0503 (gt 0.0923, kd 0.0082) | 7.4 it/s | elapsed 7.9 min | epoch ETA 2.2 min
  epoch 048 | batch 4,000/4,475 (89.4%) | loss 0.0503 (gt 0.0923, kd 0.0082) | 7.4 it/s | elapsed 9.0 min | epoch ETA 1.1 min
Epoch 048 | train 0.050253 (gt 0.092273, kd 0.008233) | val 0.045248 (gt 0.084891, kd 0.005606) | KL end 0.7358 path 1.0784 | rough FDE 965.7m
  epoch 049 | batch 500/4,475 (11.2%) | loss 0.0503 (gt 0.0924, kd 0.0081) | 7.4 it/s | elapsed 1.1 min | epoch ETA 9.0 min
  epoch 049 | batch 1,000/4,475 (22.3%) | loss 0.0502 (gt 0.0923, kd 0.0081) | 7.4 it/s | elapsed 2.3 min | epoch ETA 7.8 min
  epoch 049 | batch 1,500/4,475 (33.5%) | loss 0.0502 (gt 0.0923, kd 0.0081) | 7.4 it/s | elapsed 3.4 min | epoch ETA 6.7 min
  epoch 049 | batch 2,000/4,475 (44.7%) | loss 0.0501 (gt 0.0922, kd 0.0081) | 7.4 it/s | elapsed 4.5 min | epoch ETA 5.6 min
  epoch 049 | batch 2,500/4,475 (55.9%) | loss 0.0502 (gt 0.0922, kd 0.0081) | 7.4 it/s | elapsed 5.6 min | epoch ETA 4.5 min
  epoch 049 | batch 3,000/4,475 (67.0%) | loss 0.0502 (gt 0.0922, kd 0.0081) | 7.4 it/s | elapsed 6.8 min | epoch ETA 3.3 min
  epoch 049 | batch 3,500/4,475 (78.2%) | loss 0.0501 (gt 0.0922, kd 0.0081) | 7.4 it/s | elapsed 7.9 min | epoch ETA 2.2 min
  epoch 049 | batch 4,000/4,475 (89.4%) | loss 0.0501 (gt 0.0922, kd 0.0081) | 7.4 it/s | elapsed 9.0 min | epoch ETA 1.1 min
Epoch 049 | train 0.050154 (gt 0.092208, kd 0.008099) | val 0.045166 (gt 0.084798, kd 0.005533) | KL end 0.7193 path 1.0692 | rough FDE 959.6m
  epoch 050 | batch 500/4,475 (11.2%) | loss 0.0502 (gt 0.0922, kd 0.0081) | 7.3 it/s | elapsed 1.1 min | epoch ETA 9.1 min
  epoch 050 | batch 1,000/4,475 (22.3%) | loss 0.0500 (gt 0.0919, kd 0.0080) | 7.3 it/s | elapsed 2.3 min | epoch ETA 7.9 min
  epoch 050 | batch 1,500/4,475 (33.5%) | loss 0.0499 (gt 0.0919, kd 0.0080) | 7.3 it/s | elapsed 3.4 min | epoch ETA 6.8 min
  epoch 050 | batch 2,000/4,475 (44.7%) | loss 0.0499 (gt 0.0918, kd 0.0080) | 7.3 it/s | elapsed 4.5 min | epoch ETA 5.6 min
  epoch 050 | batch 2,500/4,475 (55.9%) | loss 0.0499 (gt 0.0918, kd 0.0080) | 7.3 it/s | elapsed 5.7 min | epoch ETA 4.5 min
  epoch 050 | batch 3,000/4,475 (67.0%) | loss 0.0500 (gt 0.0919, kd 0.0080) | 7.3 it/s | elapsed 6.8 min | epoch ETA 3.4 min
  epoch 050 | batch 3,500/4,475 (78.2%) | loss 0.0500 (gt 0.0919, kd 0.0080) | 7.3 it/s | elapsed 8.0 min | epoch ETA 2.2 min
  epoch 050 | batch 4,000/4,475 (89.4%) | loss 0.0500 (gt 0.0920, kd 0.0080) | 7.3 it/s | elapsed 9.1 min | epoch ETA 1.1 min
Epoch 050 | train 0.049983 (gt 0.091969, kd 0.007996) | val 0.045074 (gt 0.084682, kd 0.005465) | KL end 0.7105 path 1.0663 | rough FDE 956.4m | proper FDE 958.5m (teacher 820.8m)  ✓ best
  epoch 051 | batch 500/4,475 (11.2%) | loss 0.0500 (gt 0.0920, kd 0.0080) | 7.3 it/s | elapsed 1.1 min | epoch ETA 9.0 min
  epoch 051 | batch 1,000/4,475 (22.3%) | loss 0.0499 (gt 0.0919, kd 0.0080) | 7.3 it/s | elapsed 2.3 min | epoch ETA 7.9 min
  epoch 051 | batch 1,500/4,475 (33.5%) | loss 0.0499 (gt 0.0918, kd 0.0079) | 7.4 it/s | elapsed 3.4 min | epoch ETA 6.7 min
  epoch 051 | batch 2,000/4,475 (44.7%) | loss 0.0499 (gt 0.0919, kd 0.0079) | 7.4 it/s | elapsed 4.5 min | epoch ETA 5.6 min
  epoch 051 | batch 2,500/4,475 (55.9%) | loss 0.0499 (gt 0.0919, kd 0.0079) | 7.4 it/s | elapsed 5.7 min | epoch ETA 4.5 min
  epoch 051 | batch 3,000/4,475 (67.0%) | loss 0.0499 (gt 0.0919, kd 0.0079) | 7.4 it/s | elapsed 6.8 min | epoch ETA 3.3 min
  epoch 051 | batch 3,500/4,475 (78.2%) | loss 0.0499 (gt 0.0919, kd 0.0079) | 7.4 it/s | elapsed 7.9 min | epoch ETA 2.2 min
  epoch 051 | batch 4,000/4,475 (89.4%) | loss 0.0499 (gt 0.0919, kd 0.0079) | 7.4 it/s | elapsed 9.1 min | epoch ETA 1.1 min
Epoch 051 | train 0.049917 (gt 0.091932, kd 0.007902) | val 0.045011 (gt 0.084621, kd 0.005401) | KL end 0.6995 path 1.0629 | rough FDE 954.4m
  epoch 052 | batch 500/4,475 (11.2%) | loss 0.0498 (gt 0.0917, kd 0.0078) | 7.3 it/s | elapsed 1.1 min | epoch ETA 9.1 min
  epoch 052 | batch 1,000/4,475 (22.3%) | loss 0.0498 (gt 0.0917, kd 0.0078) | 7.3 it/s | elapsed 2.3 min | epoch ETA 7.9 min
  epoch 052 | batch 1,500/4,475 (33.5%) | loss 0.0498 (gt 0.0917, kd 0.0078) | 7.3 it/s | elapsed 3.4 min | epoch ETA 6.8 min
  epoch 052 | batch 2,000/4,475 (44.7%) | loss 0.0498 (gt 0.0918, kd 0.0078) | 7.3 it/s | elapsed 4.6 min | epoch ETA 5.6 min
  epoch 052 | batch 2,500/4,475 (55.9%) | loss 0.0498 (gt 0.0918, kd 0.0078) | 7.3 it/s | elapsed 5.7 min | epoch ETA 4.5 min
  epoch 052 | batch 3,000/4,475 (67.0%) | loss 0.0498 (gt 0.0917, kd 0.0078) | 7.4 it/s | elapsed 6.8 min | epoch ETA 3.3 min
  epoch 052 | batch 3,500/4,475 (78.2%) | loss 0.0498 (gt 0.0917, kd 0.0078) | 7.4 it/s | elapsed 7.9 min | epoch ETA 2.2 min
  epoch 052 | batch 4,000/4,475 (89.4%) | loss 0.0498 (gt 0.0917, kd 0.0078) | 7.4 it/s | elapsed 9.0 min | epoch ETA 1.1 min
Epoch 052 | train 0.049768 (gt 0.091734, kd 0.007802) | val 0.044969 (gt 0.084591, kd 0.005348) | KL end 0.7033 path 1.0693 | rough FDE 953.3m
  epoch 053 | batch 500/4,475 (11.2%) | loss 0.0500 (gt 0.0922, kd 0.0078) | 7.3 it/s | elapsed 1.1 min | epoch ETA 9.0 min
  epoch 053 | batch 1,000/4,475 (22.3%) | loss 0.0498 (gt 0.0920, kd 0.0077) | 7.4 it/s | elapsed 2.3 min | epoch ETA 7.9 min
  epoch 053 | batch 1,500/4,475 (33.5%) | loss 0.0498 (gt 0.0919, kd 0.0077) | 7.4 it/s | elapsed 3.4 min | epoch ETA 6.7 min
  epoch 053 | batch 2,000/4,475 (44.7%) | loss 0.0497 (gt 0.0918, kd 0.0077) | 7.4 it/s | elapsed 4.5 min | epoch ETA 5.6 min
  epoch 053 | batch 2,500/4,475 (55.9%) | loss 0.0497 (gt 0.0918, kd 0.0077) | 7.4 it/s | elapsed 5.6 min | epoch ETA 4.5 min
  epoch 053 | batch 3,000/4,475 (67.0%) | loss 0.0497 (gt 0.0917, kd 0.0077) | 7.4 it/s | elapsed 6.8 min | epoch ETA 3.3 min
  epoch 053 | batch 3,500/4,475 (78.2%) | loss 0.0497 (gt 0.0917, kd 0.0077) | 7.4 it/s | elapsed 7.9 min | epoch ETA 2.2 min
  epoch 053 | batch 4,000/4,475 (89.4%) | loss 0.0497 (gt 0.0917, kd 0.0077) | 7.4 it/s | elapsed 9.0 min | epoch ETA 1.1 min
Epoch 053 | train 0.049695 (gt 0.091693, kd 0.007696) | val 0.044918 (gt 0.084548, kd 0.005289) | KL end 0.7089 path 1.0776 | rough FDE 953.7m
  epoch 054 | batch 500/4,475 (11.2%) | loss 0.0495 (gt 0.0914, kd 0.0076) | 7.4 it/s | elapsed 1.1 min | epoch ETA 9.0 min
  epoch 054 | batch 1,000/4,475 (22.3%) | loss 0.0495 (gt 0.0914, kd 0.0076) | 7.4 it/s | elapsed 2.3 min | epoch ETA 7.8 min
  epoch 054 | batch 1,500/4,475 (33.5%) | loss 0.0495 (gt 0.0914, kd 0.0076) | 7.4 it/s | elapsed 3.4 min | epoch ETA 6.7 min
  epoch 054 | batch 2,000/4,475 (44.7%) | loss 0.0496 (gt 0.0916, kd 0.0076) | 7.4 it/s | elapsed 4.5 min | epoch ETA 5.6 min
  epoch 054 | batch 2,500/4,475 (55.9%) | loss 0.0496 (gt 0.0916, kd 0.0076) | 7.4 it/s | elapsed 5.6 min | epoch ETA 4.4 min
  epoch 054 | batch 3,000/4,475 (67.0%) | loss 0.0496 (gt 0.0915, kd 0.0076) | 7.4 it/s | elapsed 6.7 min | epoch ETA 3.3 min
  epoch 054 | batch 3,500/4,475 (78.2%) | loss 0.0496 (gt 0.0915, kd 0.0076) | 7.4 it/s | elapsed 7.9 min | epoch ETA 2.2 min
  epoch 054 | batch 4,000/4,475 (89.4%) | loss 0.0496 (gt 0.0915, kd 0.0076) | 7.4 it/s | elapsed 9.0 min | epoch ETA 1.1 min
Epoch 054 | train 0.049560 (gt 0.091525, kd 0.007594) | val 0.044854 (gt 0.084479, kd 0.005229) | KL end 0.7165 path 1.0840 | rough FDE 950.3m
  epoch 055 | batch 500/4,475 (11.2%) | loss 0.0495 (gt 0.0915, kd 0.0076) | 7.3 it/s | elapsed 1.1 min | epoch ETA 9.0 min
  epoch 055 | batch 1,000/4,475 (22.3%) | loss 0.0493 (gt 0.0911, kd 0.0075) | 7.4 it/s | elapsed 2.3 min | epoch ETA 7.9 min
  epoch 055 | batch 1,500/4,475 (33.5%) | loss 0.0494 (gt 0.0913, kd 0.0075) | 7.4 it/s | elapsed 3.4 min | epoch ETA 6.7 min
  epoch 055 | batch 2,000/4,475 (44.7%) | loss 0.0495 (gt 0.0914, kd 0.0075) | 7.4 it/s | elapsed 4.5 min | epoch ETA 5.6 min
  epoch 055 | batch 2,500/4,475 (55.9%) | loss 0.0495 (gt 0.0914, kd 0.0075) | 7.4 it/s | elapsed 5.6 min | epoch ETA 4.5 min
  epoch 055 | batch 3,000/4,475 (67.0%) | loss 0.0494 (gt 0.0914, kd 0.0075) | 7.4 it/s | elapsed 6.8 min | epoch ETA 3.3 min
  epoch 055 | batch 3,500/4,475 (78.2%) | loss 0.0494 (gt 0.0913, kd 0.0075) | 7.4 it/s | elapsed 7.9 min | epoch ETA 2.2 min
  epoch 055 | batch 4,000/4,475 (89.4%) | loss 0.0494 (gt 0.0914, kd 0.0075) | 7.4 it/s | elapsed 9.0 min | epoch ETA 1.1 min
Epoch 055 | train 0.049402 (gt 0.091320, kd 0.007485) | val 0.044803 (gt 0.084432, kd 0.005174) | KL end 0.6869 path 1.0667 | rough FDE 944.3m | proper FDE 946.5m (teacher 820.8m)  ✓ best
  epoch 056 | batch 500/4,475 (11.2%) | loss 0.0494 (gt 0.0914, kd 0.0074) | 7.3 it/s | elapsed 1.1 min | epoch ETA 9.0 min
  epoch 056 | batch 1,000/4,475 (22.3%) | loss 0.0494 (gt 0.0915, kd 0.0074) | 7.4 it/s | elapsed 2.3 min | epoch ETA 7.9 min
  epoch 056 | batch 1,500/4,475 (33.5%) | loss 0.0494 (gt 0.0914, kd 0.0074) | 7.4 it/s | elapsed 3.4 min | epoch ETA 6.7 min
  epoch 056 | batch 2,000/4,475 (44.7%) | loss 0.0494 (gt 0.0914, kd 0.0074) | 7.4 it/s | elapsed 4.5 min | epoch ETA 5.6 min
  epoch 056 | batch 2,500/4,475 (55.9%) | loss 0.0494 (gt 0.0914, kd 0.0074) | 7.4 it/s | elapsed 5.6 min | epoch ETA 4.5 min
  epoch 056 | batch 3,000/4,475 (67.0%) | loss 0.0494 (gt 0.0914, kd 0.0074) | 7.4 it/s | elapsed 6.8 min | epoch ETA 3.3 min
  epoch 056 | batch 3,500/4,475 (78.2%) | loss 0.0494 (gt 0.0913, kd 0.0074) | 7.4 it/s | elapsed 7.9 min | epoch ETA 2.2 min
  epoch 056 | batch 4,000/4,475 (89.4%) | loss 0.0493 (gt 0.0913, kd 0.0074) | 7.4 it/s | elapsed 9.0 min | epoch ETA 1.1 min
Epoch 056 | train 0.049313 (gt 0.091235, kd 0.007392) | val 0.044742 (gt 0.084360, kd 0.005124) | KL end 0.6728 path 1.0562 | rough FDE 940.8m
  epoch 057 | batch 500/4,475 (11.2%) | loss 0.0494 (gt 0.0914, kd 0.0073) | 7.3 it/s | elapsed 1.1 min | epoch ETA 9.1 min
  epoch 057 | batch 1,000/4,475 (22.3%) | loss 0.0494 (gt 0.0914, kd 0.0073) | 7.4 it/s | elapsed 2.3 min | epoch ETA 7.9 min
  epoch 057 | batch 1,500/4,475 (33.5%) | loss 0.0494 (gt 0.0915, kd 0.0073) | 7.4 it/s | elapsed 3.4 min | epoch ETA 6.7 min
  epoch 057 | batch 2,000/4,475 (44.7%) | loss 0.0494 (gt 0.0914, kd 0.0073) | 7.4 it/s | elapsed 4.5 min | epoch ETA 5.6 min
  epoch 057 | batch 2,500/4,475 (55.9%) | loss 0.0493 (gt 0.0914, kd 0.0073) | 7.4 it/s | elapsed 5.6 min | epoch ETA 4.5 min
  epoch 057 | batch 3,000/4,475 (67.0%) | loss 0.0493 (gt 0.0913, kd 0.0073) | 7.4 it/s | elapsed 6.8 min | epoch ETA 3.3 min
  epoch 057 | batch 3,500/4,475 (78.2%) | loss 0.0493 (gt 0.0912, kd 0.0073) | 7.4 it/s | elapsed 7.9 min | epoch ETA 2.2 min
  epoch 057 | batch 4,000/4,475 (89.4%) | loss 0.0493 (gt 0.0912, kd 0.0073) | 7.4 it/s | elapsed 9.0 min | epoch ETA 1.1 min
Epoch 057 | train 0.049280 (gt 0.091251, kd 0.007309) | val 0.044688 (gt 0.084299, kd 0.005077) | KL end 0.6740 path 1.0569 | rough FDE 942.5m
  epoch 058 | batch 500/4,475 (11.2%) | loss 0.0490 (gt 0.0908, kd 0.0072) | 7.3 it/s | elapsed 1.1 min | epoch ETA 9.1 min
  epoch 058 | batch 1,000/4,475 (22.3%) | loss 0.0491 (gt 0.0909, kd 0.0072) | 7.3 it/s | elapsed 2.3 min | epoch ETA 8.0 min
  epoch 058 | batch 1,500/4,475 (33.5%) | loss 0.0491 (gt 0.0910, kd 0.0072) | 7.3 it/s | elapsed 3.4 min | epoch ETA 6.8 min
  epoch 058 | batch 2,000/4,475 (44.7%) | loss 0.0491 (gt 0.0910, kd 0.0072) | 7.3 it/s | elapsed 4.6 min | epoch ETA 5.7 min
  epoch 058 | batch 2,500/4,475 (55.9%) | loss 0.0491 (gt 0.0910, kd 0.0072) | 7.3 it/s | elapsed 5.7 min | epoch ETA 4.5 min
  epoch 058 | batch 3,000/4,475 (67.0%) | loss 0.0492 (gt 0.0911, kd 0.0072) | 7.3 it/s | elapsed 6.9 min | epoch ETA 3.4 min
  epoch 058 | batch 3,500/4,475 (78.2%) | loss 0.0492 (gt 0.0911, kd 0.0072) | 7.3 it/s | elapsed 8.0 min | epoch ETA 2.2 min
  epoch 058 | batch 4,000/4,475 (89.4%) | loss 0.0491 (gt 0.0911, kd 0.0072) | 7.3 it/s | elapsed 9.1 min | epoch ETA 1.1 min
Epoch 058 | train 0.049149 (gt 0.091073, kd 0.007225) | val 0.044622 (gt 0.084222, kd 0.005022) | KL end 0.6900 path 1.0665 | rough FDE 944.3m
  epoch 059 | batch 500/4,475 (11.2%) | loss 0.0491 (gt 0.0911, kd 0.0072) | 7.4 it/s | elapsed 1.1 min | epoch ETA 9.0 min
  epoch 059 | batch 1,000/4,475 (22.3%) | loss 0.0491 (gt 0.0911, kd 0.0072) | 7.4 it/s | elapsed 2.3 min | epoch ETA 7.9 min
  epoch 059 | batch 1,500/4,475 (33.5%) | loss 0.0490 (gt 0.0908, kd 0.0071) | 7.4 it/s | elapsed 3.4 min | epoch ETA 6.7 min
  epoch 059 | batch 2,000/4,475 (44.7%) | loss 0.0490 (gt 0.0909, kd 0.0071) | 7.4 it/s | elapsed 4.5 min | epoch ETA 5.6 min
  epoch 059 | batch 2,500/4,475 (55.9%) | loss 0.0491 (gt 0.0910, kd 0.0072) | 7.4 it/s | elapsed 5.7 min | epoch ETA 4.5 min
  epoch 059 | batch 3,000/4,475 (67.0%) | loss 0.0491 (gt 0.0910, kd 0.0072) | 7.4 it/s | elapsed 6.8 min | epoch ETA 3.3 min
  epoch 059 | batch 3,500/4,475 (78.2%) | loss 0.0491 (gt 0.0910, kd 0.0072) | 7.4 it/s | elapsed 7.9 min | epoch ETA 2.2 min
  epoch 059 | batch 4,000/4,475 (89.4%) | loss 0.0491 (gt 0.0910, kd 0.0072) | 7.4 it/s | elapsed 9.0 min | epoch ETA 1.1 min
Epoch 059 | train 0.049092 (gt 0.091030, kd 0.007153) | val 0.044572 (gt 0.084171, kd 0.004973) | KL end 0.6692 path 1.0501 | rough FDE 940.5m
  epoch 060 | batch 500/4,475 (11.2%) | loss 0.0491 (gt 0.0912, kd 0.0070) | 7.4 it/s | elapsed 1.1 min | epoch ETA 9.0 min
  epoch 060 | batch 1,000/4,475 (22.3%) | loss 0.0490 (gt 0.0909, kd 0.0070) | 7.4 it/s | elapsed 2.3 min | epoch ETA 7.9 min
  epoch 060 | batch 1,500/4,475 (33.5%) | loss 0.0490 (gt 0.0909, kd 0.0070) | 7.4 it/s | elapsed 3.4 min | epoch ETA 6.7 min
  epoch 060 | batch 2,000/4,475 (44.7%) | loss 0.0490 (gt 0.0909, kd 0.0070) | 7.4 it/s | elapsed 4.5 min | epoch ETA 5.6 min
  epoch 060 | batch 2,500/4,475 (55.9%) | loss 0.0490 (gt 0.0909, kd 0.0070) | 7.4 it/s | elapsed 5.6 min | epoch ETA 4.4 min
  epoch 060 | batch 3,000/4,475 (67.0%) | loss 0.0490 (gt 0.0909, kd 0.0070) | 7.4 it/s | elapsed 6.8 min | epoch ETA 3.3 min
  epoch 060 | batch 3,500/4,475 (78.2%) | loss 0.0490 (gt 0.0909, kd 0.0070) | 7.4 it/s | elapsed 7.9 min | epoch ETA 2.2 min
  epoch 060 | batch 4,000/4,475 (89.4%) | loss 0.0490 (gt 0.0909, kd 0.0070) | 7.4 it/s | elapsed 9.0 min | epoch ETA 1.1 min
Epoch 060 | train 0.049002 (gt 0.090955, kd 0.007050) | val 0.044515 (gt 0.084102, kd 0.004928) | KL end 0.6629 path 1.0452 | rough FDE 939.2m | proper FDE 938.9m (teacher 820.8m)  ✓ best
  epoch 061 | batch 500/4,475 (11.2%) | loss 0.0489 (gt 0.0908, kd 0.0070) | 7.3 it/s | elapsed 1.1 min | epoch ETA 9.0 min
  epoch 061 | batch 1,000/4,475 (22.3%) | loss 0.0489 (gt 0.0908, kd 0.0070) | 7.4 it/s | elapsed 2.3 min | epoch ETA 7.9 min
  epoch 061 | batch 1,500/4,475 (33.5%) | loss 0.0489 (gt 0.0908, kd 0.0070) | 7.4 it/s | elapsed 3.4 min | epoch ETA 6.7 min
  epoch 061 | batch 2,000/4,475 (44.7%) | loss 0.0489 (gt 0.0908, kd 0.0070) | 7.4 it/s | elapsed 4.5 min | epoch ETA 5.6 min
  epoch 061 | batch 2,500/4,475 (55.9%) | loss 0.0489 (gt 0.0908, kd 0.0070) | 7.4 it/s | elapsed 5.6 min | epoch ETA 4.5 min
  epoch 061 | batch 3,000/4,475 (67.0%) | loss 0.0489 (gt 0.0908, kd 0.0070) | 7.4 it/s | elapsed 6.8 min | epoch ETA 3.3 min
  epoch 061 | batch 3,500/4,475 (78.2%) | loss 0.0489 (gt 0.0909, kd 0.0070) | 7.4 it/s | elapsed 7.9 min | epoch ETA 2.2 min
  epoch 061 | batch 4,000/4,475 (89.4%) | loss 0.0489 (gt 0.0909, kd 0.0070) | 7.4 it/s | elapsed 9.0 min | epoch ETA 1.1 min
Epoch 061 | train 0.048908 (gt 0.090840, kd 0.006977) | val 0.044474 (gt 0.084059, kd 0.004889) | KL end 0.6469 path 1.0419 | rough FDE 939.0m
  epoch 062 | batch 500/4,475 (11.2%) | loss 0.0488 (gt 0.0906, kd 0.0069) | 7.3 it/s | elapsed 1.1 min | epoch ETA 9.1 min
  epoch 062 | batch 1,000/4,475 (22.3%) | loss 0.0488 (gt 0.0906, kd 0.0069) | 7.3 it/s | elapsed 2.3 min | epoch ETA 8.0 min
  epoch 062 | batch 1,500/4,475 (33.5%) | loss 0.0487 (gt 0.0906, kd 0.0069) | 7.3 it/s | elapsed 3.4 min | epoch ETA 6.8 min
  epoch 062 | batch 2,000/4,475 (44.7%) | loss 0.0488 (gt 0.0906, kd 0.0069) | 7.3 it/s | elapsed 4.6 min | epoch ETA 5.7 min
  epoch 062 | batch 2,500/4,475 (55.9%) | loss 0.0488 (gt 0.0907, kd 0.0069) | 7.3 it/s | elapsed 5.7 min | epoch ETA 4.5 min
  epoch 062 | batch 3,000/4,475 (67.0%) | loss 0.0488 (gt 0.0907, kd 0.0069) | 7.3 it/s | elapsed 6.8 min | epoch ETA 3.4 min
  epoch 062 | batch 3,500/4,475 (78.2%) | loss 0.0488 (gt 0.0907, kd 0.0069) | 7.3 it/s | elapsed 8.0 min | epoch ETA 2.2 min
  epoch 062 | batch 4,000/4,475 (89.4%) | loss 0.0488 (gt 0.0907, kd 0.0069) | 7.3 it/s | elapsed 9.1 min | epoch ETA 1.1 min
Epoch 062 | train 0.048774 (gt 0.090650, kd 0.006898) | val 0.044423 (gt 0.084000, kd 0.004845) | KL end 0.6638 path 1.0603 | rough FDE 938.0m
  epoch 063 | batch 500/4,475 (11.2%) | loss 0.0489 (gt 0.0910, kd 0.0068) | 7.3 it/s | elapsed 1.1 min | epoch ETA 9.1 min
  epoch 063 | batch 1,000/4,475 (22.3%) | loss 0.0489 (gt 0.0909, kd 0.0068) | 7.3 it/s | elapsed 2.3 min | epoch ETA 8.0 min
  epoch 063 | batch 1,500/4,475 (33.5%) | loss 0.0488 (gt 0.0907, kd 0.0068) | 7.3 it/s | elapsed 3.4 min | epoch ETA 6.8 min
  epoch 063 | batch 2,000/4,475 (44.7%) | loss 0.0488 (gt 0.0907, kd 0.0068) | 7.3 it/s | elapsed 4.6 min | epoch ETA 5.6 min
  epoch 063 | batch 2,500/4,475 (55.9%) | loss 0.0488 (gt 0.0908, kd 0.0068) | 7.3 it/s | elapsed 5.7 min | epoch ETA 4.5 min
  epoch 063 | batch 3,000/4,475 (67.0%) | loss 0.0488 (gt 0.0908, kd 0.0068) | 7.4 it/s | elapsed 6.8 min | epoch ETA 3.3 min
  epoch 063 | batch 3,500/4,475 (78.2%) | loss 0.0488 (gt 0.0907, kd 0.0068) | 7.4 it/s | elapsed 7.9 min | epoch ETA 2.2 min
  epoch 063 | batch 4,000/4,475 (89.4%) | loss 0.0488 (gt 0.0907, kd 0.0068) | 7.4 it/s | elapsed 9.0 min | epoch ETA 1.1 min
Epoch 063 | train 0.048744 (gt 0.090663, kd 0.006825) | val 0.044380 (gt 0.083956, kd 0.004805) | KL end 0.6743 path 1.0754 | rough FDE 936.5m
  epoch 064 | batch 500/4,475 (11.2%) | loss 0.0487 (gt 0.0907, kd 0.0067) | 7.4 it/s | elapsed 1.1 min | epoch ETA 9.0 min
  epoch 064 | batch 1,000/4,475 (22.3%) | loss 0.0487 (gt 0.0906, kd 0.0068) | 7.4 it/s | elapsed 2.2 min | epoch ETA 7.8 min
  epoch 064 | batch 1,500/4,475 (33.5%) | loss 0.0486 (gt 0.0904, kd 0.0067) | 7.4 it/s | elapsed 3.4 min | epoch ETA 6.7 min
  epoch 064 | batch 2,000/4,475 (44.7%) | loss 0.0486 (gt 0.0904, kd 0.0067) | 7.4 it/s | elapsed 4.5 min | epoch ETA 5.6 min
  epoch 064 | batch 2,500/4,475 (55.9%) | loss 0.0486 (gt 0.0905, kd 0.0067) | 7.4 it/s | elapsed 5.6 min | epoch ETA 4.4 min
  epoch 064 | batch 3,000/4,475 (67.0%) | loss 0.0486 (gt 0.0905, kd 0.0067) | 7.4 it/s | elapsed 6.7 min | epoch ETA 3.3 min
  epoch 064 | batch 3,500/4,475 (78.2%) | loss 0.0486 (gt 0.0905, kd 0.0067) | 7.4 it/s | elapsed 7.9 min | epoch ETA 2.2 min
  epoch 064 | batch 4,000/4,475 (89.4%) | loss 0.0486 (gt 0.0905, kd 0.0067) | 7.4 it/s | elapsed 9.0 min | epoch ETA 1.1 min
Epoch 064 | train 0.048629 (gt 0.090518, kd 0.006740) | val 0.044347 (gt 0.083923, kd 0.004771) | KL end 0.6916 path 1.0770 | rough FDE 935.2m
  epoch 065 | batch 500/4,475 (11.2%) | loss 0.0483 (gt 0.0901, kd 0.0066) | 7.3 it/s | elapsed 1.1 min | epoch ETA 9.0 min
  epoch 065 | batch 1,000/4,475 (22.3%) | loss 0.0485 (gt 0.0902, kd 0.0067) | 7.4 it/s | elapsed 2.3 min | epoch ETA 7.8 min
  epoch 065 | batch 1,500/4,475 (33.5%) | loss 0.0485 (gt 0.0903, kd 0.0067) | 7.4 it/s | elapsed 3.4 min | epoch ETA 6.7 min
  epoch 065 | batch 2,000/4,475 (44.7%) | loss 0.0485 (gt 0.0904, kd 0.0067) | 7.4 it/s | elapsed 4.5 min | epoch ETA 5.6 min
  epoch 065 | batch 2,500/4,475 (55.9%) | loss 0.0485 (gt 0.0903, kd 0.0067) | 7.4 it/s | elapsed 5.6 min | epoch ETA 4.4 min
  epoch 065 | batch 3,000/4,475 (67.0%) | loss 0.0485 (gt 0.0904, kd 0.0067) | 7.4 it/s | elapsed 6.7 min | epoch ETA 3.3 min
  epoch 065 | batch 3,500/4,475 (78.2%) | loss 0.0485 (gt 0.0904, kd 0.0067) | 7.4 it/s | elapsed 7.9 min | epoch ETA 2.2 min
  epoch 065 | batch 4,000/4,475 (89.4%) | loss 0.0485 (gt 0.0904, kd 0.0067) | 7.4 it/s | elapsed 9.0 min | epoch ETA 1.1 min
Epoch 065 | train 0.048552 (gt 0.090429, kd 0.006675) | val 0.044308 (gt 0.083872, kd 0.004743) | KL end 0.7098 path 1.0804 | rough FDE 931.4m | proper FDE 925.1m (teacher 820.8m)  ✓ best
  epoch 066 | batch 500/4,475 (11.2%) | loss 0.0483 (gt 0.0900, kd 0.0066) | 7.2 it/s | elapsed 1.2 min | epoch ETA 9.2 min
  epoch 066 | batch 1,000/4,475 (22.3%) | loss 0.0483 (gt 0.0900, kd 0.0066) | 7.3 it/s | elapsed 2.3 min | epoch ETA 8.0 min
  epoch 066 | batch 1,500/4,475 (33.5%) | loss 0.0484 (gt 0.0902, kd 0.0066) | 7.3 it/s | elapsed 3.4 min | epoch ETA 6.8 min
  epoch 066 | batch 2,000/4,475 (44.7%) | loss 0.0485 (gt 0.0903, kd 0.0066) | 7.3 it/s | elapsed 4.5 min | epoch ETA 5.6 min
  epoch 066 | batch 2,500/4,475 (55.9%) | loss 0.0485 (gt 0.0904, kd 0.0066) | 7.4 it/s | elapsed 5.7 min | epoch ETA 4.5 min
  epoch 066 | batch 3,000/4,475 (67.0%) | loss 0.0485 (gt 0.0904, kd 0.0066) | 7.4 it/s | elapsed 6.8 min | epoch ETA 3.3 min
  epoch 066 | batch 3,500/4,475 (78.2%) | loss 0.0485 (gt 0.0903, kd 0.0066) | 7.4 it/s | elapsed 7.9 min | epoch ETA 2.2 min
  epoch 066 | batch 4,000/4,475 (89.4%) | loss 0.0485 (gt 0.0904, kd 0.0066) | 7.4 it/s | elapsed 9.0 min | epoch ETA 1.1 min
Epoch 066 | train 0.048482 (gt 0.090364, kd 0.006599) | val 0.044274 (gt 0.083835, kd 0.004713) | KL end 0.7527 path 1.1080 | rough FDE 931.7m
  epoch 067 | batch 500/4,475 (11.2%) | loss 0.0483 (gt 0.0902, kd 0.0065) | 7.3 it/s | elapsed 1.1 min | epoch ETA 9.1 min
  epoch 067 | batch 1,000/4,475 (22.3%) | loss 0.0484 (gt 0.0904, kd 0.0065) | 7.3 it/s | elapsed 2.3 min | epoch ETA 7.9 min
  epoch 067 | batch 1,500/4,475 (33.5%) | loss 0.0484 (gt 0.0903, kd 0.0065) | 7.3 it/s | elapsed 3.4 min | epoch ETA 6.8 min
  epoch 067 | batch 2,000/4,475 (44.7%) | loss 0.0485 (gt 0.0904, kd 0.0065) | 7.3 it/s | elapsed 4.6 min | epoch ETA 5.6 min
  epoch 067 | batch 2,500/4,475 (55.9%) | loss 0.0485 (gt 0.0905, kd 0.0065) | 7.3 it/s | elapsed 5.7 min | epoch ETA 4.5 min
  epoch 067 | batch 3,000/4,475 (67.0%) | loss 0.0485 (gt 0.0905, kd 0.0066) | 7.3 it/s | elapsed 6.8 min | epoch ETA 3.4 min
  epoch 067 | batch 3,500/4,475 (78.2%) | loss 0.0485 (gt 0.0904, kd 0.0065) | 7.3 it/s | elapsed 8.0 min | epoch ETA 2.2 min
  epoch 067 | batch 4,000/4,475 (89.4%) | loss 0.0485 (gt 0.0904, kd 0.0066) | 7.3 it/s | elapsed 9.1 min | epoch ETA 1.1 min
Epoch 067 | train 0.048456 (gt 0.090366, kd 0.006547) | val 0.044253 (gt 0.083818, kd 0.004688) | KL end 0.7155 path 1.0929 | rough FDE 923.9m
  epoch 068 | batch 500/4,475 (11.2%) | loss 0.0485 (gt 0.0905, kd 0.0065) | 7.3 it/s | elapsed 1.1 min | epoch ETA 9.1 min
  epoch 068 | batch 1,000/4,475 (22.3%) | loss 0.0485 (gt 0.0906, kd 0.0065) | 7.3 it/s | elapsed 2.3 min | epoch ETA 7.9 min
  epoch 068 | batch 1,500/4,475 (33.5%) | loss 0.0485 (gt 0.0904, kd 0.0065) | 7.3 it/s | elapsed 3.4 min | epoch ETA 6.8 min
  epoch 068 | batch 2,000/4,475 (44.7%) | loss 0.0484 (gt 0.0904, kd 0.0065) | 7.3 it/s | elapsed 4.6 min | epoch ETA 5.6 min
  epoch 068 | batch 2,500/4,475 (55.9%) | loss 0.0484 (gt 0.0903, kd 0.0065) | 7.3 it/s | elapsed 5.7 min | epoch ETA 4.5 min
  epoch 068 | batch 3,000/4,475 (67.0%) | loss 0.0484 (gt 0.0903, kd 0.0065) | 7.3 it/s | elapsed 6.8 min | epoch ETA 3.4 min
  epoch 068 | batch 3,500/4,475 (78.2%) | loss 0.0484 (gt 0.0903, kd 0.0065) | 7.3 it/s | elapsed 8.0 min | epoch ETA 2.2 min
  epoch 068 | batch 4,000/4,475 (89.4%) | loss 0.0484 (gt 0.0902, kd 0.0065) | 7.3 it/s | elapsed 9.1 min | epoch ETA 1.1 min
Epoch 068 | train 0.048359 (gt 0.090248, kd 0.006470) | val 0.044218 (gt 0.083772, kd 0.004664) | KL end 0.7228 path 1.0959 | rough FDE 925.5m
  epoch 069 | batch 500/4,475 (11.2%) | loss 0.0484 (gt 0.0904, kd 0.0065) | 7.3 it/s | elapsed 1.1 min | epoch ETA 9.1 min
  epoch 069 | batch 1,000/4,475 (22.3%) | loss 0.0484 (gt 0.0903, kd 0.0064) | 7.3 it/s | elapsed 2.3 min | epoch ETA 8.0 min
  epoch 069 | batch 1,500/4,475 (33.5%) | loss 0.0483 (gt 0.0902, kd 0.0064) | 7.3 it/s | elapsed 3.4 min | epoch ETA 6.8 min
  epoch 069 | batch 2,000/4,475 (44.7%) | loss 0.0483 (gt 0.0902, kd 0.0064) | 7.3 it/s | elapsed 4.6 min | epoch ETA 5.7 min
  epoch 069 | batch 2,500/4,475 (55.9%) | loss 0.0483 (gt 0.0902, kd 0.0064) | 7.3 it/s | elapsed 5.7 min | epoch ETA 4.5 min
  epoch 069 | batch 3,000/4,475 (67.0%) | loss 0.0483 (gt 0.0901, kd 0.0064) | 7.3 it/s | elapsed 6.8 min | epoch ETA 3.4 min
  epoch 069 | batch 3,500/4,475 (78.2%) | loss 0.0483 (gt 0.0901, kd 0.0064) | 7.3 it/s | elapsed 8.0 min | epoch ETA 2.2 min
  epoch 069 | batch 4,000/4,475 (89.4%) | loss 0.0483 (gt 0.0901, kd 0.0064) | 7.3 it/s | elapsed 9.1 min | epoch ETA 1.1 min
Epoch 069 | train 0.048274 (gt 0.090144, kd 0.006405) | val 0.044184 (gt 0.083730, kd 0.004639) | KL end 0.7328 path 1.1066 | rough FDE 922.1m
  epoch 070 | batch 500/4,475 (11.2%) | loss 0.0481 (gt 0.0898, kd 0.0063) | 7.3 it/s | elapsed 1.1 min | epoch ETA 9.0 min
  epoch 070 | batch 1,000/4,475 (22.3%) | loss 0.0481 (gt 0.0899, kd 0.0063) | 7.4 it/s | elapsed 2.3 min | epoch ETA 7.9 min
  epoch 070 | batch 1,500/4,475 (33.5%) | loss 0.0482 (gt 0.0900, kd 0.0063) | 7.4 it/s | elapsed 3.4 min | epoch ETA 6.7 min
  epoch 070 | batch 2,000/4,475 (44.7%) | loss 0.0482 (gt 0.0900, kd 0.0063) | 7.4 it/s | elapsed 4.5 min | epoch ETA 5.6 min
  epoch 070 | batch 2,500/4,475 (55.9%) | loss 0.0482 (gt 0.0901, kd 0.0063) | 7.4 it/s | elapsed 5.7 min | epoch ETA 4.5 min
  epoch 070 | batch 3,000/4,475 (67.0%) | loss 0.0482 (gt 0.0901, kd 0.0063) | 7.4 it/s | elapsed 6.8 min | epoch ETA 3.3 min
  epoch 070 | batch 3,500/4,475 (78.2%) | loss 0.0482 (gt 0.0901, kd 0.0063) | 7.4 it/s | elapsed 7.9 min | epoch ETA 2.2 min
  epoch 070 | batch 4,000/4,475 (89.4%) | loss 0.0482 (gt 0.0901, kd 0.0063) | 7.4 it/s | elapsed 9.0 min | epoch ETA 1.1 min
Epoch 070 | train 0.048237 (gt 0.090126, kd 0.006347) | val 0.044156 (gt 0.083695, kd 0.004617) | KL end 0.7113 path 1.0942 | rough FDE 921.8m | proper FDE 919.7m (teacher 820.8m)  ✓ best
  epoch 071 | batch 500/4,475 (11.2%) | loss 0.0483 (gt 0.0902, kd 0.0063) | 7.4 it/s | elapsed 1.1 min | epoch ETA 9.0 min
  epoch 071 | batch 1,000/4,475 (22.3%) | loss 0.0482 (gt 0.0901, kd 0.0063) | 7.4 it/s | elapsed 2.3 min | epoch ETA 7.8 min
  epoch 071 | batch 1,500/4,475 (33.5%) | loss 0.0482 (gt 0.0901, kd 0.0063) | 7.4 it/s | elapsed 3.4 min | epoch ETA 6.7 min
  epoch 071 | batch 2,000/4,475 (44.7%) | loss 0.0482 (gt 0.0901, kd 0.0063) | 7.4 it/s | elapsed 4.5 min | epoch ETA 5.6 min
  epoch 071 | batch 2,500/4,475 (55.9%) | loss 0.0482 (gt 0.0900, kd 0.0063) | 7.4 it/s | elapsed 5.6 min | epoch ETA 4.4 min
  epoch 071 | batch 3,000/4,475 (67.0%) | loss 0.0482 (gt 0.0900, kd 0.0063) | 7.4 it/s | elapsed 6.8 min | epoch ETA 3.3 min
  epoch 071 | batch 3,500/4,475 (78.2%) | loss 0.0481 (gt 0.0900, kd 0.0063) | 7.4 it/s | elapsed 7.9 min | epoch ETA 2.2 min
  epoch 071 | batch 4,000/4,475 (89.4%) | loss 0.0481 (gt 0.0900, kd 0.0063) | 7.4 it/s | elapsed 9.0 min | epoch ETA 1.1 min
Epoch 071 | train 0.048156 (gt 0.090032, kd 0.006280) | val 0.044121 (gt 0.083651, kd 0.004592) | KL end 0.6634 path 1.0755 | rough FDE 917.0m
  epoch 072 | batch 500/4,475 (11.2%) | loss 0.0481 (gt 0.0900, kd 0.0062) | 7.3 it/s | elapsed 1.1 min | epoch ETA 9.0 min
  epoch 072 | batch 1,000/4,475 (22.3%) | loss 0.0482 (gt 0.0901, kd 0.0062) | 7.4 it/s | elapsed 2.3 min | epoch ETA 7.8 min
  epoch 072 | batch 1,500/4,475 (33.5%) | loss 0.0482 (gt 0.0901, kd 0.0062) | 7.4 it/s | elapsed 3.4 min | epoch ETA 6.7 min
  epoch 072 | batch 2,000/4,475 (44.7%) | loss 0.0482 (gt 0.0902, kd 0.0062) | 7.4 it/s | elapsed 4.5 min | epoch ETA 5.6 min
  epoch 072 | batch 2,500/4,475 (55.9%) | loss 0.0482 (gt 0.0901, kd 0.0062) | 7.4 it/s | elapsed 5.6 min | epoch ETA 4.4 min
  epoch 072 | batch 3,000/4,475 (67.0%) | loss 0.0481 (gt 0.0901, kd 0.0062) | 7.4 it/s | elapsed 6.7 min | epoch ETA 3.3 min
  epoch 072 | batch 3,500/4,475 (78.2%) | loss 0.0481 (gt 0.0900, kd 0.0062) | 7.4 it/s | elapsed 7.9 min | epoch ETA 2.2 min
  epoch 072 | batch 4,000/4,475 (89.4%) | loss 0.0481 (gt 0.0900, kd 0.0062) | 7.4 it/s | elapsed 9.0 min | epoch ETA 1.1 min
Epoch 072 | train 0.048101 (gt 0.089975, kd 0.006227) | val 0.044092 (gt 0.083618, kd 0.004566) | KL end 0.6202 path 1.0550 | rough FDE 915.4m
  epoch 073 | batch 500/4,475 (11.2%) | loss 0.0480 (gt 0.0898, kd 0.0062) | 7.4 it/s | elapsed 1.1 min | epoch ETA 8.9 min
  epoch 073 | batch 1,000/4,475 (22.3%) | loss 0.0481 (gt 0.0900, kd 0.0062) | 7.4 it/s | elapsed 2.2 min | epoch ETA 7.8 min
  epoch 073 | batch 1,500/4,475 (33.5%) | loss 0.0480 (gt 0.0899, kd 0.0062) | 7.4 it/s | elapsed 3.4 min | epoch ETA 6.7 min
  epoch 073 | batch 2,000/4,475 (44.7%) | loss 0.0480 (gt 0.0899, kd 0.0062) | 7.5 it/s | elapsed 4.5 min | epoch ETA 5.5 min
  epoch 073 | batch 2,500/4,475 (55.9%) | loss 0.0480 (gt 0.0899, kd 0.0062) | 7.5 it/s | elapsed 5.6 min | epoch ETA 4.4 min
  epoch 073 | batch 3,000/4,475 (67.0%) | loss 0.0480 (gt 0.0899, kd 0.0062) | 7.5 it/s | elapsed 6.7 min | epoch ETA 3.3 min
  epoch 073 | batch 3,500/4,475 (78.2%) | loss 0.0480 (gt 0.0899, kd 0.0062) | 7.5 it/s | elapsed 7.8 min | epoch ETA 2.2 min
  epoch 073 | batch 4,000/4,475 (89.4%) | loss 0.0480 (gt 0.0899, kd 0.0062) | 7.4 it/s | elapsed 9.0 min | epoch ETA 1.1 min
Epoch 073 | train 0.048039 (gt 0.089906, kd 0.006171) | val 0.044062 (gt 0.083579, kd 0.004545) | KL end 0.6112 path 1.0505 | rough FDE 915.7m
  epoch 074 | batch 500/4,475 (11.2%) | loss 0.0480 (gt 0.0898, kd 0.0061) | 7.4 it/s | elapsed 1.1 min | epoch ETA 9.0 min
  epoch 074 | batch 1,000/4,475 (22.3%) | loss 0.0479 (gt 0.0898, kd 0.0061) | 7.4 it/s | elapsed 2.3 min | epoch ETA 7.8 min
  epoch 074 | batch 1,500/4,475 (33.5%) | loss 0.0479 (gt 0.0898, kd 0.0061) | 7.4 it/s | elapsed 3.4 min | epoch ETA 6.7 min
  epoch 074 | batch 2,000/4,475 (44.7%) | loss 0.0480 (gt 0.0898, kd 0.0061) | 7.4 it/s | elapsed 4.5 min | epoch ETA 5.6 min
  epoch 074 | batch 2,500/4,475 (55.9%) | loss 0.0480 (gt 0.0898, kd 0.0061) | 7.4 it/s | elapsed 5.6 min | epoch ETA 4.5 min
  epoch 074 | batch 3,000/4,475 (67.0%) | loss 0.0479 (gt 0.0898, kd 0.0061) | 7.4 it/s | elapsed 6.8 min | epoch ETA 3.3 min
  epoch 074 | batch 3,500/4,475 (78.2%) | loss 0.0480 (gt 0.0898, kd 0.0061) | 7.4 it/s | elapsed 7.9 min | epoch ETA 2.2 min
  epoch 074 | batch 4,000/4,475 (89.4%) | loss 0.0480 (gt 0.0898, kd 0.0061) | 7.4 it/s | elapsed 9.0 min | epoch ETA 1.1 min
Epoch 074 | train 0.047955 (gt 0.089798, kd 0.006112) | val 0.044039 (gt 0.083554, kd 0.004524) | KL end 0.6091 path 1.0527 | rough FDE 915.5m
  epoch 075 | batch 500/4,475 (11.2%) | loss 0.0477 (gt 0.0894, kd 0.0061) | 7.4 it/s | elapsed 1.1 min | epoch ETA 8.9 min
  epoch 075 | batch 1,000/4,475 (22.3%) | loss 0.0477 (gt 0.0894, kd 0.0061) | 7.4 it/s | elapsed 2.2 min | epoch ETA 7.8 min
  epoch 075 | batch 1,500/4,475 (33.5%) | loss 0.0478 (gt 0.0896, kd 0.0061) | 7.4 it/s | elapsed 3.4 min | epoch ETA 6.7 min
  epoch 075 | batch 2,000/4,475 (44.7%) | loss 0.0478 (gt 0.0895, kd 0.0061) | 7.4 it/s | elapsed 4.5 min | epoch ETA 5.6 min
  epoch 075 | batch 2,500/4,475 (55.9%) | loss 0.0478 (gt 0.0896, kd 0.0061) | 7.4 it/s | elapsed 5.6 min | epoch ETA 4.4 min
  epoch 075 | batch 3,000/4,475 (67.0%) | loss 0.0478 (gt 0.0896, kd 0.0061) | 7.4 it/s | elapsed 6.7 min | epoch ETA 3.3 min
  epoch 075 | batch 3,500/4,475 (78.2%) | loss 0.0479 (gt 0.0896, kd 0.0061) | 7.4 it/s | elapsed 7.9 min | epoch ETA 2.2 min
  epoch 075 | batch 4,000/4,475 (89.4%) | loss 0.0479 (gt 0.0897, kd 0.0061) | 7.4 it/s | elapsed 9.0 min | epoch ETA 1.1 min
Epoch 075 | train 0.047868 (gt 0.089674, kd 0.006062) | val 0.044019 (gt 0.083531, kd 0.004507) | KL end 0.6184 path 1.0626 | rough FDE 913.2m | proper FDE 915.2m (teacher 820.8m)  ✓ best
  epoch 076 | batch 500/4,475 (11.2%) | loss 0.0477 (gt 0.0894, kd 0.0060) | 7.3 it/s | elapsed 1.1 min | epoch ETA 9.0 min
  epoch 076 | batch 1,000/4,475 (22.3%) | loss 0.0477 (gt 0.0894, kd 0.0060) | 7.4 it/s | elapsed 2.3 min | epoch ETA 7.8 min
  epoch 076 | batch 1,500/4,475 (33.5%) | loss 0.0477 (gt 0.0895, kd 0.0060) | 7.4 it/s | elapsed 3.4 min | epoch ETA 6.7 min
  epoch 076 | batch 2,000/4,475 (44.7%) | loss 0.0478 (gt 0.0896, kd 0.0060) | 7.4 it/s | elapsed 4.5 min | epoch ETA 5.6 min
  epoch 076 | batch 2,500/4,475 (55.9%) | loss 0.0478 (gt 0.0896, kd 0.0060) | 7.4 it/s | elapsed 5.6 min | epoch ETA 4.4 min
  epoch 076 | batch 3,000/4,475 (67.0%) | loss 0.0478 (gt 0.0896, kd 0.0060) | 7.4 it/s | elapsed 6.7 min | epoch ETA 3.3 min
  epoch 076 | batch 3,500/4,475 (78.2%) | loss 0.0478 (gt 0.0896, kd 0.0060) | 7.4 it/s | elapsed 7.9 min | epoch ETA 2.2 min
  epoch 076 | batch 4,000/4,475 (89.4%) | loss 0.0478 (gt 0.0896, kd 0.0060) | 7.4 it/s | elapsed 9.0 min | epoch ETA 1.1 min
Epoch 076 | train 0.047826 (gt 0.089648, kd 0.006004) | val 0.043996 (gt 0.083505, kd 0.004486) | KL end 0.6066 path 1.0574 | rough FDE 916.3m
  epoch 077 | batch 500/4,475 (11.2%) | loss 0.0478 (gt 0.0897, kd 0.0060) | 7.3 it/s | elapsed 1.1 min | epoch ETA 9.0 min
  epoch 077 | batch 1,000/4,475 (22.3%) | loss 0.0478 (gt 0.0897, kd 0.0060) | 7.3 it/s | elapsed 2.3 min | epoch ETA 7.9 min
  epoch 077 | batch 1,500/4,475 (33.5%) | loss 0.0478 (gt 0.0896, kd 0.0060) | 7.3 it/s | elapsed 3.4 min | epoch ETA 6.8 min
  epoch 077 | batch 2,000/4,475 (44.7%) | loss 0.0478 (gt 0.0895, kd 0.0060) | 7.3 it/s | elapsed 4.5 min | epoch ETA 5.6 min
  epoch 077 | batch 2,500/4,475 (55.9%) | loss 0.0478 (gt 0.0895, kd 0.0060) | 7.3 it/s | elapsed 5.7 min | epoch ETA 4.5 min
  epoch 077 | batch 3,000/4,475 (67.0%) | loss 0.0478 (gt 0.0895, kd 0.0060) | 7.3 it/s | elapsed 6.8 min | epoch ETA 3.3 min
  epoch 077 | batch 3,500/4,475 (78.2%) | loss 0.0478 (gt 0.0896, kd 0.0060) | 7.3 it/s | elapsed 7.9 min | epoch ETA 2.2 min
  epoch 077 | batch 4,000/4,475 (89.4%) | loss 0.0478 (gt 0.0896, kd 0.0060) | 7.3 it/s | elapsed 9.1 min | epoch ETA 1.1 min
Epoch 077 | train 0.047732 (gt 0.089505, kd 0.005959) | val 0.043976 (gt 0.083479, kd 0.004474) | KL end 0.5923 path 1.0450 | rough FDE 917.1m
  epoch 078 | batch 500/4,475 (11.2%) | loss 0.0476 (gt 0.0894, kd 0.0059) | 7.3 it/s | elapsed 1.1 min | epoch ETA 9.0 min
  epoch 078 | batch 1,000/4,475 (22.3%) | loss 0.0477 (gt 0.0894, kd 0.0059) | 7.3 it/s | elapsed 2.3 min | epoch ETA 7.9 min
  epoch 078 | batch 1,500/4,475 (33.5%) | loss 0.0477 (gt 0.0895, kd 0.0059) | 7.3 it/s | elapsed 3.4 min | epoch ETA 6.8 min
  epoch 078 | batch 2,000/4,475 (44.7%) | loss 0.0478 (gt 0.0897, kd 0.0059) | 7.3 it/s | elapsed 4.5 min | epoch ETA 5.6 min
  epoch 078 | batch 2,500/4,475 (55.9%) | loss 0.0478 (gt 0.0897, kd 0.0059) | 7.3 it/s | elapsed 5.7 min | epoch ETA 4.5 min
  epoch 078 | batch 3,000/4,475 (67.0%) | loss 0.0478 (gt 0.0897, kd 0.0059) | 7.3 it/s | elapsed 6.8 min | epoch ETA 3.3 min
  epoch 078 | batch 3,500/4,475 (78.2%) | loss 0.0478 (gt 0.0897, kd 0.0059) | 7.4 it/s | elapsed 7.9 min | epoch ETA 2.2 min
  epoch 078 | batch 4,000/4,475 (89.4%) | loss 0.0478 (gt 0.0896, kd 0.0059) | 7.4 it/s | elapsed 9.1 min | epoch ETA 1.1 min
Epoch 078 | train 0.047762 (gt 0.089604, kd 0.005919) | val 0.043951 (gt 0.083443, kd 0.004458) | KL end 0.6218 path 1.0619 | rough FDE 917.3m
  epoch 079 | batch 500/4,475 (11.2%) | loss 0.0477 (gt 0.0895, kd 0.0059) | 7.4 it/s | elapsed 1.1 min | epoch ETA 9.0 min
  epoch 079 | batch 1,000/4,475 (22.3%) | loss 0.0478 (gt 0.0896, kd 0.0059) | 7.4 it/s | elapsed 2.3 min | epoch ETA 7.8 min
  epoch 079 | batch 1,500/4,475 (33.5%) | loss 0.0478 (gt 0.0897, kd 0.0059) | 7.4 it/s | elapsed 3.4 min | epoch ETA 6.7 min
  epoch 079 | batch 2,000/4,475 (44.7%) | loss 0.0478 (gt 0.0897, kd 0.0059) | 7.4 it/s | elapsed 4.5 min | epoch ETA 5.6 min
  epoch 079 | batch 2,500/4,475 (55.9%) | loss 0.0477 (gt 0.0896, kd 0.0059) | 7.4 it/s | elapsed 5.6 min | epoch ETA 4.4 min
  epoch 079 | batch 3,000/4,475 (67.0%) | loss 0.0477 (gt 0.0896, kd 0.0059) | 7.4 it/s | elapsed 6.7 min | epoch ETA 3.3 min
  epoch 079 | batch 3,500/4,475 (78.2%) | loss 0.0477 (gt 0.0896, kd 0.0059) | 7.4 it/s | elapsed 7.9 min | epoch ETA 2.2 min
  epoch 079 | batch 4,000/4,475 (89.4%) | loss 0.0477 (gt 0.0896, kd 0.0059) | 7.4 it/s | elapsed 9.0 min | epoch ETA 1.1 min
Epoch 079 | train 0.047715 (gt 0.089561, kd 0.005869) | val 0.043936 (gt 0.083428, kd 0.004444) | KL end 0.6373 path 1.0678 | rough FDE 916.3m
  epoch 080 | batch 500/4,475 (11.2%) | loss 0.0477 (gt 0.0896, kd 0.0058) | 7.4 it/s | elapsed 1.1 min | epoch ETA 9.0 min
  epoch 080 | batch 1,000/4,475 (22.3%) | loss 0.0478 (gt 0.0897, kd 0.0058) | 7.4 it/s | elapsed 2.3 min | epoch ETA 7.8 min
  epoch 080 | batch 1,500/4,475 (33.5%) | loss 0.0477 (gt 0.0896, kd 0.0058) | 7.4 it/s | elapsed 3.4 min | epoch ETA 6.7 min
  epoch 080 | batch 2,000/4,475 (44.7%) | loss 0.0477 (gt 0.0895, kd 0.0058) | 7.4 it/s | elapsed 4.5 min | epoch ETA 5.6 min
  epoch 080 | batch 2,500/4,475 (55.9%) | loss 0.0477 (gt 0.0895, kd 0.0058) | 7.4 it/s | elapsed 5.6 min | epoch ETA 4.4 min
  epoch 080 | batch 3,000/4,475 (67.0%) | loss 0.0476 (gt 0.0895, kd 0.0058) | 7.4 it/s | elapsed 6.7 min | epoch ETA 3.3 min
  epoch 080 | batch 3,500/4,475 (78.2%) | loss 0.0477 (gt 0.0895, kd 0.0058) | 7.4 it/s | elapsed 7.9 min | epoch ETA 2.2 min
  epoch 080 | batch 4,000/4,475 (89.4%) | loss 0.0477 (gt 0.0895, kd 0.0058) | 7.4 it/s | elapsed 9.0 min | epoch ETA 1.1 min
Epoch 080 | train 0.047658 (gt 0.089486, kd 0.005830) | val 0.043925 (gt 0.083416, kd 0.004433) | KL end 0.6358 path 1.0713 | rough FDE 915.3m | proper FDE 909.5m (teacher 820.8m)  ✓ best
  epoch 081 | batch 500/4,475 (11.2%) | loss 0.0477 (gt 0.0896, kd 0.0058) | 7.4 it/s | elapsed 1.1 min | epoch ETA 9.0 min
  epoch 081 | batch 1,000/4,475 (22.3%) | loss 0.0477 (gt 0.0896, kd 0.0058) | 7.4 it/s | elapsed 2.3 min | epoch ETA 7.8 min
  epoch 081 | batch 1,500/4,475 (33.5%) | loss 0.0476 (gt 0.0895, kd 0.0058) | 7.4 it/s | elapsed 3.4 min | epoch ETA 6.7 min
  epoch 081 | batch 2,000/4,475 (44.7%) | loss 0.0476 (gt 0.0894, kd 0.0058) | 7.4 it/s | elapsed 4.5 min | epoch ETA 5.6 min
  epoch 081 | batch 2,500/4,475 (55.9%) | loss 0.0476 (gt 0.0895, kd 0.0058) | 7.4 it/s | elapsed 5.6 min | epoch ETA 4.5 min
  epoch 081 | batch 3,000/4,475 (67.0%) | loss 0.0476 (gt 0.0894, kd 0.0058) | 7.4 it/s | elapsed 6.8 min | epoch ETA 3.3 min
  epoch 081 | batch 3,500/4,475 (78.2%) | loss 0.0476 (gt 0.0894, kd 0.0058) | 7.4 it/s | elapsed 7.9 min | epoch ETA 2.2 min
  epoch 081 | batch 4,000/4,475 (89.4%) | loss 0.0476 (gt 0.0895, kd 0.0058) | 7.4 it/s | elapsed 9.0 min | epoch ETA 1.1 min
Epoch 081 | train 0.047623 (gt 0.089454, kd 0.005791) | val 0.043908 (gt 0.083395, kd 0.004421) | KL end 0.6417 path 1.0783 | rough FDE 912.7m
  epoch 082 | batch 500/4,475 (11.2%) | loss 0.0475 (gt 0.0892, kd 0.0057) | 7.4 it/s | elapsed 1.1 min | epoch ETA 8.9 min
  epoch 082 | batch 1,000/4,475 (22.3%) | loss 0.0476 (gt 0.0894, kd 0.0058) | 7.5 it/s | elapsed 2.2 min | epoch ETA 7.8 min
  epoch 082 | batch 1,500/4,475 (33.5%) | loss 0.0475 (gt 0.0893, kd 0.0057) | 7.5 it/s | elapsed 3.3 min | epoch ETA 6.6 min
  epoch 082 | batch 2,000/4,475 (44.7%) | loss 0.0475 (gt 0.0892, kd 0.0057) | 7.5 it/s | elapsed 4.5 min | epoch ETA 5.5 min
  epoch 082 | batch 2,500/4,475 (55.9%) | loss 0.0475 (gt 0.0893, kd 0.0057) | 7.5 it/s | elapsed 5.6 min | epoch ETA 4.4 min
  epoch 082 | batch 3,000/4,475 (67.0%) | loss 0.0475 (gt 0.0893, kd 0.0058) | 7.5 it/s | elapsed 6.7 min | epoch ETA 3.3 min
  epoch 082 | batch 3,500/4,475 (78.2%) | loss 0.0475 (gt 0.0893, kd 0.0057) | 7.5 it/s | elapsed 7.8 min | epoch ETA 2.2 min
  epoch 082 | batch 4,000/4,475 (89.4%) | loss 0.0475 (gt 0.0893, kd 0.0057) | 7.5 it/s | elapsed 8.9 min | epoch ETA 1.1 min
Epoch 082 | train 0.047523 (gt 0.089301, kd 0.005745) | val 0.043892 (gt 0.083377, kd 0.004408) | KL end 0.6517 path 1.0848 | rough FDE 910.1m
  epoch 083 | batch 500/4,475 (11.2%) | loss 0.0477 (gt 0.0896, kd 0.0057) | 7.4 it/s | elapsed 1.1 min | epoch ETA 8.9 min
  epoch 083 | batch 1,000/4,475 (22.3%) | loss 0.0475 (gt 0.0893, kd 0.0057) | 7.5 it/s | elapsed 2.2 min | epoch ETA 7.8 min
  epoch 083 | batch 1,500/4,475 (33.5%) | loss 0.0476 (gt 0.0895, kd 0.0057) | 7.5 it/s | elapsed 3.3 min | epoch ETA 6.6 min
  epoch 083 | batch 2,000/4,475 (44.7%) | loss 0.0476 (gt 0.0894, kd 0.0057) | 7.5 it/s | elapsed 4.5 min | epoch ETA 5.5 min
  epoch 083 | batch 2,500/4,475 (55.9%) | loss 0.0476 (gt 0.0894, kd 0.0057) | 7.5 it/s | elapsed 5.6 min | epoch ETA 4.4 min
  epoch 083 | batch 3,000/4,475 (67.0%) | loss 0.0476 (gt 0.0894, kd 0.0057) | 7.5 it/s | elapsed 6.7 min | epoch ETA 3.3 min
  epoch 083 | batch 3,500/4,475 (78.2%) | loss 0.0476 (gt 0.0894, kd 0.0057) | 7.5 it/s | elapsed 7.8 min | epoch ETA 2.2 min
  epoch 083 | batch 4,000/4,475 (89.4%) | loss 0.0476 (gt 0.0894, kd 0.0057) | 7.5 it/s | elapsed 8.9 min | epoch ETA 1.1 min
Epoch 083 | train 0.047549 (gt 0.089384, kd 0.005714) | val 0.043888 (gt 0.083375, kd 0.004401) | KL end 0.6354 path 1.0710 | rough FDE 910.6m
  epoch 084 | batch 500/4,475 (11.2%) | loss 0.0474 (gt 0.0891, kd 0.0057) | 7.5 it/s | elapsed 1.1 min | epoch ETA 8.9 min
  epoch 084 | batch 1,000/4,475 (22.3%) | loss 0.0475 (gt 0.0892, kd 0.0057) | 7.5 it/s | elapsed 2.2 min | epoch ETA 7.8 min
  epoch 084 | batch 1,500/4,475 (33.5%) | loss 0.0475 (gt 0.0893, kd 0.0057) | 7.5 it/s | elapsed 3.3 min | epoch ETA 6.6 min
  epoch 084 | batch 2,000/4,475 (44.7%) | loss 0.0475 (gt 0.0892, kd 0.0057) | 7.5 it/s | elapsed 4.5 min | epoch ETA 5.5 min
  epoch 084 | batch 2,500/4,475 (55.9%) | loss 0.0475 (gt 0.0893, kd 0.0057) | 7.5 it/s | elapsed 5.6 min | epoch ETA 4.4 min
  epoch 084 | batch 3,000/4,475 (67.0%) | loss 0.0475 (gt 0.0892, kd 0.0057) | 7.5 it/s | elapsed 6.7 min | epoch ETA 3.3 min
  epoch 084 | batch 3,500/4,475 (78.2%) | loss 0.0475 (gt 0.0892, kd 0.0057) | 7.5 it/s | elapsed 7.8 min | epoch ETA 2.2 min
  epoch 084 | batch 4,000/4,475 (89.4%) | loss 0.0475 (gt 0.0892, kd 0.0057) | 7.5 it/s | elapsed 8.9 min | epoch ETA 1.1 min
Epoch 084 | train 0.047472 (gt 0.089261, kd 0.005682) | val 0.043872 (gt 0.083353, kd 0.004392) | KL end 0.6474 path 1.0760 | rough FDE 911.0m
  epoch 085 | batch 500/4,475 (11.2%) | loss 0.0473 (gt 0.0890, kd 0.0056) | 7.5 it/s | elapsed 1.1 min | epoch ETA 8.9 min
  epoch 085 | batch 1,000/4,475 (22.3%) | loss 0.0474 (gt 0.0891, kd 0.0057) | 7.5 it/s | elapsed 2.2 min | epoch ETA 7.8 min
  epoch 085 | batch 1,500/4,475 (33.5%) | loss 0.0474 (gt 0.0892, kd 0.0057) | 7.5 it/s | elapsed 3.3 min | epoch ETA 6.6 min
  epoch 085 | batch 2,000/4,475 (44.7%) | loss 0.0475 (gt 0.0893, kd 0.0057) | 7.5 it/s | elapsed 4.5 min | epoch ETA 5.5 min
  epoch 085 | batch 2,500/4,475 (55.9%) | loss 0.0475 (gt 0.0893, kd 0.0057) | 7.5 it/s | elapsed 5.6 min | epoch ETA 4.4 min
  epoch 085 | batch 3,000/4,475 (67.0%) | loss 0.0474 (gt 0.0892, kd 0.0057) | 7.5 it/s | elapsed 6.7 min | epoch ETA 3.3 min
  epoch 085 | batch 3,500/4,475 (78.2%) | loss 0.0474 (gt 0.0892, kd 0.0057) | 7.5 it/s | elapsed 7.8 min | epoch ETA 2.2 min
  epoch 085 | batch 4,000/4,475 (89.4%) | loss 0.0474 (gt 0.0892, kd 0.0056) | 7.5 it/s | elapsed 8.9 min | epoch ETA 1.1 min
Epoch 085 | train 0.047433 (gt 0.089217, kd 0.005649) | val 0.043864 (gt 0.083346, kd 0.004382) | KL end 0.6326 path 1.0688 | rough FDE 912.9m | proper FDE 906.6m (teacher 820.8m)  ✓ best
  epoch 086 | batch 500/4,475 (11.2%) | loss 0.0474 (gt 0.0891, kd 0.0056) | 7.4 it/s | elapsed 1.1 min | epoch ETA 8.9 min
  epoch 086 | batch 1,000/4,475 (22.3%) | loss 0.0475 (gt 0.0893, kd 0.0056) | 7.5 it/s | elapsed 2.2 min | epoch ETA 7.8 min
  epoch 086 | batch 1,500/4,475 (33.5%) | loss 0.0474 (gt 0.0892, kd 0.0056) | 7.5 it/s | elapsed 3.3 min | epoch ETA 6.6 min
  epoch 086 | batch 2,000/4,475 (44.7%) | loss 0.0474 (gt 0.0892, kd 0.0056) | 7.5 it/s | elapsed 4.5 min | epoch ETA 5.5 min
  epoch 086 | batch 2,500/4,475 (55.9%) | loss 0.0474 (gt 0.0893, kd 0.0056) | 7.5 it/s | elapsed 5.6 min | epoch ETA 4.4 min
  epoch 086 | batch 3,000/4,475 (67.0%) | loss 0.0474 (gt 0.0893, kd 0.0056) | 7.5 it/s | elapsed 6.7 min | epoch ETA 3.3 min
  epoch 086 | batch 3,500/4,475 (78.2%) | loss 0.0474 (gt 0.0893, kd 0.0056) | 7.5 it/s | elapsed 7.8 min | epoch ETA 2.2 min
  epoch 086 | batch 4,000/4,475 (89.4%) | loss 0.0474 (gt 0.0892, kd 0.0056) | 7.5 it/s | elapsed 8.9 min | epoch ETA 1.1 min
Epoch 086 | train 0.047430 (gt 0.089246, kd 0.005614) | val 0.043858 (gt 0.083338, kd 0.004377) | KL end 0.6286 path 1.0637 | rough FDE 914.0m
  epoch 087 | batch 500/4,475 (11.2%) | loss 0.0476 (gt 0.0895, kd 0.0056) | 7.5 it/s | elapsed 1.1 min | epoch ETA 8.9 min
  epoch 087 | batch 1,000/4,475 (22.3%) | loss 0.0474 (gt 0.0893, kd 0.0056) | 7.5 it/s | elapsed 2.2 min | epoch ETA 7.8 min
  epoch 087 | batch 1,500/4,475 (33.5%) | loss 0.0474 (gt 0.0892, kd 0.0056) | 7.5 it/s | elapsed 3.3 min | epoch ETA 6.6 min
  epoch 087 | batch 2,000/4,475 (44.7%) | loss 0.0474 (gt 0.0892, kd 0.0056) | 7.5 it/s | elapsed 4.5 min | epoch ETA 5.5 min
  epoch 087 | batch 2,500/4,475 (55.9%) | loss 0.0474 (gt 0.0892, kd 0.0056) | 7.5 it/s | elapsed 5.6 min | epoch ETA 4.4 min
  epoch 087 | batch 3,000/4,475 (67.0%) | loss 0.0474 (gt 0.0892, kd 0.0056) | 7.5 it/s | elapsed 6.7 min | epoch ETA 3.3 min
  epoch 087 | batch 3,500/4,475 (78.2%) | loss 0.0474 (gt 0.0892, kd 0.0056) | 7.5 it/s | elapsed 7.8 min | epoch ETA 2.2 min
  epoch 087 | batch 4,000/4,475 (89.4%) | loss 0.0474 (gt 0.0892, kd 0.0056) | 7.5 it/s | elapsed 8.9 min | epoch ETA 1.1 min
Epoch 087 | train 0.047398 (gt 0.089203, kd 0.005593) | val 0.043846 (gt 0.083325, kd 0.004367) | KL end 0.6241 path 1.0639 | rough FDE 913.2m
  epoch 088 | batch 500/4,475 (11.2%) | loss 0.0473 (gt 0.0890, kd 0.0056) | 7.4 it/s | elapsed 1.1 min | epoch ETA 8.9 min
  epoch 088 | batch 1,000/4,475 (22.3%) | loss 0.0473 (gt 0.0891, kd 0.0056) | 7.5 it/s | elapsed 2.2 min | epoch ETA 7.8 min
  epoch 088 | batch 1,500/4,475 (33.5%) | loss 0.0473 (gt 0.0890, kd 0.0055) | 7.5 it/s | elapsed 3.3 min | epoch ETA 6.6 min
  epoch 088 | batch 2,000/4,475 (44.7%) | loss 0.0473 (gt 0.0890, kd 0.0056) | 7.5 it/s | elapsed 4.5 min | epoch ETA 5.5 min
  epoch 088 | batch 2,500/4,475 (55.9%) | loss 0.0473 (gt 0.0890, kd 0.0056) | 7.5 it/s | elapsed 5.6 min | epoch ETA 4.4 min
  epoch 088 | batch 3,000/4,475 (67.0%) | loss 0.0473 (gt 0.0891, kd 0.0056) | 7.5 it/s | elapsed 6.7 min | epoch ETA 3.3 min
  epoch 088 | batch 3,500/4,475 (78.2%) | loss 0.0474 (gt 0.0891, kd 0.0056) | 7.5 it/s | elapsed 7.8 min | epoch ETA 2.2 min
  epoch 088 | batch 4,000/4,475 (89.4%) | loss 0.0474 (gt 0.0891, kd 0.0056) | 7.5 it/s | elapsed 8.9 min | epoch ETA 1.1 min
Epoch 088 | train 0.047365 (gt 0.089167, kd 0.005564) | val 0.043834 (gt 0.083311, kd 0.004356) | KL end 0.6280 path 1.0698 | rough FDE 912.3m
  epoch 089 | batch 500/4,475 (11.2%) | loss 0.0472 (gt 0.0888, kd 0.0055) | 7.4 it/s | elapsed 1.1 min | epoch ETA 9.0 min
  epoch 089 | batch 1,000/4,475 (22.3%) | loss 0.0471 (gt 0.0887, kd 0.0055) | 7.4 it/s | elapsed 2.3 min | epoch ETA 7.8 min
  epoch 089 | batch 1,500/4,475 (33.5%) | loss 0.0472 (gt 0.0888, kd 0.0055) | 7.4 it/s | elapsed 3.4 min | epoch ETA 6.7 min
  epoch 089 | batch 2,000/4,475 (44.7%) | loss 0.0472 (gt 0.0888, kd 0.0055) | 7.4 it/s | elapsed 4.5 min | epoch ETA 5.6 min
  epoch 089 | batch 2,500/4,475 (55.9%) | loss 0.0472 (gt 0.0888, kd 0.0055) | 7.4 it/s | elapsed 5.6 min | epoch ETA 4.5 min
  epoch 089 | batch 3,000/4,475 (67.0%) | loss 0.0472 (gt 0.0889, kd 0.0055) | 7.4 it/s | elapsed 6.8 min | epoch ETA 3.3 min
  epoch 089 | batch 3,500/4,475 (78.2%) | loss 0.0472 (gt 0.0890, kd 0.0055) | 7.4 it/s | elapsed 7.9 min | epoch ETA 2.2 min
  epoch 089 | batch 4,000/4,475 (89.4%) | loss 0.0473 (gt 0.0890, kd 0.0055) | 7.4 it/s | elapsed 9.0 min | epoch ETA 1.1 min
Epoch 089 | train 0.047282 (gt 0.089030, kd 0.005535) | val 0.043826 (gt 0.083301, kd 0.004351) | KL end 0.6449 path 1.0758 | rough FDE 912.5m
  epoch 090 | batch 500/4,475 (11.2%) | loss 0.0473 (gt 0.0891, kd 0.0055) | 7.4 it/s | elapsed 1.1 min | epoch ETA 8.9 min
  epoch 090 | batch 1,000/4,475 (22.3%) | loss 0.0472 (gt 0.0889, kd 0.0055) | 7.4 it/s | elapsed 2.2 min | epoch ETA 7.8 min
  epoch 090 | batch 1,500/4,475 (33.5%) | loss 0.0473 (gt 0.0890, kd 0.0055) | 7.4 it/s | elapsed 3.4 min | epoch ETA 6.7 min
  epoch 090 | batch 2,000/4,475 (44.7%) | loss 0.0473 (gt 0.0891, kd 0.0055) | 7.4 it/s | elapsed 4.5 min | epoch ETA 5.6 min
  epoch 090 | batch 2,500/4,475 (55.9%) | loss 0.0473 (gt 0.0891, kd 0.0055) | 7.4 it/s | elapsed 5.6 min | epoch ETA 4.4 min
  epoch 090 | batch 3,000/4,475 (67.0%) | loss 0.0473 (gt 0.0891, kd 0.0055) | 7.4 it/s | elapsed 6.7 min | epoch ETA 3.3 min
  epoch 090 | batch 3,500/4,475 (78.2%) | loss 0.0473 (gt 0.0891, kd 0.0055) | 7.4 it/s | elapsed 7.8 min | epoch ETA 2.2 min
  epoch 090 | batch 4,000/4,475 (89.4%) | loss 0.0473 (gt 0.0891, kd 0.0055) | 7.4 it/s | elapsed 8.9 min | epoch ETA 1.1 min
Epoch 090 | train 0.047286 (gt 0.089050, kd 0.005523) | val 0.043821 (gt 0.083294, kd 0.004349) | KL end 0.6269 path 1.0696 | rough FDE 912.8m | proper FDE 907.4m (teacher 820.8m)
  epoch 091 | batch 500/4,475 (11.2%) | loss 0.0472 (gt 0.0890, kd 0.0055) | 7.4 it/s | elapsed 1.1 min | epoch ETA 9.0 min
  epoch 091 | batch 1,000/4,475 (22.3%) | loss 0.0473 (gt 0.0892, kd 0.0055) | 7.4 it/s | elapsed 2.2 min | epoch ETA 7.8 min
  epoch 091 | batch 1,500/4,475 (33.5%) | loss 0.0474 (gt 0.0892, kd 0.0055) | 7.4 it/s | elapsed 3.4 min | epoch ETA 6.7 min
  epoch 091 | batch 2,000/4,475 (44.7%) | loss 0.0473 (gt 0.0891, kd 0.0055) | 7.4 it/s | elapsed 4.5 min | epoch ETA 5.5 min
  epoch 091 | batch 2,500/4,475 (55.9%) | loss 0.0473 (gt 0.0891, kd 0.0055) | 7.4 it/s | elapsed 5.6 min | epoch ETA 4.4 min
  epoch 091 | batch 3,000/4,475 (67.0%) | loss 0.0473 (gt 0.0890, kd 0.0055) | 7.4 it/s | elapsed 6.7 min | epoch ETA 3.3 min
  epoch 091 | batch 3,500/4,475 (78.2%) | loss 0.0473 (gt 0.0890, kd 0.0055) | 7.5 it/s | elapsed 7.8 min | epoch ETA 2.2 min
  epoch 091 | batch 4,000/4,475 (89.4%) | loss 0.0473 (gt 0.0890, kd 0.0055) | 7.5 it/s | elapsed 8.9 min | epoch ETA 1.1 min
Epoch 091 | train 0.047275 (gt 0.089051, kd 0.005500) | val 0.043821 (gt 0.083296, kd 0.004346) | KL end 0.6025 path 1.0610 | rough FDE 911.3m
  epoch 092 | batch 500/4,475 (11.2%) | loss 0.0471 (gt 0.0887, kd 0.0054) | 7.4 it/s | elapsed 1.1 min | epoch ETA 9.0 min
  epoch 092 | batch 1,000/4,475 (22.3%) | loss 0.0471 (gt 0.0888, kd 0.0055) | 7.4 it/s | elapsed 2.3 min | epoch ETA 7.9 min
  epoch 092 | batch 1,500/4,475 (33.5%) | loss 0.0472 (gt 0.0889, kd 0.0055) | 7.4 it/s | elapsed 3.4 min | epoch ETA 6.7 min
  epoch 092 | batch 2,000/4,475 (44.7%) | loss 0.0472 (gt 0.0889, kd 0.0055) | 7.4 it/s | elapsed 4.5 min | epoch ETA 5.6 min
  epoch 092 | batch 2,500/4,475 (55.9%) | loss 0.0472 (gt 0.0889, kd 0.0055) | 7.4 it/s | elapsed 5.6 min | epoch ETA 4.4 min
  epoch 092 | batch 3,000/4,475 (67.0%) | loss 0.0472 (gt 0.0889, kd 0.0055) | 7.4 it/s | elapsed 6.7 min | epoch ETA 3.3 min
  epoch 092 | batch 3,500/4,475 (78.2%) | loss 0.0472 (gt 0.0890, kd 0.0055) | 7.4 it/s | elapsed 7.9 min | epoch ETA 2.2 min
  epoch 092 | batch 4,000/4,475 (89.4%) | loss 0.0472 (gt 0.0890, kd 0.0055) | 7.4 it/s | elapsed 9.0 min | epoch ETA 1.1 min
Epoch 092 | train 0.047237 (gt 0.088999, kd 0.005475) | val 0.043814 (gt 0.083284, kd 0.004343) | KL end 0.5758 path 1.0494 | rough FDE 910.1m
  epoch 093 | batch 500/4,475 (11.2%) | loss 0.0474 (gt 0.0892, kd 0.0055) | 7.4 it/s | elapsed 1.1 min | epoch ETA 8.9 min
  epoch 093 | batch 1,000/4,475 (22.3%) | loss 0.0472 (gt 0.0890, kd 0.0055) | 7.5 it/s | elapsed 2.2 min | epoch ETA 7.8 min
  epoch 093 | batch 1,500/4,475 (33.5%) | loss 0.0473 (gt 0.0890, kd 0.0055) | 7.5 it/s | elapsed 3.4 min | epoch ETA 6.6 min
  epoch 093 | batch 2,000/4,475 (44.7%) | loss 0.0472 (gt 0.0890, kd 0.0055) | 7.5 it/s | elapsed 4.5 min | epoch ETA 5.5 min
  epoch 093 | batch 2,500/4,475 (55.9%) | loss 0.0473 (gt 0.0891, kd 0.0055) | 7.5 it/s | elapsed 5.6 min | epoch ETA 4.4 min
  epoch 093 | batch 3,000/4,475 (67.0%) | loss 0.0473 (gt 0.0891, kd 0.0055) | 7.5 it/s | elapsed 6.7 min | epoch ETA 3.3 min
  epoch 093 | batch 3,500/4,475 (78.2%) | loss 0.0472 (gt 0.0890, kd 0.0055) | 7.4 it/s | elapsed 7.8 min | epoch ETA 2.2 min
  epoch 093 | batch 4,000/4,475 (89.4%) | loss 0.0472 (gt 0.0890, kd 0.0055) | 7.4 it/s | elapsed 9.0 min | epoch ETA 1.1 min
Epoch 093 | train 0.047280 (gt 0.089094, kd 0.005466) | val 0.043812 (gt 0.083282, kd 0.004342) | KL end 0.5911 path 1.0671 | rough FDE 909.3m
  epoch 094 | batch 500/4,475 (11.2%) | loss 0.0473 (gt 0.0892, kd 0.0054) | 7.3 it/s | elapsed 1.1 min | epoch ETA 9.1 min
  epoch 094 | batch 1,000/4,475 (22.3%) | loss 0.0473 (gt 0.0891, kd 0.0055) | 7.4 it/s | elapsed 2.3 min | epoch ETA 7.9 min
  epoch 094 | batch 1,500/4,475 (33.5%) | loss 0.0473 (gt 0.0891, kd 0.0055) | 7.4 it/s | elapsed 3.4 min | epoch ETA 6.7 min
  epoch 094 | batch 2,000/4,475 (44.7%) | loss 0.0473 (gt 0.0890, kd 0.0055) | 7.4 it/s | elapsed 4.5 min | epoch ETA 5.6 min
  epoch 094 | batch 2,500/4,475 (55.9%) | loss 0.0472 (gt 0.0890, kd 0.0055) | 7.4 it/s | elapsed 5.6 min | epoch ETA 4.5 min
  epoch 094 | batch 3,000/4,475 (67.0%) | loss 0.0473 (gt 0.0891, kd 0.0055) | 7.4 it/s | elapsed 6.8 min | epoch ETA 3.3 min
  epoch 094 | batch 3,500/4,475 (78.2%) | loss 0.0473 (gt 0.0891, kd 0.0055) | 7.4 it/s | elapsed 7.9 min | epoch ETA 2.2 min
  epoch 094 | batch 4,000/4,475 (89.4%) | loss 0.0472 (gt 0.0890, kd 0.0055) | 7.4 it/s | elapsed 9.0 min | epoch ETA 1.1 min
