Python: /global/home/users/kevingeng/.conda/envs/adsb/bin/python
torch 2.14.1+cu130 | netCDF4 1.7.4
CUDA available: True
Device: NVIDIA GeForce RTX 2080 Ti
Training on cuda — CFM + SWI_DiT distillation (swi_dit_6L_teacher → swi_dit_4L_student, alpha=0.7, seed=42)
Batches per epoch: 4,475 train, 499 val (batch_size=256, num_workers=2)
Teacher: /global/scratch/users/kevingeng/aviation-bayen/AviationDiffusionModelsKishore/training/checkpoints/swi_dit/best_swi_dit.pt (epoch=84, ckpt val_fde=824.5062353116024) | {'obs_len': 43, 'fut_len': 43, 'in_dim': 6, 'd_model': 256, 'n_heads': 8, 'n_layers': 6, 'dropout': 0.1, 'ff_expansion': 3} | 7,249,158 params
Student: {'obs_len': 43, 'fut_len': 43, 'in_dim': 6, 'd_model': 128, 'n_heads': 8, 'n_layers': 4, 'dropout': 0.1, 'ff_expansion': 6} | 1,853,062 params
Teacher val minFDE (this split): 820.8m
  epoch 001 | batch 500/4,475 (11.2%) | loss 0.7305 (gt 1.4967, kd 1.4105) | 10.2 it/s | elapsed 0.8 min | epoch ETA 6.5 min
  epoch 001 | batch 1,000/4,475 (22.3%) | loss 0.7720 (gt 0.9243, kd 0.8386) | 10.3 it/s | elapsed 1.6 min | epoch ETA 5.7 min
  epoch 001 | batch 1,500/4,475 (33.5%) | loss 0.8324 (gt 0.7056, kd 0.6201) | 10.3 it/s | elapsed 2.4 min | epoch ETA 4.8 min
  epoch 001 | batch 2,000/4,475 (44.7%) | loss 0.8683 (gt 0.5882, kd 0.5029) | 10.3 it/s | elapsed 3.2 min | epoch ETA 4.0 min
  epoch 001 | batch 2,500/4,475 (55.9%) | loss 0.8904 (gt 0.5136, kd 0.4284) | 10.3 it/s | elapsed 4.1 min | epoch ETA 3.2 min
  epoch 001 | batch 3,000/4,475 (67.0%) | loss 0.9064 (gt 0.4616, kd 0.3766) | 10.3 it/s | elapsed 4.9 min | epoch ETA 2.4 min
  epoch 001 | batch 3,500/4,475 (78.2%) | loss 0.9185 (gt 0.4232, kd 0.3383) | 10.3 it/s | elapsed 5.7 min | epoch ETA 1.6 min
  epoch 001 | batch 4,000/4,475 (89.4%) | loss 0.9273 (gt 0.3935, kd 0.3086) | 10.3 it/s | elapsed 6.5 min | epoch ETA 0.8 min
Epoch 001 | train 0.934338 (gt 0.370826, kd 0.285930) | val 15.048289 (gt 2.142738, kd 2.060986) | KL end 8.9015 path 11.1223 | rough FDE 35942.1m
  epoch 002 | batch 500/4,475 (11.2%) | loss 0.9897 (gt 0.1719, kd 0.0876) | 10.2 it/s | elapsed 0.8 min | epoch ETA 6.5 min
  epoch 002 | batch 1,000/4,475 (22.3%) | loss 0.9916 (gt 0.1696, kd 0.0853) | 10.3 it/s | elapsed 1.6 min | epoch ETA 5.6 min
  epoch 002 | batch 1,500/4,475 (33.5%) | loss 0.9931 (gt 0.1677, kd 0.0833) | 10.3 it/s | elapsed 2.4 min | epoch ETA 4.8 min
  epoch 002 | batch 2,000/4,475 (44.7%) | loss 0.9928 (gt 0.1659, kd 0.0814) | 10.3 it/s | elapsed 3.2 min | epoch ETA 4.0 min
  epoch 002 | batch 2,500/4,475 (55.9%) | loss 0.9927 (gt 0.1640, kd 0.0796) | 10.3 it/s | elapsed 4.1 min | epoch ETA 3.2 min
  epoch 002 | batch 3,000/4,475 (67.0%) | loss 0.9939 (gt 0.1624, kd 0.0779) | 10.3 it/s | elapsed 4.9 min | epoch ETA 2.4 min
  epoch 002 | batch 3,500/4,475 (78.2%) | loss 0.9938 (gt 0.1608, kd 0.0763) | 10.3 it/s | elapsed 5.7 min | epoch ETA 1.6 min
  epoch 002 | batch 4,000/4,475 (89.4%) | loss 0.9941 (gt 0.1594, kd 0.0749) | 10.3 it/s | elapsed 6.5 min | epoch ETA 0.8 min
Epoch 002 | train 0.994201 (gt 0.158062, kd 0.073581) | val 11.384344 (gt 1.224882, kd 1.143614) | KL end 7.6770 path 9.9660 | rough FDE 20658.9m
  epoch 003 | batch 500/4,475 (11.2%) | loss 0.9966 (gt 0.1452, kd 0.0605) | 10.2 it/s | elapsed 0.8 min | epoch ETA 6.5 min
  epoch 003 | batch 1,000/4,475 (22.3%) | loss 0.9972 (gt 0.1448, kd 0.0602) | 10.3 it/s | elapsed 1.6 min | epoch ETA 5.6 min
  epoch 003 | batch 1,500/4,475 (33.5%) | loss 0.9968 (gt 0.1438, kd 0.0592) | 10.3 it/s | elapsed 2.4 min | epoch ETA 4.8 min
  epoch 003 | batch 2,000/4,475 (44.7%) | loss 0.9969 (gt 0.1428, kd 0.0583) | 10.3 it/s | elapsed 3.2 min | epoch ETA 4.0 min
  epoch 003 | batch 2,500/4,475 (55.9%) | loss 0.9973 (gt 0.1423, kd 0.0577) | 10.3 it/s | elapsed 4.1 min | epoch ETA 3.2 min
  epoch 003 | batch 3,000/4,475 (67.0%) | loss 0.9970 (gt 0.1416, kd 0.0571) | 10.3 it/s | elapsed 4.9 min | epoch ETA 2.4 min
  epoch 003 | batch 3,500/4,475 (78.2%) | loss 0.9972 (gt 0.1410, kd 0.0565) | 10.3 it/s | elapsed 5.7 min | epoch ETA 1.6 min
  epoch 003 | batch 4,000/4,475 (89.4%) | loss 0.9973 (gt 0.1404, kd 0.0559) | 10.3 it/s | elapsed 6.5 min | epoch ETA 0.8 min
Epoch 003 | train 0.997229 (gt 0.139820, kd 0.055289) | val 8.691777 (gt 0.820610, kd 0.739123) | KL end 6.3433 path 8.7536 | rough FDE 11109.6m
  epoch 004 | batch 500/4,475 (11.2%) | loss 0.9972 (gt 0.1337, kd 0.0495) | 10.3 it/s | elapsed 0.8 min | epoch ETA 6.5 min
  epoch 004 | batch 1,000/4,475 (22.3%) | loss 0.9978 (gt 0.1335, kd 0.0490) | 10.3 it/s | elapsed 1.6 min | epoch ETA 5.6 min
  epoch 004 | batch 1,500/4,475 (33.5%) | loss 0.9982 (gt 0.1334, kd 0.0487) | 10.3 it/s | elapsed 2.4 min | epoch ETA 4.8 min
  epoch 004 | batch 2,000/4,475 (44.7%) | loss 0.9984 (gt 0.1328, kd 0.0482) | 10.3 it/s | elapsed 3.2 min | epoch ETA 4.0 min
  epoch 004 | batch 2,500/4,475 (55.9%) | loss 0.9981 (gt 0.1323, kd 0.0477) | 10.3 it/s | elapsed 4.0 min | epoch ETA 3.2 min
  epoch 004 | batch 3,000/4,475 (67.0%) | loss 0.9980 (gt 0.1319, kd 0.0474) | 10.3 it/s | elapsed 4.9 min | epoch ETA 2.4 min
  epoch 004 | batch 3,500/4,475 (78.2%) | loss 0.9982 (gt 0.1315, kd 0.0470) | 10.3 it/s | elapsed 5.7 min | epoch ETA 1.6 min
  epoch 004 | batch 4,000/4,475 (89.4%) | loss 0.9982 (gt 0.1312, kd 0.0467) | 10.3 it/s | elapsed 6.5 min | epoch ETA 0.8 min
Epoch 004 | train 0.998002 (gt 0.130774, kd 0.046288) | val 6.419362 (gt 0.558704, kd 0.477054) | KL end 5.0948 path 7.6679 | rough FDE 6254.4m
  epoch 005 | batch 500/4,475 (11.2%) | loss 0.9995 (gt 0.1271, kd 0.0426) | 10.2 it/s | elapsed 0.8 min | epoch ETA 6.5 min
  epoch 005 | batch 1,000/4,475 (22.3%) | loss 0.9990 (gt 0.1268, kd 0.0423) | 10.3 it/s | elapsed 1.6 min | epoch ETA 5.6 min
  epoch 005 | batch 1,500/4,475 (33.5%) | loss 0.9992 (gt 0.1268, kd 0.0422) | 10.3 it/s | elapsed 2.4 min | epoch ETA 4.8 min
  epoch 005 | batch 2,000/4,475 (44.7%) | loss 0.9982 (gt 0.1263, kd 0.0418) | 10.3 it/s | elapsed 3.2 min | epoch ETA 4.0 min
  epoch 005 | batch 2,500/4,475 (55.9%) | loss 0.9986 (gt 0.1261, kd 0.0415) | 10.3 it/s | elapsed 4.1 min | epoch ETA 3.2 min
  epoch 005 | batch 3,000/4,475 (67.0%) | loss 0.9988 (gt 0.1258, kd 0.0413) | 10.3 it/s | elapsed 4.9 min | epoch ETA 2.4 min
  epoch 005 | batch 3,500/4,475 (78.2%) | loss 0.9987 (gt 0.1255, kd 0.0410) | 10.3 it/s | elapsed 5.7 min | epoch ETA 1.6 min
  epoch 005 | batch 4,000/4,475 (89.4%) | loss 0.9987 (gt 0.1252, kd 0.0407) | 10.3 it/s | elapsed 6.5 min | epoch ETA 0.8 min
Epoch 005 | train 0.998783 (gt 0.125054, kd 0.040485) | val 4.204912 (gt 0.358505, kd 0.277422) | KL end 4.0256 path 6.5453 | rough FDE 3715.0m | proper FDE 3838.5m (teacher 820.8m)  ✓ best
  epoch 006 | batch 500/4,475 (11.2%) | loss 0.9985 (gt 0.1226, kd 0.0380) | 10.2 it/s | elapsed 0.8 min | epoch ETA 6.5 min
  epoch 006 | batch 1,000/4,475 (22.3%) | loss 0.9980 (gt 0.1221, kd 0.0376) | 10.3 it/s | elapsed 1.6 min | epoch ETA 5.6 min
  epoch 006 | batch 1,500/4,475 (33.5%) | loss 0.9986 (gt 0.1221, kd 0.0375) | 10.3 it/s | elapsed 2.4 min | epoch ETA 4.8 min
  epoch 006 | batch 2,000/4,475 (44.7%) | loss 0.9986 (gt 0.1219, kd 0.0373) | 10.3 it/s | elapsed 3.2 min | epoch ETA 4.0 min
  epoch 006 | batch 2,500/4,475 (55.9%) | loss 0.9986 (gt 0.1216, kd 0.0371) | 10.3 it/s | elapsed 4.0 min | epoch ETA 3.2 min
  epoch 006 | batch 3,000/4,475 (67.0%) | loss 0.9985 (gt 0.1214, kd 0.0369) | 10.3 it/s | elapsed 4.8 min | epoch ETA 2.4 min
  epoch 006 | batch 3,500/4,475 (78.2%) | loss 0.9989 (gt 0.1212, kd 0.0367) | 10.3 it/s | elapsed 5.7 min | epoch ETA 1.6 min
  epoch 006 | batch 4,000/4,475 (89.4%) | loss 0.9989 (gt 0.1210, kd 0.0365) | 10.3 it/s | elapsed 6.5 min | epoch ETA 0.8 min
Epoch 006 | train 0.998818 (gt 0.120848, kd 0.036346) | val 2.675542 (gt 0.232551, kd 0.152186) | KL end 3.2408 path 5.5038 | rough FDE 2504.3m
  epoch 007 | batch 500/4,475 (11.2%) | loss 0.9993 (gt 0.1194, kd 0.0346) | 10.2 it/s | elapsed 0.8 min | epoch ETA 6.5 min
  epoch 007 | batch 1,000/4,475 (22.3%) | loss 0.9988 (gt 0.1189, kd 0.0344) | 10.3 it/s | elapsed 1.6 min | epoch ETA 5.6 min
  epoch 007 | batch 1,500/4,475 (33.5%) | loss 0.9992 (gt 0.1188, kd 0.0343) | 10.3 it/s | elapsed 2.4 min | epoch ETA 4.8 min
  epoch 007 | batch 2,000/4,475 (44.7%) | loss 0.9990 (gt 0.1185, kd 0.0341) | 10.3 it/s | elapsed 3.2 min | epoch ETA 4.0 min
  epoch 007 | batch 2,500/4,475 (55.9%) | loss 0.9992 (gt 0.1183, kd 0.0339) | 10.4 it/s | elapsed 4.0 min | epoch ETA 3.2 min
  epoch 007 | batch 3,000/4,475 (67.0%) | loss 0.9990 (gt 0.1182, kd 0.0337) | 10.3 it/s | elapsed 4.8 min | epoch ETA 2.4 min
  epoch 007 | batch 3,500/4,475 (78.2%) | loss 0.9993 (gt 0.1181, kd 0.0336) | 10.3 it/s | elapsed 5.6 min | epoch ETA 1.6 min
  epoch 007 | batch 4,000/4,475 (89.4%) | loss 0.9991 (gt 0.1179, kd 0.0335) | 10.3 it/s | elapsed 6.4 min | epoch ETA 0.8 min
Epoch 007 | train 0.999079 (gt 0.117852, kd 0.033345) | val 1.790730 (gt 0.165189, kd 0.085332) | KL end 2.7239 path 4.6240 | rough FDE 1914.9m
  epoch 008 | batch 500/4,475 (11.2%) | loss 0.9999 (gt 0.1162, kd 0.0319) | 10.2 it/s | elapsed 0.8 min | epoch ETA 6.5 min
  epoch 008 | batch 1,000/4,475 (22.3%) | loss 0.9984 (gt 0.1159, kd 0.0317) | 10.3 it/s | elapsed 1.6 min | epoch ETA 5.6 min
  epoch 008 | batch 1,500/4,475 (33.5%) | loss 0.9996 (gt 0.1161, kd 0.0316) | 10.3 it/s | elapsed 2.4 min | epoch ETA 4.8 min
  epoch 008 | batch 2,000/4,475 (44.7%) | loss 0.9994 (gt 0.1161, kd 0.0315) | 10.3 it/s | elapsed 3.2 min | epoch ETA 4.0 min
  epoch 008 | batch 2,500/4,475 (55.9%) | loss 0.9993 (gt 0.1160, kd 0.0315) | 10.3 it/s | elapsed 4.0 min | epoch ETA 3.2 min
  epoch 008 | batch 3,000/4,475 (67.0%) | loss 0.9992 (gt 0.1158, kd 0.0313) | 10.3 it/s | elapsed 4.8 min | epoch ETA 2.4 min
  epoch 008 | batch 3,500/4,475 (78.2%) | loss 0.9990 (gt 0.1157, kd 0.0312) | 10.3 it/s | elapsed 5.7 min | epoch ETA 1.6 min
  epoch 008 | batch 4,000/4,475 (89.4%) | loss 0.9993 (gt 0.1156, kd 0.0311) | 10.3 it/s | elapsed 6.5 min | epoch ETA 0.8 min
Epoch 008 | train 0.999231 (gt 0.115475, kd 0.030973) | val 1.334027 (gt 0.132068, kd 0.052562) | KL end 2.3918 path 3.9266 | rough FDE 1602.6m
  epoch 009 | batch 500/4,475 (11.2%) | loss 1.0002 (gt 0.1144, kd 0.0299) | 10.3 it/s | elapsed 0.8 min | epoch ETA 6.5 min
  epoch 009 | batch 1,000/4,475 (22.3%) | loss 0.9996 (gt 0.1143, kd 0.0298) | 10.3 it/s | elapsed 1.6 min | epoch ETA 5.6 min
  epoch 009 | batch 1,500/4,475 (33.5%) | loss 0.9996 (gt 0.1142, kd 0.0297) | 10.3 it/s | elapsed 2.4 min | epoch ETA 4.8 min
  epoch 009 | batch 2,000/4,475 (44.7%) | loss 0.9994 (gt 0.1142, kd 0.0296) | 10.3 it/s | elapsed 3.2 min | epoch ETA 4.0 min
  epoch 009 | batch 2,500/4,475 (55.9%) | loss 0.9994 (gt 0.1141, kd 0.0295) | 10.3 it/s | elapsed 4.0 min | epoch ETA 3.2 min
  epoch 009 | batch 3,000/4,475 (67.0%) | loss 0.9995 (gt 0.1140, kd 0.0294) | 10.3 it/s | elapsed 4.8 min | epoch ETA 2.4 min
  epoch 009 | batch 3,500/4,475 (78.2%) | loss 0.9995 (gt 0.1139, kd 0.0293) | 10.3 it/s | elapsed 5.6 min | epoch ETA 1.6 min
  epoch 009 | batch 4,000/4,475 (89.4%) | loss 0.9995 (gt 0.1138, kd 0.0292) | 10.3 it/s | elapsed 6.4 min | epoch ETA 0.8 min
Epoch 009 | train 0.999385 (gt 0.113663, kd 0.029132) | val 1.111265 (gt 0.116155, kd 0.036877) | KL end 2.1753 path 3.4014 | rough FDE 1435.5m
  epoch 010 | batch 500/4,475 (11.2%) | loss 0.9995 (gt 0.1131, kd 0.0283) | 10.2 it/s | elapsed 0.8 min | epoch ETA 6.5 min
  epoch 010 | batch 1,000/4,475 (22.3%) | loss 0.9990 (gt 0.1124, kd 0.0281) | 10.2 it/s | elapsed 1.6 min | epoch ETA 5.7 min
  epoch 010 | batch 1,500/4,475 (33.5%) | loss 0.9997 (gt 0.1125, kd 0.0281) | 10.2 it/s | elapsed 2.4 min | epoch ETA 4.8 min
  epoch 010 | batch 2,000/4,475 (44.7%) | loss 0.9993 (gt 0.1124, kd 0.0280) | 10.3 it/s | elapsed 3.2 min | epoch ETA 4.0 min
  epoch 010 | batch 2,500/4,475 (55.9%) | loss 0.9997 (gt 0.1124, kd 0.0279) | 10.3 it/s | elapsed 4.1 min | epoch ETA 3.2 min
  epoch 010 | batch 3,000/4,475 (67.0%) | loss 0.9995 (gt 0.1123, kd 0.0279) | 10.3 it/s | elapsed 4.9 min | epoch ETA 2.4 min
  epoch 010 | batch 3,500/4,475 (78.2%) | loss 0.9995 (gt 0.1122, kd 0.0278) | 10.3 it/s | elapsed 5.7 min | epoch ETA 1.6 min
  epoch 010 | batch 4,000/4,475 (89.4%) | loss 0.9994 (gt 0.1121, kd 0.0277) | 10.3 it/s | elapsed 6.5 min | epoch ETA 0.8 min
Epoch 010 | train 0.999311 (gt 0.112042, kd 0.027600) | val 1.011068 (gt 0.108233, kd 0.029121) | KL end 2.0306 path 3.0134 | rough FDE 1344.6m | proper FDE 1499.6m (teacher 820.8m)  ✓ best
  epoch 011 | batch 500/4,475 (11.2%) | loss 1.0011 (gt 0.1118, kd 0.0271) | 10.2 it/s | elapsed 0.8 min | epoch ETA 6.5 min
  epoch 011 | batch 1,000/4,475 (22.3%) | loss 1.0003 (gt 0.1116, kd 0.0269) | 10.3 it/s | elapsed 1.6 min | epoch ETA 5.6 min
  epoch 011 | batch 1,500/4,475 (33.5%) | loss 0.9999 (gt 0.1114, kd 0.0268) | 10.3 it/s | elapsed 2.4 min | epoch ETA 4.8 min
  epoch 011 | batch 2,000/4,475 (44.7%) | loss 0.9999 (gt 0.1113, kd 0.0267) | 10.3 it/s | elapsed 3.2 min | epoch ETA 4.0 min
  epoch 011 | batch 2,500/4,475 (55.9%) | loss 0.9998 (gt 0.1112, kd 0.0266) | 10.3 it/s | elapsed 4.1 min | epoch ETA 3.2 min
  epoch 011 | batch 3,000/4,475 (67.0%) | loss 0.9998 (gt 0.1111, kd 0.0266) | 10.3 it/s | elapsed 4.9 min | epoch ETA 2.4 min
  epoch 011 | batch 3,500/4,475 (78.2%) | loss 0.9997 (gt 0.1110, kd 0.0265) | 10.3 it/s | elapsed 5.7 min | epoch ETA 1.6 min
  epoch 011 | batch 4,000/4,475 (89.4%) | loss 0.9997 (gt 0.1110, kd 0.0264) | 10.3 it/s | elapsed 6.5 min | epoch ETA 0.8 min
Epoch 011 | train 0.999748 (gt 0.110881, kd 0.026348) | val 0.947419 (gt 0.103980, kd 0.024957) | KL end 1.9158 path 2.7195 | rough FDE 1280.3m
  epoch 012 | batch 500/4,475 (11.2%) | loss 0.9977 (gt 0.1102, kd 0.0258) | 10.3 it/s | elapsed 0.8 min | epoch ETA 6.5 min
  epoch 012 | batch 1,000/4,475 (22.3%) | loss 0.9991 (gt 0.1101, kd 0.0257) | 10.3 it/s | elapsed 1.6 min | epoch ETA 5.6 min
  epoch 012 | batch 1,500/4,475 (33.5%) | loss 0.9997 (gt 0.1101, kd 0.0256) | 10.3 it/s | elapsed 2.4 min | epoch ETA 4.8 min
  epoch 012 | batch 2,000/4,475 (44.7%) | loss 0.9989 (gt 0.1099, kd 0.0255) | 10.3 it/s | elapsed 3.2 min | epoch ETA 4.0 min
  epoch 012 | batch 2,500/4,475 (55.9%) | loss 0.9994 (gt 0.1099, kd 0.0254) | 10.3 it/s | elapsed 4.0 min | epoch ETA 3.2 min
  epoch 012 | batch 3,000/4,475 (67.0%) | loss 0.9996 (gt 0.1098, kd 0.0253) | 10.3 it/s | elapsed 4.8 min | epoch ETA 2.4 min
  epoch 012 | batch 3,500/4,475 (78.2%) | loss 0.9994 (gt 0.1098, kd 0.0253) | 10.3 it/s | elapsed 5.6 min | epoch ETA 1.6 min
  epoch 012 | batch 4,000/4,475 (89.4%) | loss 0.9995 (gt 0.1097, kd 0.0252) | 10.3 it/s | elapsed 6.5 min | epoch ETA 0.8 min
Epoch 012 | train 0.999635 (gt 0.109728, kd 0.025196) | val 0.915763 (gt 0.101400, kd 0.022432) | KL end 1.8143 path 2.4972 | rough FDE 1239.8m
  epoch 013 | batch 500/4,475 (11.2%) | loss 0.9971 (gt 0.1089, kd 0.0246) | 10.3 it/s | elapsed 0.8 min | epoch ETA 6.5 min
  epoch 013 | batch 1,000/4,475 (22.3%) | loss 0.9982 (gt 0.1088, kd 0.0245) | 10.3 it/s | elapsed 1.6 min | epoch ETA 5.6 min
  epoch 013 | batch 1,500/4,475 (33.5%) | loss 0.9990 (gt 0.1088, kd 0.0245) | 10.3 it/s | elapsed 2.4 min | epoch ETA 4.8 min
  epoch 013 | batch 2,000/4,475 (44.7%) | loss 0.9990 (gt 0.1087, kd 0.0244) | 10.3 it/s | elapsed 3.2 min | epoch ETA 4.0 min
  epoch 013 | batch 2,500/4,475 (55.9%) | loss 0.9992 (gt 0.1087, kd 0.0244) | 10.3 it/s | elapsed 4.0 min | epoch ETA 3.2 min
  epoch 013 | batch 3,000/4,475 (67.0%) | loss 0.9992 (gt 0.1086, kd 0.0243) | 10.3 it/s | elapsed 4.8 min | epoch ETA 2.4 min
  epoch 013 | batch 3,500/4,475 (78.2%) | loss 0.9995 (gt 0.1087, kd 0.0243) | 10.3 it/s | elapsed 5.6 min | epoch ETA 1.6 min
  epoch 013 | batch 4,000/4,475 (89.4%) | loss 0.9994 (gt 0.1086, kd 0.0243) | 10.3 it/s | elapsed 6.5 min | epoch ETA 0.8 min
Epoch 013 | train 0.999426 (gt 0.108628, kd 0.024212) | val 0.906800 (gt 0.099700, kd 0.020749) | KL end 1.7372 path 2.3266 | rough FDE 1218.5m
  epoch 014 | batch 500/4,475 (11.2%) | loss 0.9993 (gt 0.1081, kd 0.0236) | 9.7 it/s | elapsed 0.9 min | epoch ETA 6.8 min
  epoch 014 | batch 1,000/4,475 (22.3%) | loss 0.9991 (gt 0.1078, kd 0.0236) | 9.8 it/s | elapsed 1.7 min | epoch ETA 5.9 min
  epoch 014 | batch 1,500/4,475 (33.5%) | loss 0.9995 (gt 0.1079, kd 0.0235) | 9.8 it/s | elapsed 2.5 min | epoch ETA 5.0 min
  epoch 014 | batch 2,000/4,475 (44.7%) | loss 0.9994 (gt 0.1079, kd 0.0235) | 9.9 it/s | elapsed 3.4 min | epoch ETA 4.1 min
  epoch 014 | batch 2,500/4,475 (55.9%) | loss 0.9999 (gt 0.1079, kd 0.0235) | 10.0 it/s | elapsed 4.2 min | epoch ETA 3.3 min
  epoch 014 | batch 3,000/4,475 (67.0%) | loss 0.9994 (gt 0.1079, kd 0.0234) | 10.1 it/s | elapsed 5.0 min | epoch ETA 2.4 min
  epoch 014 | batch 3,500/4,475 (78.2%) | loss 0.9998 (gt 0.1079, kd 0.0234) | 10.1 it/s | elapsed 5.8 min | epoch ETA 1.6 min
  epoch 014 | batch 4,000/4,475 (89.4%) | loss 0.9994 (gt 0.1078, kd 0.0233) | 10.2 it/s | elapsed 6.6 min | epoch ETA 0.8 min
Epoch 014 | train 0.999603 (gt 0.107756, kd 0.023288) | val 0.898062 (gt 0.098480, kd 0.019509) | KL end 1.6650 path 2.1838 | rough FDE 1204.6m
  epoch 015 | batch 500/4,475 (11.2%) | loss 1.0000 (gt 0.1074, kd 0.0228) | 10.3 it/s | elapsed 0.8 min | epoch ETA 6.4 min
  epoch 015 | batch 1,000/4,475 (22.3%) | loss 0.9994 (gt 0.1072, kd 0.0227) | 10.3 it/s | elapsed 1.6 min | epoch ETA 5.6 min
  epoch 015 | batch 1,500/4,475 (33.5%) | loss 0.9993 (gt 0.1071, kd 0.0227) | 10.4 it/s | elapsed 2.4 min | epoch ETA 4.8 min
  epoch 015 | batch 2,000/4,475 (44.7%) | loss 0.9999 (gt 0.1071, kd 0.0227) | 10.4 it/s | elapsed 3.2 min | epoch ETA 4.0 min
  epoch 015 | batch 2,500/4,475 (55.9%) | loss 0.9995 (gt 0.1071, kd 0.0226) | 10.4 it/s | elapsed 4.0 min | epoch ETA 3.2 min
  epoch 015 | batch 3,000/4,475 (67.0%) | loss 0.9998 (gt 0.1071, kd 0.0226) | 10.4 it/s | elapsed 4.8 min | epoch ETA 2.4 min
  epoch 015 | batch 3,500/4,475 (78.2%) | loss 0.9996 (gt 0.1070, kd 0.0226) | 10.3 it/s | elapsed 5.6 min | epoch ETA 1.6 min
  epoch 015 | batch 4,000/4,475 (89.4%) | loss 0.9995 (gt 0.1069, kd 0.0225) | 10.3 it/s | elapsed 6.4 min | epoch ETA 0.8 min
Epoch 015 | train 0.999615 (gt 0.106901, kd 0.022502) | val 0.892918 (gt 0.097502, kd 0.018514) | KL end 1.6094 path 2.0706 | rough FDE 1188.4m | proper FDE 1296.1m (teacher 820.8m)  ✓ best
  epoch 016 | batch 500/4,475 (11.2%) | loss 1.0005 (gt 0.1068, kd 0.0223) | 10.2 it/s | elapsed 0.8 min | epoch ETA 6.5 min
  epoch 016 | batch 1,000/4,475 (22.3%) | loss 1.0001 (gt 0.1065, kd 0.0221) | 10.3 it/s | elapsed 1.6 min | epoch ETA 5.6 min
  epoch 016 | batch 1,500/4,475 (33.5%) | loss 0.9994 (gt 0.1065, kd 0.0221) | 10.3 it/s | elapsed 2.4 min | epoch ETA 4.8 min
  epoch 016 | batch 2,000/4,475 (44.7%) | loss 0.9996 (gt 0.1064, kd 0.0220) | 10.3 it/s | elapsed 3.2 min | epoch ETA 4.0 min
  epoch 016 | batch 2,500/4,475 (55.9%) | loss 0.9999 (gt 0.1064, kd 0.0220) | 10.3 it/s | elapsed 4.0 min | epoch ETA 3.2 min
  epoch 016 | batch 3,000/4,475 (67.0%) | loss 0.9997 (gt 0.1064, kd 0.0219) | 10.3 it/s | elapsed 4.9 min | epoch ETA 2.4 min
  epoch 016 | batch 3,500/4,475 (78.2%) | loss 0.9997 (gt 0.1064, kd 0.0219) | 10.3 it/s | elapsed 5.7 min | epoch ETA 1.6 min
  epoch 016 | batch 4,000/4,475 (89.4%) | loss 0.9998 (gt 0.1063, kd 0.0219) | 10.3 it/s | elapsed 6.5 min | epoch ETA 0.8 min
Epoch 016 | train 0.999737 (gt 0.106293, kd 0.021832) | val 0.885476 (gt 0.096688, kd 0.017682) | KL end 1.5590 path 1.9759 | rough FDE 1173.1m
  epoch 017 | batch 500/4,475 (11.2%) | loss 1.0007 (gt 0.1064, kd 0.0215) | 10.3 it/s | elapsed 0.8 min | epoch ETA 6.5 min
  epoch 017 | batch 1,000/4,475 (22.3%) | loss 1.0002 (gt 0.1061, kd 0.0214) | 10.3 it/s | elapsed 1.6 min | epoch ETA 5.6 min
  epoch 017 | batch 1,500/4,475 (33.5%) | loss 0.9993 (gt 0.1060, kd 0.0213) | 10.3 it/s | elapsed 2.4 min | epoch ETA 4.8 min
  epoch 017 | batch 2,000/4,475 (44.7%) | loss 0.9994 (gt 0.1059, kd 0.0213) | 10.3 it/s | elapsed 3.2 min | epoch ETA 4.0 min
  epoch 017 | batch 2,500/4,475 (55.9%) | loss 0.9996 (gt 0.1058, kd 0.0213) | 10.3 it/s | elapsed 4.0 min | epoch ETA 3.2 min
  epoch 017 | batch 3,000/4,475 (67.0%) | loss 0.9995 (gt 0.1057, kd 0.0212) | 10.3 it/s | elapsed 4.8 min | epoch ETA 2.4 min
  epoch 017 | batch 3,500/4,475 (78.2%) | loss 0.9998 (gt 0.1057, kd 0.0212) | 10.3 it/s | elapsed 5.7 min | epoch ETA 1.6 min
  epoch 017 | batch 4,000/4,475 (89.4%) | loss 0.9997 (gt 0.1056, kd 0.0211) | 10.3 it/s | elapsed 6.5 min | epoch ETA 0.8 min
Epoch 017 | train 0.999552 (gt 0.105558, kd 0.021088) | val 0.887135 (gt 0.095993, kd 0.016961) | KL end 1.5210 path 1.9055 | rough FDE 1158.6m
  epoch 018 | batch 500/4,475 (11.2%) | loss 1.0009 (gt 0.1055, kd 0.0208) | 10.2 it/s | elapsed 0.8 min | epoch ETA 6.5 min
  epoch 018 | batch 1,000/4,475 (22.3%) | loss 1.0001 (gt 0.1051, kd 0.0207) | 10.3 it/s | elapsed 1.6 min | epoch ETA 5.6 min
  epoch 018 | batch 1,500/4,475 (33.5%) | loss 1.0002 (gt 0.1052, kd 0.0207) | 10.3 it/s | elapsed 2.4 min | epoch ETA 4.8 min
  epoch 018 | batch 2,000/4,475 (44.7%) | loss 0.9996 (gt 0.1051, kd 0.0207) | 10.3 it/s | elapsed 3.2 min | epoch ETA 4.0 min
  epoch 018 | batch 2,500/4,475 (55.9%) | loss 0.9999 (gt 0.1051, kd 0.0206) | 10.3 it/s | elapsed 4.0 min | epoch ETA 3.2 min
  epoch 018 | batch 3,000/4,475 (67.0%) | loss 1.0000 (gt 0.1051, kd 0.0206) | 10.3 it/s | elapsed 4.9 min | epoch ETA 2.4 min
  epoch 018 | batch 3,500/4,475 (78.2%) | loss 1.0000 (gt 0.1051, kd 0.0206) | 10.3 it/s | elapsed 5.7 min | epoch ETA 1.6 min
  epoch 018 | batch 4,000/4,475 (89.4%) | loss 0.9999 (gt 0.1050, kd 0.0205) | 10.3 it/s | elapsed 6.5 min | epoch ETA 0.8 min
Epoch 018 | train 0.999838 (gt 0.104962, kd 0.020498) | val 0.879347 (gt 0.095384, kd 0.016329) | KL end 1.4938 path 1.8562 | rough FDE 1144.9m
  epoch 019 | batch 500/4,475 (11.2%) | loss 0.9992 (gt 0.1047, kd 0.0202) | 10.2 it/s | elapsed 0.8 min | epoch ETA 6.5 min
  epoch 019 | batch 1,000/4,475 (22.3%) | loss 0.9995 (gt 0.1047, kd 0.0201) | 10.3 it/s | elapsed 1.6 min | epoch ETA 5.6 min
  epoch 019 | batch 1,500/4,475 (33.5%) | loss 1.0005 (gt 0.1049, kd 0.0202) | 10.3 it/s | elapsed 2.4 min | epoch ETA 4.8 min
  epoch 019 | batch 2,000/4,475 (44.7%) | loss 0.9999 (gt 0.1049, kd 0.0202) | 10.3 it/s | elapsed 3.2 min | epoch ETA 4.0 min
  epoch 019 | batch 2,500/4,475 (55.9%) | loss 0.9995 (gt 0.1047, kd 0.0201) | 10.3 it/s | elapsed 4.0 min | epoch ETA 3.2 min
  epoch 019 | batch 3,000/4,475 (67.0%) | loss 0.9998 (gt 0.1046, kd 0.0200) | 10.3 it/s | elapsed 4.8 min | epoch ETA 2.4 min
  epoch 019 | batch 3,500/4,475 (78.2%) | loss 0.9996 (gt 0.1046, kd 0.0200) | 10.3 it/s | elapsed 5.6 min | epoch ETA 1.6 min
  epoch 019 | batch 4,000/4,475 (89.4%) | loss 0.9996 (gt 0.1045, kd 0.0200) | 10.3 it/s | elapsed 6.5 min | epoch ETA 0.8 min
Epoch 019 | train 0.999780 (gt 0.104489, kd 0.019948) | val 0.875061 (gt 0.094861, kd 0.015788) | KL end 1.4783 path 1.8320 | rough FDE 1135.7m
  epoch 020 | batch 500/4,475 (11.2%) | loss 0.9988 (gt 0.1041, kd 0.0196) | 10.2 it/s | elapsed 0.8 min | epoch ETA 6.5 min
  epoch 020 | batch 1,000/4,475 (22.3%) | loss 0.9987 (gt 0.1041, kd 0.0195) | 10.3 it/s | elapsed 1.6 min | epoch ETA 5.6 min
  epoch 020 | batch 1,500/4,475 (33.5%) | loss 0.9996 (gt 0.1041, kd 0.0196) | 10.3 it/s | elapsed 2.4 min | epoch ETA 4.8 min
  epoch 020 | batch 2,000/4,475 (44.7%) | loss 0.9994 (gt 0.1040, kd 0.0195) | 10.3 it/s | elapsed 3.2 min | epoch ETA 4.0 min
  epoch 020 | batch 2,500/4,475 (55.9%) | loss 0.9994 (gt 0.1040, kd 0.0195) | 10.3 it/s | elapsed 4.0 min | epoch ETA 3.2 min
  epoch 020 | batch 3,000/4,475 (67.0%) | loss 0.9995 (gt 0.1040, kd 0.0195) | 10.3 it/s | elapsed 4.9 min | epoch ETA 2.4 min
  epoch 020 | batch 3,500/4,475 (78.2%) | loss 0.9995 (gt 0.1039, kd 0.0194) | 10.3 it/s | elapsed 5.7 min | epoch ETA 1.6 min
  epoch 020 | batch 4,000/4,475 (89.4%) | loss 0.9998 (gt 0.1039, kd 0.0194) | 10.3 it/s | elapsed 6.5 min | epoch ETA 0.8 min
Epoch 020 | train 0.999645 (gt 0.103921, kd 0.019378) | val 0.876543 (gt 0.094358, kd 0.015273) | KL end 1.4773 path 1.8162 | rough FDE 1129.4m | proper FDE 1204.1m (teacher 820.8m)  ✓ best
  epoch 021 | batch 500/4,475 (11.2%) | loss 0.9998 (gt 0.1037, kd 0.0191) | 10.3 it/s | elapsed 0.8 min | epoch ETA 6.5 min
  epoch 021 | batch 1,000/4,475 (22.3%) | loss 0.9993 (gt 0.1037, kd 0.0191) | 10.3 it/s | elapsed 1.6 min | epoch ETA 5.6 min
  epoch 021 | batch 1,500/4,475 (33.5%) | loss 1.0001 (gt 0.1037, kd 0.0191) | 10.3 it/s | elapsed 2.4 min | epoch ETA 4.8 min
  epoch 021 | batch 2,000/4,475 (44.7%) | loss 0.9997 (gt 0.1036, kd 0.0190) | 10.3 it/s | elapsed 3.2 min | epoch ETA 4.0 min
  epoch 021 | batch 2,500/4,475 (55.9%) | loss 0.9997 (gt 0.1035, kd 0.0190) | 10.3 it/s | elapsed 4.0 min | epoch ETA 3.2 min
  epoch 021 | batch 3,000/4,475 (67.0%) | loss 0.9996 (gt 0.1035, kd 0.0190) | 10.3 it/s | elapsed 4.8 min | epoch ETA 2.4 min
  epoch 021 | batch 3,500/4,475 (78.2%) | loss 0.9998 (gt 0.1035, kd 0.0190) | 10.3 it/s | elapsed 5.6 min | epoch ETA 1.6 min
  epoch 021 | batch 4,000/4,475 (89.4%) | loss 0.9996 (gt 0.1034, kd 0.0189) | 10.3 it/s | elapsed 6.5 min | epoch ETA 0.8 min
Epoch 021 | train 0.999768 (gt 0.103399, kd 0.018901) | val 0.873817 (gt 0.093901, kd 0.014795) | KL end 1.4547 path 1.7878 | rough FDE 1124.4m
  epoch 022 | batch 500/4,475 (11.2%) | loss 0.9995 (gt 0.1029, kd 0.0186) | 10.2 it/s | elapsed 0.8 min | epoch ETA 6.5 min
  epoch 022 | batch 1,000/4,475 (22.3%) | loss 0.9998 (gt 0.1029, kd 0.0186) | 10.3 it/s | elapsed 1.6 min | epoch ETA 5.6 min
  epoch 022 | batch 1,500/4,475 (33.5%) | loss 0.9995 (gt 0.1028, kd 0.0185) | 10.3 it/s | elapsed 2.4 min | epoch ETA 4.8 min
  epoch 022 | batch 2,000/4,475 (44.7%) | loss 0.9998 (gt 0.1029, kd 0.0185) | 10.3 it/s | elapsed 3.2 min | epoch ETA 4.0 min
  epoch 022 | batch 2,500/4,475 (55.9%) | loss 0.9995 (gt 0.1029, kd 0.0185) | 10.3 it/s | elapsed 4.0 min | epoch ETA 3.2 min
  epoch 022 | batch 3,000/4,475 (67.0%) | loss 0.9997 (gt 0.1028, kd 0.0185) | 10.3 it/s | elapsed 4.8 min | epoch ETA 2.4 min
  epoch 022 | batch 3,500/4,475 (78.2%) | loss 0.9996 (gt 0.1028, kd 0.0185) | 10.3 it/s | elapsed 5.6 min | epoch ETA 1.6 min
  epoch 022 | batch 4,000/4,475 (89.4%) | loss 0.9999 (gt 0.1028, kd 0.0184) | 10.3 it/s | elapsed 6.4 min | epoch ETA 0.8 min
Epoch 022 | train 0.999579 (gt 0.102836, kd 0.018421) | val 0.879259 (gt 0.093495, kd 0.014356) | KL end 1.4330 path 1.7660 | rough FDE 1118.3m
  epoch 023 | batch 500/4,475 (11.2%) | loss 1.0010 (gt 0.1025, kd 0.0181) | 10.2 it/s | elapsed 0.8 min | epoch ETA 6.5 min
  epoch 023 | batch 1,000/4,475 (22.3%) | loss 1.0008 (gt 0.1026, kd 0.0182) | 10.3 it/s | elapsed 1.6 min | epoch ETA 5.6 min
  epoch 023 | batch 1,500/4,475 (33.5%) | loss 1.0002 (gt 0.1026, kd 0.0181) | 10.3 it/s | elapsed 2.4 min | epoch ETA 4.8 min
  epoch 023 | batch 2,000/4,475 (44.7%) | loss 1.0000 (gt 0.1026, kd 0.0181) | 10.3 it/s | elapsed 3.2 min | epoch ETA 4.0 min
  epoch 023 | batch 2,500/4,475 (55.9%) | loss 0.9999 (gt 0.1025, kd 0.0181) | 10.3 it/s | elapsed 4.1 min | epoch ETA 3.2 min
  epoch 023 | batch 3,000/4,475 (67.0%) | loss 1.0001 (gt 0.1025, kd 0.0180) | 10.3 it/s | elapsed 4.9 min | epoch ETA 2.4 min
  epoch 023 | batch 3,500/4,475 (78.2%) | loss 0.9999 (gt 0.1025, kd 0.0180) | 10.3 it/s | elapsed 5.7 min | epoch ETA 1.6 min
  epoch 023 | batch 4,000/4,475 (89.4%) | loss 1.0001 (gt 0.1025, kd 0.0180) | 10.3 it/s | elapsed 6.5 min | epoch ETA 0.8 min
Epoch 023 | train 0.999758 (gt 0.102423, kd 0.017980) | val 0.878185 (gt 0.093107, kd 0.013946) | KL end 1.4048 path 1.7369 | rough FDE 1111.7m
  epoch 024 | batch 500/4,475 (11.2%) | loss 1.0017 (gt 0.1022, kd 0.0178) | 10.3 it/s | elapsed 0.8 min | epoch ETA 6.4 min
  epoch 024 | batch 1,000/4,475 (22.3%) | loss 1.0006 (gt 0.1020, kd 0.0177) | 10.3 it/s | elapsed 1.6 min | epoch ETA 5.6 min
  epoch 024 | batch 1,500/4,475 (33.5%) | loss 1.0007 (gt 0.1022, kd 0.0177) | 10.3 it/s | elapsed 2.4 min | epoch ETA 4.8 min
  epoch 024 | batch 2,000/4,475 (44.7%) | loss 1.0001 (gt 0.1021, kd 0.0177) | 10.3 it/s | elapsed 3.2 min | epoch ETA 4.0 min
  epoch 024 | batch 2,500/4,475 (55.9%) | loss 1.0002 (gt 0.1021, kd 0.0177) | 10.3 it/s | elapsed 4.0 min | epoch ETA 3.2 min
  epoch 024 | batch 3,000/4,475 (67.0%) | loss 1.0000 (gt 0.1020, kd 0.0176) | 10.3 it/s | elapsed 4.8 min | epoch ETA 2.4 min
  epoch 024 | batch 3,500/4,475 (78.2%) | loss 0.9999 (gt 0.1020, kd 0.0176) | 10.3 it/s | elapsed 5.6 min | epoch ETA 1.6 min
  epoch 024 | batch 4,000/4,475 (89.4%) | loss 0.9999 (gt 0.1020, kd 0.0176) | 10.3 it/s | elapsed 6.5 min | epoch ETA 0.8 min
Epoch 024 | train 0.999851 (gt 0.101974, kd 0.017559) | val 0.873633 (gt 0.092756, kd 0.013559) | KL end 1.3831 path 1.7173 | rough FDE 1105.4m
  epoch 025 | batch 500/4,475 (11.2%) | loss 0.9981 (gt 0.1016, kd 0.0172) | 10.3 it/s | elapsed 0.8 min | epoch ETA 6.5 min
  epoch 025 | batch 1,000/4,475 (22.3%) | loss 1.0000 (gt 0.1017, kd 0.0173) | 10.3 it/s | elapsed 1.6 min | epoch ETA 5.6 min
  epoch 025 | batch 1,500/4,475 (33.5%) | loss 1.0002 (gt 0.1018, kd 0.0173) | 10.3 it/s | elapsed 2.4 min | epoch ETA 4.8 min
  epoch 025 | batch 2,000/4,475 (44.7%) | loss 1.0002 (gt 0.1018, kd 0.0173) | 10.3 it/s | elapsed 3.2 min | epoch ETA 4.0 min
  epoch 025 | batch 2,500/4,475 (55.9%) | loss 0.9996 (gt 0.1018, kd 0.0173) | 10.3 it/s | elapsed 4.0 min | epoch ETA 3.2 min
  epoch 025 | batch 3,000/4,475 (67.0%) | loss 1.0001 (gt 0.1017, kd 0.0173) | 10.3 it/s | elapsed 4.8 min | epoch ETA 2.4 min
  epoch 025 | batch 3,500/4,475 (78.2%) | loss 0.9998 (gt 0.1017, kd 0.0173) | 10.3 it/s | elapsed 5.7 min | epoch ETA 1.6 min
  epoch 025 | batch 4,000/4,475 (89.4%) | loss 0.9998 (gt 0.1017, kd 0.0172) | 10.3 it/s | elapsed 6.5 min | epoch ETA 0.8 min
Epoch 025 | train 0.999767 (gt 0.101652, kd 0.017214) | val 0.872942 (gt 0.092414, kd 0.013201) | KL end 1.3690 path 1.7019 | rough FDE 1099.3m | proper FDE 1150.9m (teacher 820.8m)  ✓ best
  epoch 026 | batch 500/4,475 (11.2%) | loss 1.0004 (gt 0.1013, kd 0.0169) | 10.2 it/s | elapsed 0.8 min | epoch ETA 6.5 min
  epoch 026 | batch 1,000/4,475 (22.3%) | loss 1.0009 (gt 0.1014, kd 0.0169) | 10.3 it/s | elapsed 1.6 min | epoch ETA 5.6 min
  epoch 026 | batch 1,500/4,475 (33.5%) | loss 0.9995 (gt 0.1013, kd 0.0169) | 10.3 it/s | elapsed 2.4 min | epoch ETA 4.8 min
  epoch 026 | batch 2,000/4,475 (44.7%) | loss 0.9998 (gt 0.1012, kd 0.0169) | 10.3 it/s | elapsed 3.2 min | epoch ETA 4.0 min
  epoch 026 | batch 2,500/4,475 (55.9%) | loss 0.9999 (gt 0.1012, kd 0.0169) | 10.3 it/s | elapsed 4.0 min | epoch ETA 3.2 min
  epoch 026 | batch 3,000/4,475 (67.0%) | loss 1.0000 (gt 0.1012, kd 0.0169) | 10.3 it/s | elapsed 4.9 min | epoch ETA 2.4 min
  epoch 026 | batch 3,500/4,475 (78.2%) | loss 1.0000 (gt 0.1012, kd 0.0168) | 10.3 it/s | elapsed 5.7 min | epoch ETA 1.6 min
  epoch 026 | batch 4,000/4,475 (89.4%) | loss 0.9999 (gt 0.1012, kd 0.0168) | 10.3 it/s | elapsed 6.5 min | epoch ETA 0.8 min
Epoch 026 | train 0.999813 (gt 0.101248, kd 0.016816) | val 0.870974 (gt 0.092086, kd 0.012860) | KL end 1.3468 path 1.6660 | rough FDE 1095.0m
  epoch 027 | batch 500/4,475 (11.2%) | loss 1.0005 (gt 0.1012, kd 0.0167) | 10.2 it/s | elapsed 0.8 min | epoch ETA 6.5 min
  epoch 027 | batch 1,000/4,475 (22.3%) | loss 1.0009 (gt 0.1013, kd 0.0167) | 10.3 it/s | elapsed 1.6 min | epoch ETA 5.6 min
  epoch 027 | batch 1,500/4,475 (33.5%) | loss 1.0003 (gt 0.1013, kd 0.0167) | 10.3 it/s | elapsed 2.4 min | epoch ETA 4.8 min
  epoch 027 | batch 2,000/4,475 (44.7%) | loss 0.9998 (gt 0.1011, kd 0.0166) | 10.3 it/s | elapsed 3.2 min | epoch ETA 4.0 min
  epoch 027 | batch 2,500/4,475 (55.9%) | loss 0.9998 (gt 0.1010, kd 0.0165) | 10.3 it/s | elapsed 4.1 min | epoch ETA 3.2 min
  epoch 027 | batch 3,000/4,475 (67.0%) | loss 1.0001 (gt 0.1011, kd 0.0165) | 10.3 it/s | elapsed 4.9 min | epoch ETA 2.4 min
  epoch 027 | batch 3,500/4,475 (78.2%) | loss 0.9998 (gt 0.1010, kd 0.0165) | 10.3 it/s | elapsed 5.7 min | epoch ETA 1.6 min
  epoch 027 | batch 4,000/4,475 (89.4%) | loss 0.9999 (gt 0.1010, kd 0.0165) | 10.3 it/s | elapsed 6.5 min | epoch ETA 0.8 min
Epoch 027 | train 0.999653 (gt 0.100947, kd 0.016478) | val 0.875397 (gt 0.091790, kd 0.012534) | KL end 1.3293 path 1.6437 | rough FDE 1088.9m
  epoch 028 | batch 500/4,475 (11.2%) | loss 1.0013 (gt 0.1002, kd 0.0162) | 10.2 it/s | elapsed 0.8 min | epoch ETA 6.5 min
  epoch 028 | batch 1,000/4,475 (22.3%) | loss 1.0003 (gt 0.1004, kd 0.0162) | 10.3 it/s | elapsed 1.6 min | epoch ETA 5.6 min
  epoch 028 | batch 1,500/4,475 (33.5%) | loss 1.0008 (gt 0.1006, kd 0.0162) | 10.3 it/s | elapsed 2.4 min | epoch ETA 4.8 min
  epoch 028 | batch 2,000/4,475 (44.7%) | loss 1.0004 (gt 0.1007, kd 0.0162) | 10.3 it/s | elapsed 3.2 min | epoch ETA 4.0 min
  epoch 028 | batch 2,500/4,475 (55.9%) | loss 1.0002 (gt 0.1007, kd 0.0162) | 10.3 it/s | elapsed 4.1 min | epoch ETA 3.2 min
  epoch 028 | batch 3,000/4,475 (67.0%) | loss 0.9999 (gt 0.1007, kd 0.0162) | 10.3 it/s | elapsed 4.9 min | epoch ETA 2.4 min
  epoch 028 | batch 3,500/4,475 (78.2%) | loss 0.9997 (gt 0.1006, kd 0.0161) | 10.3 it/s | elapsed 5.7 min | epoch ETA 1.6 min
  epoch 028 | batch 4,000/4,475 (89.4%) | loss 1.0002 (gt 0.1006, kd 0.0161) | 10.3 it/s | elapsed 6.5 min | epoch ETA 0.8 min
Epoch 028 | train 1.000003 (gt 0.100561, kd 0.016120) | val 0.866499 (gt 0.091501, kd 0.012228) | KL end 1.3053 path 1.6140 | rough FDE 1083.2m
  epoch 029 | batch 500/4,475 (11.2%) | loss 0.9982 (gt 0.1004, kd 0.0159) | 10.2 it/s | elapsed 0.8 min | epoch ETA 6.5 min
  epoch 029 | batch 1,000/4,475 (22.3%) | loss 1.0001 (gt 0.1003, kd 0.0159) | 10.3 it/s | elapsed 1.6 min | epoch ETA 5.6 min
  epoch 029 | batch 1,500/4,475 (33.5%) | loss 0.9995 (gt 0.1003, kd 0.0159) | 10.3 it/s | elapsed 2.4 min | epoch ETA 4.8 min
  epoch 029 | batch 2,000/4,475 (44.7%) | loss 0.9997 (gt 0.1003, kd 0.0159) | 10.3 it/s | elapsed 3.2 min | epoch ETA 4.0 min
  epoch 029 | batch 2,500/4,475 (55.9%) | loss 0.9994 (gt 0.1002, kd 0.0158) | 10.3 it/s | elapsed 4.1 min | epoch ETA 3.2 min
  epoch 029 | batch 3,000/4,475 (67.0%) | loss 0.9997 (gt 0.1002, kd 0.0158) | 10.3 it/s | elapsed 4.9 min | epoch ETA 2.4 min
  epoch 029 | batch 3,500/4,475 (78.2%) | loss 0.9999 (gt 0.1002, kd 0.0158) | 10.3 it/s | elapsed 5.7 min | epoch ETA 1.6 min
  epoch 029 | batch 4,000/4,475 (89.4%) | loss 0.9999 (gt 0.1002, kd 0.0158) | 10.3 it/s | elapsed 6.5 min | epoch ETA 0.8 min
Epoch 029 | train 0.999824 (gt 0.100199, kd 0.015820) | val 0.864983 (gt 0.091225, kd 0.011947) | KL end 1.2812 path 1.5855 | rough FDE 1080.6m
  epoch 030 | batch 500/4,475 (11.2%) | loss 1.0003 (gt 0.1003, kd 0.0157) | 10.2 it/s | elapsed 0.8 min | epoch ETA 6.5 min
  epoch 030 | batch 1,000/4,475 (22.3%) | loss 0.9991 (gt 0.1001, kd 0.0156) | 10.3 it/s | elapsed 1.6 min | epoch ETA 5.6 min
  epoch 030 | batch 1,500/4,475 (33.5%) | loss 0.9997 (gt 0.1000, kd 0.0156) | 10.3 it/s | elapsed 2.4 min | epoch ETA 4.8 min
  epoch 030 | batch 2,000/4,475 (44.7%) | loss 0.9998 (gt 0.1000, kd 0.0156) | 10.3 it/s | elapsed 3.2 min | epoch ETA 4.0 min
  epoch 030 | batch 2,500/4,475 (55.9%) | loss 0.9997 (gt 0.1000, kd 0.0156) | 10.3 it/s | elapsed 4.0 min | epoch ETA 3.2 min
  epoch 030 | batch 3,000/4,475 (67.0%) | loss 0.9998 (gt 0.1000, kd 0.0156) | 10.3 it/s | elapsed 4.9 min | epoch ETA 2.4 min
  epoch 030 | batch 3,500/4,475 (78.2%) | loss 0.9995 (gt 0.0999, kd 0.0155) | 10.3 it/s | elapsed 5.7 min | epoch ETA 1.6 min
  epoch 030 | batch 4,000/4,475 (89.4%) | loss 0.9998 (gt 0.0999, kd 0.0155) | 10.3 it/s | elapsed 6.5 min | epoch ETA 0.8 min
Epoch 030 | train 0.999824 (gt 0.099876, kd 0.015497) | val 0.863501 (gt 0.090984, kd 0.011682) | KL end 1.2584 path 1.5501 | rough FDE 1077.5m | proper FDE 1107.9m (teacher 820.8m)  ✓ best
  epoch 031 | batch 500/4,475 (11.2%) | loss 1.0001 (gt 0.1002, kd 0.0153) | 10.2 it/s | elapsed 0.8 min | epoch ETA 6.5 min
  epoch 031 | batch 1,000/4,475 (22.3%) | loss 0.9994 (gt 0.0999, kd 0.0153) | 10.3 it/s | elapsed 1.6 min | epoch ETA 5.6 min
  epoch 031 | batch 1,500/4,475 (33.5%) | loss 0.9997 (gt 0.0997, kd 0.0153) | 10.3 it/s | elapsed 2.4 min | epoch ETA 4.8 min
  epoch 031 | batch 2,000/4,475 (44.7%) | loss 0.9998 (gt 0.0998, kd 0.0153) | 10.3 it/s | elapsed 3.2 min | epoch ETA 4.0 min
  epoch 031 | batch 2,500/4,475 (55.9%) | loss 0.9998 (gt 0.0998, kd 0.0153) | 10.3 it/s | elapsed 4.0 min | epoch ETA 3.2 min
  epoch 031 | batch 3,000/4,475 (67.0%) | loss 0.9996 (gt 0.0998, kd 0.0153) | 10.3 it/s | elapsed 4.9 min | epoch ETA 2.4 min
  epoch 031 | batch 3,500/4,475 (78.2%) | loss 0.9998 (gt 0.0998, kd 0.0153) | 10.3 it/s | elapsed 5.7 min | epoch ETA 1.6 min
  epoch 031 | batch 4,000/4,475 (89.4%) | loss 0.9996 (gt 0.0998, kd 0.0152) | 10.3 it/s | elapsed 6.5 min | epoch ETA 0.8 min
Epoch 031 | train 0.999771 (gt 0.099714, kd 0.015235) | val 0.865192 (gt 0.090762, kd 0.011446) | KL end 1.2393 path 1.5182 | rough FDE 1073.4m
  epoch 032 | batch 500/4,475 (11.2%) | loss 0.9993 (gt 0.0993, kd 0.0151) | 10.2 it/s | elapsed 0.8 min | epoch ETA 6.5 min
  epoch 032 | batch 1,000/4,475 (22.3%) | loss 0.9997 (gt 0.0994, kd 0.0151) | 10.3 it/s | elapsed 1.6 min | epoch ETA 5.6 min
  epoch 032 | batch 1,500/4,475 (33.5%) | loss 0.9997 (gt 0.0995, kd 0.0150) | 10.3 it/s | elapsed 2.4 min | epoch ETA 4.8 min
  epoch 032 | batch 2,000/4,475 (44.7%) | loss 0.9995 (gt 0.0994, kd 0.0150) | 10.3 it/s | elapsed 3.2 min | epoch ETA 4.0 min
  epoch 032 | batch 2,500/4,475 (55.9%) | loss 0.9999 (gt 0.0994, kd 0.0150) | 10.3 it/s | elapsed 4.1 min | epoch ETA 3.2 min
  epoch 032 | batch 3,000/4,475 (67.0%) | loss 0.9998 (gt 0.0994, kd 0.0150) | 10.3 it/s | elapsed 4.9 min | epoch ETA 2.4 min
  epoch 032 | batch 3,500/4,475 (78.2%) | loss 0.9999 (gt 0.0995, kd 0.0150) | 10.3 it/s | elapsed 5.7 min | epoch ETA 1.6 min
  epoch 032 | batch 4,000/4,475 (89.4%) | loss 0.9999 (gt 0.0994, kd 0.0150) | 10.3 it/s | elapsed 6.5 min | epoch ETA 0.8 min
Epoch 032 | train 0.999942 (gt 0.099445, kd 0.014946) | val 0.860250 (gt 0.090550, kd 0.011225) | KL end 1.2256 path 1.5041 | rough FDE 1068.3m
  epoch 033 | batch 500/4,475 (11.2%) | loss 0.9997 (gt 0.0990, kd 0.0148) | 10.3 it/s | elapsed 0.8 min | epoch ETA 6.5 min
  epoch 033 | batch 1,000/4,475 (22.3%) | loss 0.9994 (gt 0.0993, kd 0.0148) | 10.3 it/s | elapsed 1.6 min | epoch ETA 5.6 min
  epoch 033 | batch 1,500/4,475 (33.5%) | loss 0.9991 (gt 0.0992, kd 0.0148) | 10.3 it/s | elapsed 2.4 min | epoch ETA 4.8 min
  epoch 033 | batch 2,000/4,475 (44.7%) | loss 0.9992 (gt 0.0991, kd 0.0148) | 10.3 it/s | elapsed 3.2 min | epoch ETA 4.0 min
  epoch 033 | batch 2,500/4,475 (55.9%) | loss 0.9994 (gt 0.0991, kd 0.0147) | 10.3 it/s | elapsed 4.0 min | epoch ETA 3.2 min
  epoch 033 | batch 3,000/4,475 (67.0%) | loss 0.9997 (gt 0.0991, kd 0.0147) | 10.3 it/s | elapsed 4.8 min | epoch ETA 2.4 min
  epoch 033 | batch 3,500/4,475 (78.2%) | loss 0.9996 (gt 0.0991, kd 0.0147) | 10.3 it/s | elapsed 5.7 min | epoch ETA 1.6 min
  epoch 033 | batch 4,000/4,475 (89.4%) | loss 0.9996 (gt 0.0991, kd 0.0147) | 10.3 it/s | elapsed 6.5 min | epoch ETA 0.8 min
Epoch 033 | train 0.999721 (gt 0.099088, kd 0.014711) | val 0.863822 (gt 0.090341, kd 0.011001) | KL end 1.2077 path 1.4800 | rough FDE 1065.3m
  epoch 034 | batch 500/4,475 (11.2%) | loss 0.9998 (gt 0.0989, kd 0.0146) | 10.2 it/s | elapsed 0.8 min | epoch ETA 6.5 min
  epoch 034 | batch 1,000/4,475 (22.3%) | loss 0.9995 (gt 0.0990, kd 0.0146) | 10.3 it/s | elapsed 1.6 min | epoch ETA 5.6 min
  epoch 034 | batch 1,500/4,475 (33.5%) | loss 0.9995 (gt 0.0988, kd 0.0145) | 10.3 it/s | elapsed 2.4 min | epoch ETA 4.8 min
  epoch 034 | batch 2,000/4,475 (44.7%) | loss 1.0002 (gt 0.0989, kd 0.0146) | 10.3 it/s | elapsed 3.2 min | epoch ETA 4.0 min
  epoch 034 | batch 2,500/4,475 (55.9%) | loss 0.9996 (gt 0.0989, kd 0.0145) | 10.3 it/s | elapsed 4.1 min | epoch ETA 3.2 min
  epoch 034 | batch 3,000/4,475 (67.0%) | loss 0.9997 (gt 0.0989, kd 0.0145) | 10.3 it/s | elapsed 4.9 min | epoch ETA 2.4 min
  epoch 034 | batch 3,500/4,475 (78.2%) | loss 0.9999 (gt 0.0989, kd 0.0145) | 10.3 it/s | elapsed 5.7 min | epoch ETA 1.6 min
  epoch 034 | batch 4,000/4,475 (89.4%) | loss 0.9998 (gt 0.0990, kd 0.0145) | 10.3 it/s | elapsed 6.5 min | epoch ETA 0.8 min
Epoch 034 | train 0.999923 (gt 0.098956, kd 0.014487) | val 0.860402 (gt 0.090163, kd 0.010806) | KL end 1.1962 path 1.4663 | rough FDE 1063.2m
  epoch 035 | batch 500/4,475 (11.2%) | loss 0.9990 (gt 0.0990, kd 0.0144) | 10.2 it/s | elapsed 0.8 min | epoch ETA 6.5 min
  epoch 035 | batch 1,000/4,475 (22.3%) | loss 1.0000 (gt 0.0990, kd 0.0144) | 10.3 it/s | elapsed 1.6 min | epoch ETA 5.6 min
  epoch 035 | batch 1,500/4,475 (33.5%) | loss 0.9991 (gt 0.0989, kd 0.0144) | 10.3 it/s | elapsed 2.4 min | epoch ETA 4.8 min
  epoch 035 | batch 2,000/4,475 (44.7%) | loss 0.9997 (gt 0.0989, kd 0.0143) | 10.3 it/s | elapsed 3.2 min | epoch ETA 4.0 min
  epoch 035 | batch 2,500/4,475 (55.9%) | loss 0.9995 (gt 0.0988, kd 0.0143) | 10.3 it/s | elapsed 4.1 min | epoch ETA 3.2 min
  epoch 035 | batch 3,000/4,475 (67.0%) | loss 0.9997 (gt 0.0988, kd 0.0143) | 10.3 it/s | elapsed 4.9 min | epoch ETA 2.4 min
  epoch 035 | batch 3,500/4,475 (78.2%) | loss 0.9997 (gt 0.0988, kd 0.0143) | 10.3 it/s | elapsed 5.7 min | epoch ETA 1.6 min
  epoch 035 | batch 4,000/4,475 (89.4%) | loss 0.9997 (gt 0.0988, kd 0.0143) | 10.3 it/s | elapsed 6.5 min | epoch ETA 0.8 min
Epoch 035 | train 0.999808 (gt 0.098768, kd 0.014261) | val 0.861284 (gt 0.089970, kd 0.010609) | KL end 1.1667 path 1.4373 | rough FDE 1060.4m | proper FDE 1079.2m (teacher 820.8m)  ✓ best
  epoch 036 | batch 500/4,475 (11.2%) | loss 0.9979 (gt 0.0981, kd 0.0139) | 10.2 it/s | elapsed 0.8 min | epoch ETA 6.5 min
  epoch 036 | batch 1,000/4,475 (22.3%) | loss 0.9995 (gt 0.0983, kd 0.0140) | 10.3 it/s | elapsed 1.6 min | epoch ETA 5.6 min
  epoch 036 | batch 1,500/4,475 (33.5%) | loss 0.9995 (gt 0.0983, kd 0.0140) | 10.3 it/s | elapsed 2.4 min | epoch ETA 4.8 min
  epoch 036 | batch 2,000/4,475 (44.7%) | loss 1.0001 (gt 0.0984, kd 0.0140) | 10.3 it/s | elapsed 3.2 min | epoch ETA 4.0 min
  epoch 036 | batch 2,500/4,475 (55.9%) | loss 0.9995 (gt 0.0984, kd 0.0140) | 10.3 it/s | elapsed 4.0 min | epoch ETA 3.2 min
  epoch 036 | batch 3,000/4,475 (67.0%) | loss 0.9998 (gt 0.0984, kd 0.0140) | 10.3 it/s | elapsed 4.8 min | epoch ETA 2.4 min
  epoch 036 | batch 3,500/4,475 (78.2%) | loss 0.9998 (gt 0.0985, kd 0.0140) | 10.3 it/s | elapsed 5.6 min | epoch ETA 1.6 min
  epoch 036 | batch 4,000/4,475 (89.4%) | loss 0.9998 (gt 0.0984, kd 0.0140) | 10.3 it/s | elapsed 6.5 min | epoch ETA 0.8 min
Epoch 036 | train 0.999762 (gt 0.098451, kd 0.013996) | val 0.863768 (gt 0.089785, kd 0.010429) | KL end 1.1472 path 1.4140 | rough FDE 1058.1m
  epoch 037 | batch 500/4,475 (11.2%) | loss 1.0008 (gt 0.0985, kd 0.0139) | 10.2 it/s | elapsed 0.8 min | epoch ETA 6.5 min
  epoch 037 | batch 1,000/4,475 (22.3%) | loss 1.0002 (gt 0.0985, kd 0.0139) | 10.3 it/s | elapsed 1.6 min | epoch ETA 5.6 min
  epoch 037 | batch 1,500/4,475 (33.5%) | loss 1.0001 (gt 0.0986, kd 0.0139) | 10.2 it/s | elapsed 2.5 min | epoch ETA 4.9 min
  epoch 037 | batch 2,000/4,475 (44.7%) | loss 0.9998 (gt 0.0985, kd 0.0139) | 10.1 it/s | elapsed 3.3 min | epoch ETA 4.1 min
  epoch 037 | batch 2,500/4,475 (55.9%) | loss 0.9996 (gt 0.0983, kd 0.0138) | 10.0 it/s | elapsed 4.1 min | epoch ETA 3.3 min
  epoch 037 | batch 3,000/4,475 (67.0%) | loss 0.9999 (gt 0.0983, kd 0.0138) | 10.0 it/s | elapsed 5.0 min | epoch ETA 2.4 min
  epoch 037 | batch 3,500/4,475 (78.2%) | loss 0.9998 (gt 0.0983, kd 0.0138) | 10.1 it/s | elapsed 5.8 min | epoch ETA 1.6 min
  epoch 037 | batch 4,000/4,475 (89.4%) | loss 0.9999 (gt 0.0983, kd 0.0138) | 10.1 it/s | elapsed 6.6 min | epoch ETA 0.8 min
Epoch 037 | train 1.000065 (gt 0.098290, kd 0.013807) | val 0.855500 (gt 0.089616, kd 0.010248) | KL end 1.1306 path 1.4003 | rough FDE 1053.3m
  epoch 038 | batch 500/4,475 (11.2%) | loss 0.9980 (gt 0.0982, kd 0.0137) | 10.2 it/s | elapsed 0.8 min | epoch ETA 6.5 min
  epoch 038 | batch 1,000/4,475 (22.3%) | loss 0.9987 (gt 0.0981, kd 0.0137) | 10.3 it/s | elapsed 1.6 min | epoch ETA 5.6 min
  epoch 038 | batch 1,500/4,475 (33.5%) | loss 0.9989 (gt 0.0980, kd 0.0136) | 10.3 it/s | elapsed 2.4 min | epoch ETA 4.8 min
  epoch 038 | batch 2,000/4,475 (44.7%) | loss 0.9994 (gt 0.0981, kd 0.0136) | 10.3 it/s | elapsed 3.2 min | epoch ETA 4.0 min
  epoch 038 | batch 2,500/4,475 (55.9%) | loss 0.9996 (gt 0.0982, kd 0.0136) | 10.3 it/s | elapsed 4.0 min | epoch ETA 3.2 min
  epoch 038 | batch 3,000/4,475 (67.0%) | loss 0.9994 (gt 0.0981, kd 0.0136) | 10.3 it/s | elapsed 4.8 min | epoch ETA 2.4 min
  epoch 038 | batch 3,500/4,475 (78.2%) | loss 0.9996 (gt 0.0981, kd 0.0136) | 10.3 it/s | elapsed 5.7 min | epoch ETA 1.6 min
  epoch 038 | batch 4,000/4,475 (89.4%) | loss 0.9996 (gt 0.0981, kd 0.0136) | 10.3 it/s | elapsed 6.5 min | epoch ETA 0.8 min
Epoch 038 | train 0.999726 (gt 0.098083, kd 0.013583) | val 0.860031 (gt 0.089449, kd 0.010089) | KL end 1.1180 path 1.3898 | rough FDE 1048.7m
  epoch 039 | batch 500/4,475 (11.2%) | loss 0.9977 (gt 0.0981, kd 0.0134) | 10.2 it/s | elapsed 0.8 min | epoch ETA 6.5 min
  epoch 039 | batch 1,000/4,475 (22.3%) | loss 1.0006 (gt 0.0981, kd 0.0135) | 10.3 it/s | elapsed 1.6 min | epoch ETA 5.6 min
  epoch 039 | batch 1,500/4,475 (33.5%) | loss 0.9992 (gt 0.0980, kd 0.0135) | 10.3 it/s | elapsed 2.4 min | epoch ETA 4.8 min
  epoch 039 | batch 2,000/4,475 (44.7%) | loss 0.9993 (gt 0.0979, kd 0.0135) | 10.3 it/s | elapsed 3.2 min | epoch ETA 4.0 min
  epoch 039 | batch 2,500/4,475 (55.9%) | loss 0.9997 (gt 0.0979, kd 0.0134) | 10.3 it/s | elapsed 4.0 min | epoch ETA 3.2 min
  epoch 039 | batch 3,000/4,475 (67.0%) | loss 0.9997 (gt 0.0979, kd 0.0134) | 10.3 it/s | elapsed 4.8 min | epoch ETA 2.4 min
  epoch 039 | batch 3,500/4,475 (78.2%) | loss 0.9997 (gt 0.0979, kd 0.0134) | 10.3 it/s | elapsed 5.7 min | epoch ETA 1.6 min
  epoch 039 | batch 4,000/4,475 (89.4%) | loss 0.9998 (gt 0.0978, kd 0.0134) | 10.3 it/s | elapsed 6.5 min | epoch ETA 0.8 min
Epoch 039 | train 0.999738 (gt 0.097810, kd 0.013374) | val 0.864212 (gt 0.089298, kd 0.009939) | KL end 1.1055 path 1.3781 | rough FDE 1047.4m
  epoch 040 | batch 500/4,475 (11.2%) | loss 1.0000 (gt 0.0978, kd 0.0132) | 10.3 it/s | elapsed 0.8 min | epoch ETA 6.5 min
  epoch 040 | batch 1,000/4,475 (22.3%) | loss 1.0000 (gt 0.0977, kd 0.0132) | 10.3 it/s | elapsed 1.6 min | epoch ETA 5.6 min
  epoch 040 | batch 1,500/4,475 (33.5%) | loss 0.9998 (gt 0.0977, kd 0.0132) | 10.3 it/s | elapsed 2.4 min | epoch ETA 4.8 min
  epoch 040 | batch 2,000/4,475 (44.7%) | loss 0.9998 (gt 0.0977, kd 0.0132) | 10.3 it/s | elapsed 3.2 min | epoch ETA 4.0 min
  epoch 040 | batch 2,500/4,475 (55.9%) | loss 0.9997 (gt 0.0976, kd 0.0132) | 10.3 it/s | elapsed 4.0 min | epoch ETA 3.2 min
  epoch 040 | batch 3,000/4,475 (67.0%) | loss 0.9999 (gt 0.0976, kd 0.0132) | 10.3 it/s | elapsed 4.8 min | epoch ETA 2.4 min
  epoch 040 | batch 3,500/4,475 (78.2%) | loss 0.9998 (gt 0.0975, kd 0.0132) | 10.3 it/s | elapsed 5.6 min | epoch ETA 1.6 min
  epoch 040 | batch 4,000/4,475 (89.4%) | loss 0.9998 (gt 0.0976, kd 0.0132) | 10.3 it/s | elapsed 6.4 min | epoch ETA 0.8 min
Epoch 040 | train 0.999998 (gt 0.097613, kd 0.013186) | val 0.858545 (gt 0.089148, kd 0.009792) | KL end 1.1026 path 1.3683 | rough FDE 1044.7m | proper FDE 1061.6m (teacher 820.8m)  ✓ best
  epoch 041 | batch 500/4,475 (11.2%) | loss 0.9980 (gt 0.0973, kd 0.0131) | 10.2 it/s | elapsed 0.8 min | epoch ETA 6.5 min
  epoch 041 | batch 1,000/4,475 (22.3%) | loss 0.9987 (gt 0.0974, kd 0.0131) | 10.3 it/s | elapsed 1.6 min | epoch ETA 5.6 min
  epoch 041 | batch 1,500/4,475 (33.5%) | loss 0.9997 (gt 0.0976, kd 0.0131) | 10.3 it/s | elapsed 2.4 min | epoch ETA 4.8 min
  epoch 041 | batch 2,000/4,475 (44.7%) | loss 0.9995 (gt 0.0976, kd 0.0131) | 10.3 it/s | elapsed 3.2 min | epoch ETA 4.0 min
  epoch 041 | batch 2,500/4,475 (55.9%) | loss 0.9996 (gt 0.0976, kd 0.0130) | 10.3 it/s | elapsed 4.0 min | epoch ETA 3.2 min
  epoch 041 | batch 3,000/4,475 (67.0%) | loss 0.9997 (gt 0.0976, kd 0.0130) | 10.3 it/s | elapsed 4.8 min | epoch ETA 2.4 min
  epoch 041 | batch 3,500/4,475 (78.2%) | loss 0.9997 (gt 0.0976, kd 0.0130) | 10.3 it/s | elapsed 5.6 min | epoch ETA 1.6 min
  epoch 041 | batch 4,000/4,475 (89.4%) | loss 0.9996 (gt 0.0975, kd 0.0130) | 10.3 it/s | elapsed 6.5 min | epoch ETA 0.8 min
Epoch 041 | train 0.999799 (gt 0.097574, kd 0.013012) | val 0.860525 (gt 0.088993, kd 0.009652) | KL end 1.0913 path 1.3495 | rough FDE 1039.8m
  epoch 042 | batch 500/4,475 (11.2%) | loss 0.9986 (gt 0.0972, kd 0.0128) | 10.2 it/s | elapsed 0.8 min | epoch ETA 6.5 min
  epoch 042 | batch 1,000/4,475 (22.3%) | loss 0.9994 (gt 0.0971, kd 0.0128) | 10.2 it/s | elapsed 1.6 min | epoch ETA 5.7 min
  epoch 042 | batch 1,500/4,475 (33.5%) | loss 0.9993 (gt 0.0972, kd 0.0128) | 10.3 it/s | elapsed 2.4 min | epoch ETA 4.8 min
  epoch 042 | batch 2,000/4,475 (44.7%) | loss 0.9996 (gt 0.0973, kd 0.0128) | 10.3 it/s | elapsed 3.2 min | epoch ETA 4.0 min
  epoch 042 | batch 2,500/4,475 (55.9%) | loss 1.0000 (gt 0.0973, kd 0.0129) | 10.3 it/s | elapsed 4.1 min | epoch ETA 3.2 min
  epoch 042 | batch 3,000/4,475 (67.0%) | loss 0.9997 (gt 0.0972, kd 0.0129) | 10.3 it/s | elapsed 4.9 min | epoch ETA 2.4 min
  epoch 042 | batch 3,500/4,475 (78.2%) | loss 0.9997 (gt 0.0972, kd 0.0128) | 10.3 it/s | elapsed 5.7 min | epoch ETA 1.6 min
  epoch 042 | batch 4,000/4,475 (89.4%) | loss 0.9997 (gt 0.0973, kd 0.0128) | 10.3 it/s | elapsed 6.5 min | epoch ETA 0.8 min
Epoch 042 | train 0.999767 (gt 0.097226, kd 0.012830) | val 0.864448 (gt 0.088856, kd 0.009513) | KL end 1.0821 path 1.3403 | rough FDE 1037.9m
  epoch 043 | batch 500/4,475 (11.2%) | loss 0.9992 (gt 0.0970, kd 0.0126) | 10.3 it/s | elapsed 0.8 min | epoch ETA 6.5 min
  epoch 043 | batch 1,000/4,475 (22.3%) | loss 0.9995 (gt 0.0970, kd 0.0126) | 10.3 it/s | elapsed 1.6 min | epoch ETA 5.6 min
  epoch 043 | batch 1,500/4,475 (33.5%) | loss 0.9998 (gt 0.0970, kd 0.0126) | 10.3 it/s | elapsed 2.4 min | epoch ETA 4.8 min
  epoch 043 | batch 2,000/4,475 (44.7%) | loss 1.0001 (gt 0.0970, kd 0.0127) | 10.3 it/s | elapsed 3.2 min | epoch ETA 4.0 min
  epoch 043 | batch 2,500/4,475 (55.9%) | loss 1.0001 (gt 0.0970, kd 0.0127) | 10.3 it/s | elapsed 4.0 min | epoch ETA 3.2 min
  epoch 043 | batch 3,000/4,475 (67.0%) | loss 1.0001 (gt 0.0970, kd 0.0126) | 10.3 it/s | elapsed 4.8 min | epoch ETA 2.4 min
  epoch 043 | batch 3,500/4,475 (78.2%) | loss 1.0000 (gt 0.0970, kd 0.0126) | 10.3 it/s | elapsed 5.7 min | epoch ETA 1.6 min
  epoch 043 | batch 4,000/4,475 (89.4%) | loss 1.0000 (gt 0.0971, kd 0.0127) | 10.3 it/s | elapsed 6.5 min | epoch ETA 0.8 min
Epoch 043 | train 0.999780 (gt 0.097070, kd 0.012640) | val 0.867678 (gt 0.088709, kd 0.009377) | KL end 1.0720 path 1.3221 | rough FDE 1033.2m
  epoch 044 | batch 500/4,475 (11.2%) | loss 1.0001 (gt 0.0967, kd 0.0125) | 10.3 it/s | elapsed 0.8 min | epoch ETA 6.5 min
  epoch 044 | batch 1,000/4,475 (22.3%) | loss 1.0001 (gt 0.0968, kd 0.0125) | 10.3 it/s | elapsed 1.6 min | epoch ETA 5.6 min
  epoch 044 | batch 1,500/4,475 (33.5%) | loss 1.0002 (gt 0.0969, kd 0.0125) | 10.3 it/s | elapsed 2.4 min | epoch ETA 4.8 min
  epoch 044 | batch 2,000/4,475 (44.7%) | loss 1.0000 (gt 0.0969, kd 0.0125) | 10.3 it/s | elapsed 3.2 min | epoch ETA 4.0 min
  epoch 044 | batch 2,500/4,475 (55.9%) | loss 1.0003 (gt 0.0969, kd 0.0125) | 10.3 it/s | elapsed 4.0 min | epoch ETA 3.2 min
  epoch 044 | batch 3,000/4,475 (67.0%) | loss 1.0003 (gt 0.0970, kd 0.0125) | 10.3 it/s | elapsed 4.8 min | epoch ETA 2.4 min
  epoch 044 | batch 3,500/4,475 (78.2%) | loss 1.0002 (gt 0.0970, kd 0.0125) | 10.3 it/s | elapsed 5.6 min | epoch ETA 1.6 min
  epoch 044 | batch 4,000/4,475 (89.4%) | loss 1.0000 (gt 0.0970, kd 0.0125) | 10.3 it/s | elapsed 6.5 min | epoch ETA 0.8 min
Epoch 044 | train 0.999975 (gt 0.096970, kd 0.012472) | val 0.863760 (gt 0.088590, kd 0.009256) | KL end 1.0511 path 1.3087 | rough FDE 1032.0m
  epoch 045 | batch 500/4,475 (11.2%) | loss 0.9995 (gt 0.0968, kd 0.0124) | 10.3 it/s | elapsed 0.8 min | epoch ETA 6.5 min
  epoch 045 | batch 1,000/4,475 (22.3%) | loss 0.9995 (gt 0.0967, kd 0.0124) | 10.3 it/s | elapsed 1.6 min | epoch ETA 5.6 min
  epoch 045 | batch 1,500/4,475 (33.5%) | loss 0.9996 (gt 0.0968, kd 0.0123) | 10.3 it/s | elapsed 2.4 min | epoch ETA 4.8 min
  epoch 045 | batch 2,000/4,475 (44.7%) | loss 0.9999 (gt 0.0969, kd 0.0123) | 10.3 it/s | elapsed 3.2 min | epoch ETA 4.0 min
  epoch 045 | batch 2,500/4,475 (55.9%) | loss 0.9998 (gt 0.0968, kd 0.0123) | 10.3 it/s | elapsed 4.0 min | epoch ETA 3.2 min
  epoch 045 | batch 3,000/4,475 (67.0%) | loss 0.9997 (gt 0.0967, kd 0.0123) | 10.3 it/s | elapsed 4.8 min | epoch ETA 2.4 min
  epoch 045 | batch 3,500/4,475 (78.2%) | loss 0.9998 (gt 0.0967, kd 0.0123) | 10.3 it/s | elapsed 5.6 min | epoch ETA 1.6 min
  epoch 045 | batch 4,000/4,475 (89.4%) | loss 1.0000 (gt 0.0967, kd 0.0123) | 10.3 it/s | elapsed 6.5 min | epoch ETA 0.8 min
Epoch 045 | train 0.999912 (gt 0.096725, kd 0.012317) | val 0.862507 (gt 0.088474, kd 0.009137) | KL end 1.0315 path 1.2967 | rough FDE 1031.4m | proper FDE 1036.9m (teacher 820.8m)  ✓ best
  epoch 046 | batch 500/4,475 (11.2%) | loss 0.9993 (gt 0.0968, kd 0.0122) | 10.2 it/s | elapsed 0.8 min | epoch ETA 6.5 min
  epoch 046 | batch 1,000/4,475 (22.3%) | loss 0.9999 (gt 0.0968, kd 0.0122) | 10.3 it/s | elapsed 1.6 min | epoch ETA 5.6 min
  epoch 046 | batch 1,500/4,475 (33.5%) | loss 0.9996 (gt 0.0966, kd 0.0122) | 10.3 it/s | elapsed 2.4 min | epoch ETA 4.8 min
  epoch 046 | batch 2,000/4,475 (44.7%) | loss 0.9994 (gt 0.0965, kd 0.0122) | 10.3 it/s | elapsed 3.2 min | epoch ETA 4.0 min
  epoch 046 | batch 2,500/4,475 (55.9%) | loss 0.9997 (gt 0.0965, kd 0.0122) | 10.3 it/s | elapsed 4.0 min | epoch ETA 3.2 min
  epoch 046 | batch 3,000/4,475 (67.0%) | loss 0.9998 (gt 0.0966, kd 0.0122) | 10.3 it/s | elapsed 4.8 min | epoch ETA 2.4 min
  epoch 046 | batch 3,500/4,475 (78.2%) | loss 0.9998 (gt 0.0966, kd 0.0122) | 10.3 it/s | elapsed 5.6 min | epoch ETA 1.6 min
  epoch 046 | batch 4,000/4,475 (89.4%) | loss 1.0000 (gt 0.0966, kd 0.0122) | 10.3 it/s | elapsed 6.5 min | epoch ETA 0.8 min
Epoch 046 | train 0.999809 (gt 0.096645, kd 0.012164) | val 0.864923 (gt 0.088351, kd 0.009024) | KL end 1.0263 path 1.2966 | rough FDE 1027.9m
  epoch 047 | batch 500/4,475 (11.2%) | loss 1.0006 (gt 0.0965, kd 0.0122) | 10.3 it/s | elapsed 0.8 min | epoch ETA 6.5 min
  epoch 047 | batch 1,000/4,475 (22.3%) | loss 1.0007 (gt 0.0966, kd 0.0121) | 10.3 it/s | elapsed 1.6 min | epoch ETA 5.6 min
  epoch 047 | batch 1,500/4,475 (33.5%) | loss 0.9999 (gt 0.0965, kd 0.0121) | 10.3 it/s | elapsed 2.4 min | epoch ETA 4.8 min
  epoch 047 | batch 2,000/4,475 (44.7%) | loss 1.0000 (gt 0.0964, kd 0.0121) | 10.3 it/s | elapsed 3.2 min | epoch ETA 4.0 min
  epoch 047 | batch 2,500/4,475 (55.9%) | loss 0.9998 (gt 0.0964, kd 0.0120) | 10.3 it/s | elapsed 4.0 min | epoch ETA 3.2 min
  epoch 047 | batch 3,000/4,475 (67.0%) | loss 0.9999 (gt 0.0965, kd 0.0120) | 10.3 it/s | elapsed 4.8 min | epoch ETA 2.4 min
  epoch 047 | batch 3,500/4,475 (78.2%) | loss 0.9999 (gt 0.0965, kd 0.0120) | 10.3 it/s | elapsed 5.6 min | epoch ETA 1.6 min
  epoch 047 | batch 4,000/4,475 (89.4%) | loss 0.9999 (gt 0.0964, kd 0.0120) | 10.3 it/s | elapsed 6.4 min | epoch ETA 0.8 min
Epoch 047 | train 0.999855 (gt 0.096451, kd 0.012010) | val 0.865711 (gt 0.088232, kd 0.008922) | KL end 1.0091 path 1.2901 | rough FDE 1024.3m
  epoch 048 | batch 500/4,475 (11.2%) | loss 0.9998 (gt 0.0962, kd 0.0119) | 10.2 it/s | elapsed 0.8 min | epoch ETA 6.5 min
  epoch 048 | batch 1,000/4,475 (22.3%) | loss 1.0005 (gt 0.0963, kd 0.0119) | 10.3 it/s | elapsed 1.6 min | epoch ETA 5.6 min
  epoch 048 | batch 1,500/4,475 (33.5%) | loss 0.9999 (gt 0.0963, kd 0.0119) | 10.3 it/s | elapsed 2.4 min | epoch ETA 4.8 min
  epoch 048 | batch 2,000/4,475 (44.7%) | loss 1.0001 (gt 0.0963, kd 0.0119) | 10.3 it/s | elapsed 3.2 min | epoch ETA 4.0 min
  epoch 048 | batch 2,500/4,475 (55.9%) | loss 1.0001 (gt 0.0964, kd 0.0119) | 10.3 it/s | elapsed 4.0 min | epoch ETA 3.2 min
  epoch 048 | batch 3,000/4,475 (67.0%) | loss 0.9998 (gt 0.0963, kd 0.0119) | 10.3 it/s | elapsed 4.8 min | epoch ETA 2.4 min
  epoch 048 | batch 3,500/4,475 (78.2%) | loss 1.0001 (gt 0.0964, kd 0.0119) | 10.3 it/s | elapsed 5.6 min | epoch ETA 1.6 min
  epoch 048 | batch 4,000/4,475 (89.4%) | loss 1.0000 (gt 0.0963, kd 0.0119) | 10.3 it/s | elapsed 6.4 min | epoch ETA 0.8 min
Epoch 048 | train 0.999764 (gt 0.096315, kd 0.011869) | val 0.870898 (gt 0.088133, kd 0.008824) | KL end 0.9926 path 1.2835 | rough FDE 1019.5m
  epoch 049 | batch 500/4,475 (11.2%) | loss 1.0008 (gt 0.0965, kd 0.0118) | 10.3 it/s | elapsed 0.8 min | epoch ETA 6.4 min
  epoch 049 | batch 1,000/4,475 (22.3%) | loss 1.0006 (gt 0.0964, kd 0.0118) | 10.3 it/s | elapsed 1.6 min | epoch ETA 5.6 min
  epoch 049 | batch 1,500/4,475 (33.5%) | loss 1.0009 (gt 0.0963, kd 0.0118) | 10.3 it/s | elapsed 2.4 min | epoch ETA 4.8 min
  epoch 049 | batch 2,000/4,475 (44.7%) | loss 1.0000 (gt 0.0962, kd 0.0117) | 10.3 it/s | elapsed 3.2 min | epoch ETA 4.0 min
  epoch 049 | batch 2,500/4,475 (55.9%) | loss 1.0003 (gt 0.0963, kd 0.0117) | 10.3 it/s | elapsed 4.0 min | epoch ETA 3.2 min
  epoch 049 | batch 3,000/4,475 (67.0%) | loss 1.0001 (gt 0.0963, kd 0.0117) | 10.3 it/s | elapsed 4.8 min | epoch ETA 2.4 min
  epoch 049 | batch 3,500/4,475 (78.2%) | loss 0.9999 (gt 0.0962, kd 0.0117) | 10.3 it/s | elapsed 5.6 min | epoch ETA 1.6 min
  epoch 049 | batch 4,000/4,475 (89.4%) | loss 1.0001 (gt 0.0963, kd 0.0117) | 10.3 it/s | elapsed 6.4 min | epoch ETA 0.8 min
Epoch 049 | train 1.000172 (gt 0.096276, kd 0.011720) | val 0.860092 (gt 0.088038, kd 0.008731) | KL end 0.9767 path 1.2786 | rough FDE 1016.0m
  epoch 050 | batch 500/4,475 (11.2%) | loss 0.9993 (gt 0.0963, kd 0.0117) | 10.2 it/s | elapsed 0.8 min | epoch ETA 6.5 min
  epoch 050 | batch 1,000/4,475 (22.3%) | loss 0.9988 (gt 0.0960, kd 0.0116) | 10.2 it/s | elapsed 1.6 min | epoch ETA 5.7 min
  epoch 050 | batch 1,500/4,475 (33.5%) | loss 0.9993 (gt 0.0959, kd 0.0116) | 10.3 it/s | elapsed 2.4 min | epoch ETA 4.8 min
  epoch 050 | batch 2,000/4,475 (44.7%) | loss 0.9995 (gt 0.0959, kd 0.0116) | 10.3 it/s | elapsed 3.2 min | epoch ETA 4.0 min
  epoch 050 | batch 2,500/4,475 (55.9%) | loss 0.9996 (gt 0.0959, kd 0.0116) | 10.3 it/s | elapsed 4.0 min | epoch ETA 3.2 min
  epoch 050 | batch 3,000/4,475 (67.0%) | loss 0.9998 (gt 0.0959, kd 0.0116) | 10.3 it/s | elapsed 4.9 min | epoch ETA 2.4 min
  epoch 050 | batch 3,500/4,475 (78.2%) | loss 0.9996 (gt 0.0960, kd 0.0116) | 10.3 it/s | elapsed 5.7 min | epoch ETA 1.6 min
  epoch 050 | batch 4,000/4,475 (89.4%) | loss 0.9997 (gt 0.0960, kd 0.0116) | 10.3 it/s | elapsed 6.5 min | epoch ETA 0.8 min
Epoch 050 | train 0.999730 (gt 0.095982, kd 0.011573) | val 0.866333 (gt 0.087946, kd 0.008640) | KL end 0.9546 path 1.2673 | rough FDE 1012.0m | proper FDE 1021.4m (teacher 820.8m)  ✓ best
  epoch 051 | batch 500/4,475 (11.2%) | loss 1.0000 (gt 0.0960, kd 0.0115) | 10.3 it/s | elapsed 0.8 min | epoch ETA 6.4 min
  epoch 051 | batch 1,000/4,475 (22.3%) | loss 1.0002 (gt 0.0960, kd 0.0115) | 10.3 it/s | elapsed 1.6 min | epoch ETA 5.6 min
  epoch 051 | batch 1,500/4,475 (33.5%) | loss 0.9997 (gt 0.0959, kd 0.0115) | 10.3 it/s | elapsed 2.4 min | epoch ETA 4.8 min
  epoch 051 | batch 2,000/4,475 (44.7%) | loss 1.0001 (gt 0.0959, kd 0.0115) | 10.3 it/s | elapsed 3.2 min | epoch ETA 4.0 min
  epoch 051 | batch 2,500/4,475 (55.9%) | loss 1.0000 (gt 0.0960, kd 0.0115) | 10.3 it/s | elapsed 4.0 min | epoch ETA 3.2 min
  epoch 051 | batch 3,000/4,475 (67.0%) | loss 0.9998 (gt 0.0960, kd 0.0115) | 10.3 it/s | elapsed 4.8 min | epoch ETA 2.4 min
  epoch 051 | batch 3,500/4,475 (78.2%) | loss 0.9999 (gt 0.0960, kd 0.0115) | 10.3 it/s | elapsed 5.6 min | epoch ETA 1.6 min
  epoch 051 | batch 4,000/4,475 (89.4%) | loss 0.9998 (gt 0.0960, kd 0.0115) | 10.3 it/s | elapsed 6.4 min | epoch ETA 0.8 min
Epoch 051 | train 1.000074 (gt 0.095966, kd 0.011465) | val 0.859561 (gt 0.087862, kd 0.008549) | KL end 0.9500 path 1.2645 | rough FDE 1010.8m
  epoch 052 | batch 500/4,475 (11.2%) | loss 0.9971 (gt 0.0957, kd 0.0113) | 10.2 it/s | elapsed 0.8 min | epoch ETA 6.5 min
  epoch 052 | batch 1,000/4,475 (22.3%) | loss 0.9984 (gt 0.0957, kd 0.0113) | 10.3 it/s | elapsed 1.6 min | epoch ETA 5.6 min
  epoch 052 | batch 1,500/4,475 (33.5%) | loss 0.9994 (gt 0.0957, kd 0.0113) | 10.3 it/s | elapsed 2.4 min | epoch ETA 4.8 min
  epoch 052 | batch 2,000/4,475 (44.7%) | loss 0.9996 (gt 0.0957, kd 0.0114) | 10.3 it/s | elapsed 3.2 min | epoch ETA 4.0 min
  epoch 052 | batch 2,500/4,475 (55.9%) | loss 0.9994 (gt 0.0957, kd 0.0113) | 10.3 it/s | elapsed 4.0 min | epoch ETA 3.2 min
  epoch 052 | batch 3,000/4,475 (67.0%) | loss 0.9996 (gt 0.0957, kd 0.0113) | 10.3 it/s | elapsed 4.8 min | epoch ETA 2.4 min
  epoch 052 | batch 3,500/4,475 (78.2%) | loss 0.9996 (gt 0.0957, kd 0.0113) | 10.3 it/s | elapsed 5.6 min | epoch ETA 1.6 min
  epoch 052 | batch 4,000/4,475 (89.4%) | loss 0.9997 (gt 0.0957, kd 0.0113) | 10.3 it/s | elapsed 6.5 min | epoch ETA 0.8 min
Epoch 052 | train 0.999701 (gt 0.095704, kd 0.011323) | val 0.867183 (gt 0.087800, kd 0.008471) | KL end 0.9578 path 1.2671 | rough FDE 1007.6m
  epoch 053 | batch 500/4,475 (11.2%) | loss 1.0006 (gt 0.0963, kd 0.0113) | 10.3 it/s | elapsed 0.8 min | epoch ETA 6.4 min
  epoch 053 | batch 1,000/4,475 (22.3%) | loss 0.9995 (gt 0.0960, kd 0.0113) | 10.3 it/s | elapsed 1.6 min | epoch ETA 5.6 min
  epoch 053 | batch 1,500/4,475 (33.5%) | loss 1.0004 (gt 0.0959, kd 0.0113) | 10.3 it/s | elapsed 2.4 min | epoch ETA 4.8 min
  epoch 053 | batch 2,000/4,475 (44.7%) | loss 0.9996 (gt 0.0958, kd 0.0113) | 10.3 it/s | elapsed 3.2 min | epoch ETA 4.0 min
  epoch 053 | batch 2,500/4,475 (55.9%) | loss 0.9999 (gt 0.0958, kd 0.0113) | 10.3 it/s | elapsed 4.0 min | epoch ETA 3.2 min
  epoch 053 | batch 3,000/4,475 (67.0%) | loss 0.9999 (gt 0.0957, kd 0.0112) | 10.3 it/s | elapsed 4.8 min | epoch ETA 2.4 min
  epoch 053 | batch 3,500/4,475 (78.2%) | loss 1.0000 (gt 0.0958, kd 0.0112) | 10.3 it/s | elapsed 5.6 min | epoch ETA 1.6 min
  epoch 053 | batch 4,000/4,475 (89.4%) | loss 1.0000 (gt 0.0957, kd 0.0112) | 10.3 it/s | elapsed 6.4 min | epoch ETA 0.8 min
Epoch 053 | train 0.999843 (gt 0.095701, kd 0.011208) | val 0.869783 (gt 0.087727, kd 0.008389) | KL end 0.9508 path 1.2634 | rough FDE 1005.7m
  epoch 054 | batch 500/4,475 (11.2%) | loss 1.0008 (gt 0.0954, kd 0.0111) | 10.3 it/s | elapsed 0.8 min | epoch ETA 6.5 min
  epoch 054 | batch 1,000/4,475 (22.3%) | loss 1.0000 (gt 0.0954, kd 0.0111) | 10.3 it/s | elapsed 1.6 min | epoch ETA 5.6 min
  epoch 054 | batch 1,500/4,475 (33.5%) | loss 1.0000 (gt 0.0955, kd 0.0111) | 10.3 it/s | elapsed 2.4 min | epoch ETA 4.8 min
  epoch 054 | batch 2,000/4,475 (44.7%) | loss 1.0002 (gt 0.0956, kd 0.0111) | 10.3 it/s | elapsed 3.2 min | epoch ETA 4.0 min
  epoch 054 | batch 2,500/4,475 (55.9%) | loss 1.0001 (gt 0.0956, kd 0.0111) | 10.3 it/s | elapsed 4.0 min | epoch ETA 3.2 min
  epoch 054 | batch 3,000/4,475 (67.0%) | loss 1.0000 (gt 0.0955, kd 0.0111) | 10.3 it/s | elapsed 4.8 min | epoch ETA 2.4 min
  epoch 054 | batch 3,500/4,475 (78.2%) | loss 1.0001 (gt 0.0955, kd 0.0111) | 10.3 it/s | elapsed 5.6 min | epoch ETA 1.6 min
  epoch 054 | batch 4,000/4,475 (89.4%) | loss 0.9999 (gt 0.0955, kd 0.0111) | 10.3 it/s | elapsed 6.4 min | epoch ETA 0.8 min
Epoch 054 | train 0.999915 (gt 0.095529, kd 0.011099) | val 0.869202 (gt 0.087646, kd 0.008307) | KL end 0.9512 path 1.2640 | rough FDE 1005.6m
  epoch 055 | batch 500/4,475 (11.2%) | loss 1.0018 (gt 0.0955, kd 0.0110) | 10.3 it/s | elapsed 0.8 min | epoch ETA 6.4 min
  epoch 055 | batch 1,000/4,475 (22.3%) | loss 0.9994 (gt 0.0951, kd 0.0110) | 10.3 it/s | elapsed 1.6 min | epoch ETA 5.6 min
  epoch 055 | batch 1,500/4,475 (33.5%) | loss 0.9999 (gt 0.0952, kd 0.0110) | 10.3 it/s | elapsed 2.4 min | epoch ETA 4.8 min
  epoch 055 | batch 2,000/4,475 (44.7%) | loss 1.0000 (gt 0.0954, kd 0.0110) | 10.3 it/s | elapsed 3.2 min | epoch ETA 4.0 min
  epoch 055 | batch 2,500/4,475 (55.9%) | loss 0.9997 (gt 0.0954, kd 0.0110) | 10.3 it/s | elapsed 4.0 min | epoch ETA 3.2 min
  epoch 055 | batch 3,000/4,475 (67.0%) | loss 0.9999 (gt 0.0954, kd 0.0110) | 10.3 it/s | elapsed 4.8 min | epoch ETA 2.4 min
  epoch 055 | batch 3,500/4,475 (78.2%) | loss 1.0000 (gt 0.0953, kd 0.0110) | 10.3 it/s | elapsed 5.6 min | epoch ETA 1.6 min
  epoch 055 | batch 4,000/4,475 (89.4%) | loss 0.9998 (gt 0.0953, kd 0.0110) | 10.3 it/s | elapsed 6.4 min | epoch ETA 0.8 min
Epoch 055 | train 0.999857 (gt 0.095296, kd 0.010955) | val 0.871210 (gt 0.087580, kd 0.008229) | KL end 0.9245 path 1.2543 | rough FDE 1003.5m | proper FDE 1011.2m (teacher 820.8m)  ✓ best
  epoch 056 | batch 500/4,475 (11.2%) | loss 0.9988 (gt 0.0954, kd 0.0108) | 10.3 it/s | elapsed 0.8 min | epoch ETA 6.4 min
  epoch 056 | batch 1,000/4,475 (22.3%) | loss 1.0003 (gt 0.0954, kd 0.0108) | 10.3 it/s | elapsed 1.6 min | epoch ETA 5.6 min
  epoch 056 | batch 1,500/4,475 (33.5%) | loss 0.9995 (gt 0.0954, kd 0.0109) | 10.3 it/s | elapsed 2.4 min | epoch ETA 4.8 min
  epoch 056 | batch 2,000/4,475 (44.7%) | loss 0.9999 (gt 0.0953, kd 0.0109) | 10.3 it/s | elapsed 3.2 min | epoch ETA 4.0 min
  epoch 056 | batch 2,500/4,475 (55.9%) | loss 1.0001 (gt 0.0954, kd 0.0109) | 10.3 it/s | elapsed 4.0 min | epoch ETA 3.2 min
  epoch 056 | batch 3,000/4,475 (67.0%) | loss 0.9999 (gt 0.0954, kd 0.0109) | 10.3 it/s | elapsed 4.8 min | epoch ETA 2.4 min
  epoch 056 | batch 3,500/4,475 (78.2%) | loss 1.0000 (gt 0.0953, kd 0.0109) | 10.3 it/s | elapsed 5.6 min | epoch ETA 1.6 min
  epoch 056 | batch 4,000/4,475 (89.4%) | loss 0.9999 (gt 0.0953, kd 0.0108) | 10.3 it/s | elapsed 6.4 min | epoch ETA 0.8 min
Epoch 056 | train 0.999893 (gt 0.095219, kd 0.010842) | val 0.871375 (gt 0.087491, kd 0.008150) | KL end 0.9177 path 1.2495 | rough FDE 1001.6m
  epoch 057 | batch 500/4,475 (11.2%) | loss 1.0010 (gt 0.0954, kd 0.0108) | 10.2 it/s | elapsed 0.8 min | epoch ETA 6.5 min
  epoch 057 | batch 1,000/4,475 (22.3%) | loss 1.0003 (gt 0.0954, kd 0.0108) | 10.3 it/s | elapsed 1.6 min | epoch ETA 5.6 min
  epoch 057 | batch 1,500/4,475 (33.5%) | loss 1.0002 (gt 0.0954, kd 0.0108) | 10.3 it/s | elapsed 2.4 min | epoch ETA 4.8 min
  epoch 057 | batch 2,000/4,475 (44.7%) | loss 1.0002 (gt 0.0954, kd 0.0108) | 10.3 it/s | elapsed 3.2 min | epoch ETA 4.0 min
  epoch 057 | batch 2,500/4,475 (55.9%) | loss 0.9999 (gt 0.0953, kd 0.0108) | 10.3 it/s | elapsed 4.0 min | epoch ETA 3.2 min
  epoch 057 | batch 3,000/4,475 (67.0%) | loss 0.9998 (gt 0.0953, kd 0.0108) | 10.3 it/s | elapsed 4.8 min | epoch ETA 2.4 min
  epoch 057 | batch 3,500/4,475 (78.2%) | loss 1.0000 (gt 0.0952, kd 0.0108) | 10.3 it/s | elapsed 5.6 min | epoch ETA 1.6 min
  epoch 057 | batch 4,000/4,475 (89.4%) | loss 1.0000 (gt 0.0952, kd 0.0108) | 10.3 it/s | elapsed 6.5 min | epoch ETA 0.8 min
Epoch 057 | train 1.000033 (gt 0.095223, kd 0.010748) | val 0.866405 (gt 0.087413, kd 0.008080) | KL end 0.9086 path 1.2438 | rough FDE 1000.6m
  epoch 058 | batch 500/4,475 (11.2%) | loss 0.9982 (gt 0.0948, kd 0.0106) | 10.3 it/s | elapsed 0.8 min | epoch ETA 6.4 min
  epoch 058 | batch 1,000/4,475 (22.3%) | loss 0.9995 (gt 0.0949, kd 0.0107) | 10.3 it/s | elapsed 1.6 min | epoch ETA 5.6 min
  epoch 058 | batch 1,500/4,475 (33.5%) | loss 0.9994 (gt 0.0950, kd 0.0107) | 10.3 it/s | elapsed 2.4 min | epoch ETA 4.8 min
  epoch 058 | batch 2,000/4,475 (44.7%) | loss 0.9997 (gt 0.0950, kd 0.0107) | 10.3 it/s | elapsed 3.2 min | epoch ETA 4.0 min
  epoch 058 | batch 2,500/4,475 (55.9%) | loss 0.9999 (gt 0.0950, kd 0.0106) | 10.3 it/s | elapsed 4.0 min | epoch ETA 3.2 min
  epoch 058 | batch 3,000/4,475 (67.0%) | loss 1.0000 (gt 0.0951, kd 0.0106) | 10.3 it/s | elapsed 4.8 min | epoch ETA 2.4 min
  epoch 058 | batch 3,500/4,475 (78.2%) | loss 1.0000 (gt 0.0951, kd 0.0106) | 10.3 it/s | elapsed 5.6 min | epoch ETA 1.6 min
  epoch 058 | batch 4,000/4,475 (89.4%) | loss 0.9997 (gt 0.0950, kd 0.0106) | 10.3 it/s | elapsed 6.4 min | epoch ETA 0.8 min
Epoch 058 | train 0.999752 (gt 0.095046, kd 0.010643) | val 0.872998 (gt 0.087338, kd 0.008017) | KL end 0.9169 path 1.2572 | rough FDE 1000.7m
  epoch 059 | batch 500/4,475 (11.2%) | loss 1.0005 (gt 0.0951, kd 0.0106) | 10.3 it/s | elapsed 0.8 min | epoch ETA 6.4 min
  epoch 059 | batch 1,000/4,475 (22.3%) | loss 1.0001 (gt 0.0950, kd 0.0106) | 10.3 it/s | elapsed 1.6 min | epoch ETA 5.6 min
  epoch 059 | batch 1,500/4,475 (33.5%) | loss 0.9993 (gt 0.0948, kd 0.0105) | 10.3 it/s | elapsed 2.4 min | epoch ETA 4.8 min
  epoch 059 | batch 2,000/4,475 (44.7%) | loss 1.0000 (gt 0.0948, kd 0.0105) | 10.3 it/s | elapsed 3.2 min | epoch ETA 4.0 min
  epoch 059 | batch 2,500/4,475 (55.9%) | loss 1.0000 (gt 0.0949, kd 0.0106) | 10.3 it/s | elapsed 4.0 min | epoch ETA 3.2 min
  epoch 059 | batch 3,000/4,475 (67.0%) | loss 1.0002 (gt 0.0950, kd 0.0106) | 10.3 it/s | elapsed 4.8 min | epoch ETA 2.4 min
  epoch 059 | batch 3,500/4,475 (78.2%) | loss 0.9999 (gt 0.0950, kd 0.0106) | 10.3 it/s | elapsed 5.6 min | epoch ETA 1.6 min
  epoch 059 | batch 4,000/4,475 (89.4%) | loss 1.0000 (gt 0.0950, kd 0.0106) | 10.3 it/s | elapsed 6.5 min | epoch ETA 0.8 min
Epoch 059 | train 1.000095 (gt 0.095017, kd 0.010566) | val 0.865430 (gt 0.087272, kd 0.007953) | KL end 0.9131 path 1.2580 | rough FDE 996.9m
  epoch 060 | batch 500/4,475 (11.2%) | loss 0.9985 (gt 0.0952, kd 0.0104) | 10.3 it/s | elapsed 0.8 min | epoch ETA 6.4 min
  epoch 060 | batch 1,000/4,475 (22.3%) | loss 0.9996 (gt 0.0949, kd 0.0104) | 10.3 it/s | elapsed 1.6 min | epoch ETA 5.6 min
  epoch 060 | batch 1,500/4,475 (33.5%) | loss 0.9992 (gt 0.0949, kd 0.0104) | 10.3 it/s | elapsed 2.4 min | epoch ETA 4.8 min
  epoch 060 | batch 2,000/4,475 (44.7%) | loss 0.9996 (gt 0.0949, kd 0.0104) | 10.3 it/s | elapsed 3.2 min | epoch ETA 4.0 min
  epoch 060 | batch 2,500/4,475 (55.9%) | loss 0.9997 (gt 0.0949, kd 0.0104) | 10.3 it/s | elapsed 4.0 min | epoch ETA 3.2 min
  epoch 060 | batch 3,000/4,475 (67.0%) | loss 0.9998 (gt 0.0949, kd 0.0104) | 10.3 it/s | elapsed 4.8 min | epoch ETA 2.4 min
  epoch 060 | batch 3,500/4,475 (78.2%) | loss 0.9996 (gt 0.0948, kd 0.0104) | 10.3 it/s | elapsed 5.6 min | epoch ETA 1.6 min
  epoch 060 | batch 4,000/4,475 (89.4%) | loss 0.9998 (gt 0.0949, kd 0.0104) | 10.3 it/s | elapsed 6.5 min | epoch ETA 0.8 min
Epoch 060 | train 0.999764 (gt 0.094933, kd 0.010450) | val 0.871203 (gt 0.087200, kd 0.007889) | KL end 0.8969 path 1.2522 | rough FDE 995.6m | proper FDE 999.4m (teacher 820.8m)  ✓ best
  epoch 061 | batch 500/4,475 (11.2%) | loss 0.9986 (gt 0.0948, kd 0.0103) | 10.2 it/s | elapsed 0.8 min | epoch ETA 6.5 min
  epoch 061 | batch 1,000/4,475 (22.3%) | loss 0.9998 (gt 0.0947, kd 0.0103) | 10.3 it/s | elapsed 1.6 min | epoch ETA 5.6 min
  epoch 061 | batch 1,500/4,475 (33.5%) | loss 0.9996 (gt 0.0948, kd 0.0103) | 10.3 it/s | elapsed 2.4 min | epoch ETA 4.8 min
  epoch 061 | batch 2,000/4,475 (44.7%) | loss 1.0000 (gt 0.0948, kd 0.0104) | 10.3 it/s | elapsed 3.2 min | epoch ETA 4.0 min
  epoch 061 | batch 2,500/4,475 (55.9%) | loss 0.9997 (gt 0.0948, kd 0.0104) | 10.3 it/s | elapsed 4.0 min | epoch ETA 3.2 min
  epoch 061 | batch 3,000/4,475 (67.0%) | loss 0.9999 (gt 0.0948, kd 0.0104) | 10.3 it/s | elapsed 4.8 min | epoch ETA 2.4 min
  epoch 061 | batch 3,500/4,475 (78.2%) | loss 0.9999 (gt 0.0948, kd 0.0104) | 10.3 it/s | elapsed 5.6 min | epoch ETA 1.6 min
  epoch 061 | batch 4,000/4,475 (89.4%) | loss 0.9999 (gt 0.0948, kd 0.0104) | 10.3 it/s | elapsed 6.4 min | epoch ETA 0.8 min
Epoch 061 | train 0.999981 (gt 0.094809, kd 0.010356) | val 0.869205 (gt 0.087157, kd 0.007834) | KL end 0.8833 path 1.2485 | rough FDE 993.4m
  epoch 062 | batch 500/4,475 (11.2%) | loss 0.9986 (gt 0.0946, kd 0.0103) | 10.3 it/s | elapsed 0.8 min | epoch ETA 6.5 min
  epoch 062 | batch 1,000/4,475 (22.3%) | loss 0.9993 (gt 0.0946, kd 0.0103) | 10.3 it/s | elapsed 1.6 min | epoch ETA 5.6 min
  epoch 062 | batch 1,500/4,475 (33.5%) | loss 0.9994 (gt 0.0946, kd 0.0103) | 10.3 it/s | elapsed 2.4 min | epoch ETA 4.8 min
  epoch 062 | batch 2,000/4,475 (44.7%) | loss 0.9998 (gt 0.0946, kd 0.0103) | 10.3 it/s | elapsed 3.2 min | epoch ETA 4.0 min
  epoch 062 | batch 2,500/4,475 (55.9%) | loss 0.9998 (gt 0.0947, kd 0.0103) | 10.3 it/s | elapsed 4.0 min | epoch ETA 3.2 min
  epoch 062 | batch 3,000/4,475 (67.0%) | loss 0.9997 (gt 0.0947, kd 0.0103) | 10.3 it/s | elapsed 4.8 min | epoch ETA 2.4 min
  epoch 062 | batch 3,500/4,475 (78.2%) | loss 0.9999 (gt 0.0947, kd 0.0103) | 10.3 it/s | elapsed 5.6 min | epoch ETA 1.6 min
  epoch 062 | batch 4,000/4,475 (89.4%) | loss 0.9997 (gt 0.0946, kd 0.0103) | 10.3 it/s | elapsed 6.4 min | epoch ETA 0.8 min
Epoch 062 | train 0.999776 (gt 0.094627, kd 0.010261) | val 0.874781 (gt 0.087101, kd 0.007778) | KL end 0.8813 path 1.2484 | rough FDE 993.8m
  epoch 063 | batch 500/4,475 (11.2%) | loss 1.0012 (gt 0.0950, kd 0.0102) | 10.3 it/s | elapsed 0.8 min | epoch ETA 6.4 min
  epoch 063 | batch 1,000/4,475 (22.3%) | loss 1.0003 (gt 0.0949, kd 0.0102) | 10.3 it/s | elapsed 1.6 min | epoch ETA 5.6 min
  epoch 063 | batch 1,500/4,475 (33.5%) | loss 0.9998 (gt 0.0947, kd 0.0102) | 10.3 it/s | elapsed 2.4 min | epoch ETA 4.8 min
  epoch 063 | batch 2,000/4,475 (44.7%) | loss 1.0002 (gt 0.0947, kd 0.0102) | 10.3 it/s | elapsed 3.2 min | epoch ETA 4.0 min
  epoch 063 | batch 2,500/4,475 (55.9%) | loss 1.0002 (gt 0.0947, kd 0.0102) | 10.3 it/s | elapsed 4.0 min | epoch ETA 3.2 min
  epoch 063 | batch 3,000/4,475 (67.0%) | loss 1.0001 (gt 0.0947, kd 0.0102) | 10.3 it/s | elapsed 4.8 min | epoch ETA 2.4 min
  epoch 063 | batch 3,500/4,475 (78.2%) | loss 0.9999 (gt 0.0947, kd 0.0102) | 10.3 it/s | elapsed 5.6 min | epoch ETA 1.6 min
  epoch 063 | batch 4,000/4,475 (89.4%) | loss 1.0000 (gt 0.0947, kd 0.0102) | 10.4 it/s | elapsed 6.4 min | epoch ETA 0.8 min
Epoch 063 | train 0.999868 (gt 0.094628, kd 0.010182) | val 0.877288 (gt 0.087053, kd 0.007725) | KL end 0.8885 path 1.2548 | rough FDE 993.8m
  epoch 064 | batch 500/4,475 (11.2%) | loss 1.0019 (gt 0.0947, kd 0.0101) | 10.3 it/s | elapsed 0.8 min | epoch ETA 6.4 min
  epoch 064 | batch 1,000/4,475 (22.3%) | loss 1.0006 (gt 0.0945, kd 0.0101) | 10.3 it/s | elapsed 1.6 min | epoch ETA 5.6 min
  epoch 064 | batch 1,500/4,475 (33.5%) | loss 1.0001 (gt 0.0944, kd 0.0101) | 10.3 it/s | elapsed 2.4 min | epoch ETA 4.8 min
  epoch 064 | batch 2,000/4,475 (44.7%) | loss 0.9997 (gt 0.0944, kd 0.0101) | 10.3 it/s | elapsed 3.2 min | epoch ETA 4.0 min
  epoch 064 | batch 2,500/4,475 (55.9%) | loss 1.0000 (gt 0.0944, kd 0.0101) | 10.3 it/s | elapsed 4.0 min | epoch ETA 3.2 min
  epoch 064 | batch 3,000/4,475 (67.0%) | loss 1.0000 (gt 0.0945, kd 0.0101) | 10.3 it/s | elapsed 4.8 min | epoch ETA 2.4 min
  epoch 064 | batch 3,500/4,475 (78.2%) | loss 0.9999 (gt 0.0944, kd 0.0101) | 10.3 it/s | elapsed 5.6 min | epoch ETA 1.6 min
  epoch 064 | batch 4,000/4,475 (89.4%) | loss 1.0000 (gt 0.0944, kd 0.0101) | 10.3 it/s | elapsed 6.4 min | epoch ETA 0.8 min
Epoch 064 | train 1.000092 (gt 0.094470, kd 0.010078) | val 0.870160 (gt 0.087001, kd 0.007670) | KL end 0.8844 path 1.2548 | rough FDE 993.2m
  epoch 065 | batch 500/4,475 (11.2%) | loss 0.9980 (gt 0.0941, kd 0.0100) | 10.3 it/s | elapsed 0.8 min | epoch ETA 6.4 min
  epoch 065 | batch 1,000/4,475 (22.3%) | loss 1.0001 (gt 0.0942, kd 0.0100) | 10.3 it/s | elapsed 1.6 min | epoch ETA 5.6 min
  epoch 065 | batch 1,500/4,475 (33.5%) | loss 0.9997 (gt 0.0942, kd 0.0100) | 10.3 it/s | elapsed 2.4 min | epoch ETA 4.8 min
  epoch 065 | batch 2,000/4,475 (44.7%) | loss 0.9996 (gt 0.0943, kd 0.0100) | 10.3 it/s | elapsed 3.2 min | epoch ETA 4.0 min
  epoch 065 | batch 2,500/4,475 (55.9%) | loss 0.9998 (gt 0.0943, kd 0.0100) | 10.3 it/s | elapsed 4.0 min | epoch ETA 3.2 min
  epoch 065 | batch 3,000/4,475 (67.0%) | loss 0.9998 (gt 0.0943, kd 0.0100) | 10.3 it/s | elapsed 4.8 min | epoch ETA 2.4 min
  epoch 065 | batch 3,500/4,475 (78.2%) | loss 0.9997 (gt 0.0944, kd 0.0100) | 10.3 it/s | elapsed 5.6 min | epoch ETA 1.6 min
  epoch 065 | batch 4,000/4,475 (89.4%) | loss 0.9998 (gt 0.0944, kd 0.0100) | 10.3 it/s | elapsed 6.4 min | epoch ETA 0.8 min
Epoch 065 | train 1.000035 (gt 0.094394, kd 0.010002) | val 0.866036 (gt 0.086953, kd 0.007620) | KL end 0.8818 path 1.2543 | rough FDE 993.2m | proper FDE 990.6m (teacher 820.8m)  ✓ best
  epoch 066 | batch 500/4,475 (11.2%) | loss 0.9971 (gt 0.0940, kd 0.0100) | 10.3 it/s | elapsed 0.8 min | epoch ETA 6.4 min
  epoch 066 | batch 1,000/4,475 (22.3%) | loss 0.9988 (gt 0.0940, kd 0.0099) | 10.3 it/s | elapsed 1.6 min | epoch ETA 5.6 min
  epoch 066 | batch 1,500/4,475 (33.5%) | loss 0.9993 (gt 0.0942, kd 0.0099) | 10.3 it/s | elapsed 2.4 min | epoch ETA 4.8 min
  epoch 066 | batch 2,000/4,475 (44.7%) | loss 0.9997 (gt 0.0943, kd 0.0099) | 10.3 it/s | elapsed 3.2 min | epoch ETA 4.0 min
  epoch 066 | batch 2,500/4,475 (55.9%) | loss 0.9997 (gt 0.0944, kd 0.0099) | 10.3 it/s | elapsed 4.0 min | epoch ETA 3.2 min
  epoch 066 | batch 3,000/4,475 (67.0%) | loss 0.9995 (gt 0.0944, kd 0.0099) | 10.3 it/s | elapsed 4.8 min | epoch ETA 2.4 min
  epoch 066 | batch 3,500/4,475 (78.2%) | loss 0.9995 (gt 0.0943, kd 0.0099) | 10.3 it/s | elapsed 5.6 min | epoch ETA 1.6 min
  epoch 066 | batch 4,000/4,475 (89.4%) | loss 0.9998 (gt 0.0943, kd 0.0099) | 10.3 it/s | elapsed 6.4 min | epoch ETA 0.8 min
Epoch 066 | train 0.999718 (gt 0.094334, kd 0.009928) | val 0.874196 (gt 0.086905, kd 0.007574) | KL end 0.8891 path 1.2546 | rough FDE 993.4m
  epoch 067 | batch 500/4,475 (11.2%) | loss 0.9984 (gt 0.0942, kd 0.0098) | 10.3 it/s | elapsed 0.8 min | epoch ETA 6.5 min
  epoch 067 | batch 1,000/4,475 (22.3%) | loss 0.9997 (gt 0.0943, kd 0.0099) | 10.3 it/s | elapsed 1.6 min | epoch ETA 5.6 min
  epoch 067 | batch 1,500/4,475 (33.5%) | loss 1.0000 (gt 0.0943, kd 0.0099) | 10.3 it/s | elapsed 2.4 min | epoch ETA 4.8 min
  epoch 067 | batch 2,000/4,475 (44.7%) | loss 0.9999 (gt 0.0944, kd 0.0099) | 10.3 it/s | elapsed 3.2 min | epoch ETA 4.0 min
  epoch 067 | batch 2,500/4,475 (55.9%) | loss 1.0000 (gt 0.0945, kd 0.0099) | 10.3 it/s | elapsed 4.0 min | epoch ETA 3.2 min
  epoch 067 | batch 3,000/4,475 (67.0%) | loss 1.0002 (gt 0.0945, kd 0.0099) | 10.3 it/s | elapsed 4.8 min | epoch ETA 2.4 min
  epoch 067 | batch 3,500/4,475 (78.2%) | loss 0.9998 (gt 0.0944, kd 0.0099) | 10.3 it/s | elapsed 5.6 min | epoch ETA 1.6 min
  epoch 067 | batch 4,000/4,475 (89.4%) | loss 0.9998 (gt 0.0944, kd 0.0099) | 10.3 it/s | elapsed 6.4 min | epoch ETA 0.8 min
Epoch 067 | train 0.999876 (gt 0.094304, kd 0.009862) | val 0.876708 (gt 0.086875, kd 0.007536) | KL end 0.8765 path 1.2535 | rough FDE 993.5m
  epoch 068 | batch 500/4,475 (11.2%) | loss 1.0005 (gt 0.0945, kd 0.0098) | 10.2 it/s | elapsed 0.8 min | epoch ETA 6.5 min
  epoch 068 | batch 1,000/4,475 (22.3%) | loss 1.0004 (gt 0.0946, kd 0.0098) | 10.3 it/s | elapsed 1.6 min | epoch ETA 5.6 min
  epoch 068 | batch 1,500/4,475 (33.5%) | loss 0.9999 (gt 0.0944, kd 0.0098) | 10.3 it/s | elapsed 2.4 min | epoch ETA 4.8 min
  epoch 068 | batch 2,000/4,475 (44.7%) | loss 1.0001 (gt 0.0943, kd 0.0098) | 10.3 it/s | elapsed 3.2 min | epoch ETA 4.0 min
  epoch 068 | batch 2,500/4,475 (55.9%) | loss 1.0001 (gt 0.0942, kd 0.0098) | 10.3 it/s | elapsed 4.0 min | epoch ETA 3.2 min
  epoch 068 | batch 3,000/4,475 (67.0%) | loss 1.0002 (gt 0.0943, kd 0.0098) | 10.3 it/s | elapsed 4.8 min | epoch ETA 2.4 min
  epoch 068 | batch 3,500/4,475 (78.2%) | loss 0.9999 (gt 0.0943, kd 0.0098) | 10.3 it/s | elapsed 5.6 min | epoch ETA 1.6 min
  epoch 068 | batch 4,000/4,475 (89.4%) | loss 0.9998 (gt 0.0942, kd 0.0098) | 10.3 it/s | elapsed 6.5 min | epoch ETA 0.8 min
Epoch 068 | train 1.000010 (gt 0.094208, kd 0.009767) | val 0.873723 (gt 0.086827, kd 0.007498) | KL end 0.8748 path 1.2537 | rough FDE 994.3m
  epoch 069 | batch 500/4,475 (11.2%) | loss 1.0003 (gt 0.0944, kd 0.0098) | 10.3 it/s | elapsed 0.8 min | epoch ETA 6.4 min
  epoch 069 | batch 1,000/4,475 (22.3%) | loss 0.9998 (gt 0.0943, kd 0.0098) | 10.3 it/s | elapsed 1.6 min | epoch ETA 5.6 min
  epoch 069 | batch 1,500/4,475 (33.5%) | loss 0.9995 (gt 0.0942, kd 0.0097) | 10.3 it/s | elapsed 2.4 min | epoch ETA 4.8 min
  epoch 069 | batch 2,000/4,475 (44.7%) | loss 0.9994 (gt 0.0942, kd 0.0097) | 10.3 it/s | elapsed 3.2 min | epoch ETA 4.0 min
  epoch 069 | batch 2,500/4,475 (55.9%) | loss 0.9994 (gt 0.0942, kd 0.0097) | 10.3 it/s | elapsed 4.0 min | epoch ETA 3.2 min
  epoch 069 | batch 3,000/4,475 (67.0%) | loss 0.9997 (gt 0.0941, kd 0.0097) | 10.3 it/s | elapsed 4.8 min | epoch ETA 2.4 min
  epoch 069 | batch 3,500/4,475 (78.2%) | loss 0.9999 (gt 0.0941, kd 0.0097) | 10.3 it/s | elapsed 5.6 min | epoch ETA 1.6 min
  epoch 069 | batch 4,000/4,475 (89.4%) | loss 0.9997 (gt 0.0941, kd 0.0097) | 10.3 it/s | elapsed 6.4 min | epoch ETA 0.8 min
Epoch 069 | train 0.999930 (gt 0.094119, kd 0.009699) | val 0.874150 (gt 0.086786, kd 0.007462) | KL end 0.8711 path 1.2490 | rough FDE 992.8m
  epoch 070 | batch 500/4,475 (11.2%) | loss 0.9998 (gt 0.0939, kd 0.0097) | 10.3 it/s | elapsed 0.8 min | epoch ETA 6.4 min
  epoch 070 | batch 1,000/4,475 (22.3%) | loss 0.9994 (gt 0.0939, kd 0.0096) | 10.3 it/s | elapsed 1.6 min | epoch ETA 5.6 min
  epoch 070 | batch 1,500/4,475 (33.5%) | loss 1.0001 (gt 0.0940, kd 0.0097) | 10.3 it/s | elapsed 2.4 min | epoch ETA 4.8 min
  epoch 070 | batch 2,000/4,475 (44.7%) | loss 0.9996 (gt 0.0940, kd 0.0096) | 10.4 it/s | elapsed 3.2 min | epoch ETA 4.0 min
  epoch 070 | batch 2,500/4,475 (55.9%) | loss 0.9998 (gt 0.0940, kd 0.0096) | 10.4 it/s | elapsed 4.0 min | epoch ETA 3.2 min
  epoch 070 | batch 3,000/4,475 (67.0%) | loss 1.0001 (gt 0.0941, kd 0.0096) | 10.4 it/s | elapsed 4.8 min | epoch ETA 2.4 min
  epoch 070 | batch 3,500/4,475 (78.2%) | loss 0.9998 (gt 0.0941, kd 0.0096) | 10.4 it/s | elapsed 5.6 min | epoch ETA 1.6 min
  epoch 070 | batch 4,000/4,475 (89.4%) | loss 0.9997 (gt 0.0941, kd 0.0096) | 10.4 it/s | elapsed 6.4 min | epoch ETA 0.8 min
Epoch 070 | train 0.999923 (gt 0.094104, kd 0.009640) | val 0.875204 (gt 0.086757, kd 0.007433) | KL end 0.8550 path 1.2386 | rough FDE 992.3m | proper FDE 988.1m (teacher 820.8m)  ✓ best
  epoch 071 | batch 500/4,475 (11.2%) | loss 1.0003 (gt 0.0942, kd 0.0096) | 10.3 it/s | elapsed 0.8 min | epoch ETA 6.5 min
  epoch 071 | batch 1,000/4,475 (22.3%) | loss 0.9995 (gt 0.0941, kd 0.0096) | 10.3 it/s | elapsed 1.6 min | epoch ETA 5.6 min
  epoch 071 | batch 1,500/4,475 (33.5%) | loss 0.9997 (gt 0.0941, kd 0.0096) | 10.3 it/s | elapsed 2.4 min | epoch ETA 4.8 min
  epoch 071 | batch 2,000/4,475 (44.7%) | loss 0.9995 (gt 0.0941, kd 0.0096) | 10.3 it/s | elapsed 3.2 min | epoch ETA 4.0 min
  epoch 071 | batch 2,500/4,475 (55.9%) | loss 1.0001 (gt 0.0940, kd 0.0096) | 10.3 it/s | elapsed 4.0 min | epoch ETA 3.2 min
  epoch 071 | batch 3,000/4,475 (67.0%) | loss 0.9999 (gt 0.0940, kd 0.0096) | 10.3 it/s | elapsed 4.8 min | epoch ETA 2.4 min
  epoch 071 | batch 3,500/4,475 (78.2%) | loss 0.9998 (gt 0.0940, kd 0.0096) | 10.3 it/s | elapsed 5.6 min | epoch ETA 1.6 min
  epoch 071 | batch 4,000/4,475 (89.4%) | loss 0.9999 (gt 0.0940, kd 0.0096) | 10.3 it/s | elapsed 6.5 min | epoch ETA 0.8 min
Epoch 071 | train 1.000002 (gt 0.094032, kd 0.009578) | val 0.872632 (gt 0.086720, kd 0.007396) | KL end 0.8320 path 1.2318 | rough FDE 991.6m
  epoch 072 | batch 500/4,475 (11.2%) | loss 0.9986 (gt 0.0941, kd 0.0095) | 10.3 it/s | elapsed 0.8 min | epoch ETA 6.5 min
  epoch 072 | batch 1,000/4,475 (22.3%) | loss 0.9992 (gt 0.0941, kd 0.0095) | 10.3 it/s | elapsed 1.6 min | epoch ETA 5.6 min
  epoch 072 | batch 1,500/4,475 (33.5%) | loss 0.9997 (gt 0.0941, kd 0.0095) | 10.3 it/s | elapsed 2.4 min | epoch ETA 4.8 min
  epoch 072 | batch 2,000/4,475 (44.7%) | loss 0.9997 (gt 0.0942, kd 0.0095) | 10.3 it/s | elapsed 3.2 min | epoch ETA 4.0 min
  epoch 072 | batch 2,500/4,475 (55.9%) | loss 0.9998 (gt 0.0941, kd 0.0095) | 10.3 it/s | elapsed 4.0 min | epoch ETA 3.2 min
  epoch 072 | batch 3,000/4,475 (67.0%) | loss 0.9997 (gt 0.0941, kd 0.0095) | 10.3 it/s | elapsed 4.8 min | epoch ETA 2.4 min
  epoch 072 | batch 3,500/4,475 (78.2%) | loss 0.9997 (gt 0.0940, kd 0.0095) | 10.3 it/s | elapsed 5.6 min | epoch ETA 1.6 min
  epoch 072 | batch 4,000/4,475 (89.4%) | loss 0.9995 (gt 0.0940, kd 0.0095) | 10.3 it/s | elapsed 6.4 min | epoch ETA 0.8 min
Epoch 072 | train 0.999709 (gt 0.093980, kd 0.009511) | val 0.881692 (gt 0.086676, kd 0.007363) | KL end 0.8243 path 1.2271 | rough FDE 992.1m
  epoch 073 | batch 500/4,475 (11.2%) | loss 1.0001 (gt 0.0938, kd 0.0094) | 10.3 it/s | elapsed 0.8 min | epoch ETA 6.4 min
  epoch 073 | batch 1,000/4,475 (22.3%) | loss 1.0005 (gt 0.0939, kd 0.0094) | 10.3 it/s | elapsed 1.6 min | epoch ETA 5.6 min
  epoch 073 | batch 1,500/4,475 (33.5%) | loss 1.0002 (gt 0.0939, kd 0.0094) | 10.3 it/s | elapsed 2.4 min | epoch ETA 4.8 min
  epoch 073 | batch 2,000/4,475 (44.7%) | loss 1.0002 (gt 0.0938, kd 0.0094) | 10.3 it/s | elapsed 3.2 min | epoch ETA 4.0 min
  epoch 073 | batch 2,500/4,475 (55.9%) | loss 1.0000 (gt 0.0939, kd 0.0094) | 10.3 it/s | elapsed 4.0 min | epoch ETA 3.2 min
  epoch 073 | batch 3,000/4,475 (67.0%) | loss 0.9998 (gt 0.0938, kd 0.0094) | 10.3 it/s | elapsed 4.8 min | epoch ETA 2.4 min
  epoch 073 | batch 3,500/4,475 (78.2%) | loss 1.0001 (gt 0.0939, kd 0.0094) | 10.3 it/s | elapsed 5.6 min | epoch ETA 1.6 min
  epoch 073 | batch 4,000/4,475 (89.4%) | loss 0.9999 (gt 0.0938, kd 0.0094) | 10.3 it/s | elapsed 6.4 min | epoch ETA 0.8 min
Epoch 073 | train 1.000051 (gt 0.093867, kd 0.009432) | val 0.877668 (gt 0.086652, kd 0.007335) | KL end 0.8191 path 1.2246 | rough FDE 989.8m
  epoch 074 | batch 500/4,475 (11.2%) | loss 0.9990 (gt 0.0938, kd 0.0094) | 10.3 it/s | elapsed 0.8 min | epoch ETA 6.4 min
  epoch 074 | batch 1,000/4,475 (22.3%) | loss 1.0000 (gt 0.0938, kd 0.0094) | 10.3 it/s | elapsed 1.6 min | epoch ETA 5.6 min
  epoch 074 | batch 1,500/4,475 (33.5%) | loss 0.9999 (gt 0.0938, kd 0.0094) | 10.3 it/s | elapsed 2.4 min | epoch ETA 4.8 min
  epoch 074 | batch 2,000/4,475 (44.7%) | loss 0.9999 (gt 0.0938, kd 0.0094) | 10.4 it/s | elapsed 3.2 min | epoch ETA 4.0 min
  epoch 074 | batch 2,500/4,475 (55.9%) | loss 0.9998 (gt 0.0938, kd 0.0094) | 10.4 it/s | elapsed 4.0 min | epoch ETA 3.2 min
  epoch 074 | batch 3,000/4,475 (67.0%) | loss 0.9997 (gt 0.0938, kd 0.0094) | 10.4 it/s | elapsed 4.8 min | epoch ETA 2.4 min
  epoch 074 | batch 3,500/4,475 (78.2%) | loss 1.0000 (gt 0.0938, kd 0.0094) | 10.4 it/s | elapsed 5.6 min | epoch ETA 1.6 min
  epoch 074 | batch 4,000/4,475 (89.4%) | loss 0.9998 (gt 0.0938, kd 0.0094) | 10.4 it/s | elapsed 6.4 min | epoch ETA 0.8 min
Epoch 074 | train 0.999892 (gt 0.093794, kd 0.009381) | val 0.879759 (gt 0.086620, kd 0.007303) | KL end 0.8148 path 1.2167 | rough FDE 989.9m
  epoch 075 | batch 500/4,475 (11.2%) | loss 0.9980 (gt 0.0933, kd 0.0093) | 10.3 it/s | elapsed 0.8 min | epoch ETA 6.4 min
  epoch 075 | batch 1,000/4,475 (22.3%) | loss 0.9995 (gt 0.0934, kd 0.0093) | 10.3 it/s | elapsed 1.6 min | epoch ETA 5.6 min
  epoch 075 | batch 1,500/4,475 (33.5%) | loss 1.0002 (gt 0.0936, kd 0.0093) | 10.3 it/s | elapsed 2.4 min | epoch ETA 4.8 min
  epoch 075 | batch 2,000/4,475 (44.7%) | loss 0.9999 (gt 0.0935, kd 0.0093) | 10.3 it/s | elapsed 3.2 min | epoch ETA 4.0 min
  epoch 075 | batch 2,500/4,475 (55.9%) | loss 0.9999 (gt 0.0936, kd 0.0093) | 10.3 it/s | elapsed 4.0 min | epoch ETA 3.2 min
  epoch 075 | batch 3,000/4,475 (67.0%) | loss 0.9999 (gt 0.0936, kd 0.0093) | 10.3 it/s | elapsed 4.8 min | epoch ETA 2.4 min
  epoch 075 | batch 3,500/4,475 (78.2%) | loss 0.9998 (gt 0.0936, kd 0.0093) | 10.3 it/s | elapsed 5.6 min | epoch ETA 1.6 min
  epoch 075 | batch 4,000/4,475 (89.4%) | loss 0.9998 (gt 0.0936, kd 0.0093) | 10.4 it/s | elapsed 6.4 min | epoch ETA 0.8 min
Epoch 075 | train 0.999879 (gt 0.093658, kd 0.009328) | val 0.882283 (gt 0.086589, kd 0.007273) | KL end 0.8190 path 1.2218 | rough FDE 989.2m | proper FDE 983.1m (teacher 820.8m)  ✓ best
  epoch 076 | batch 500/4,475 (11.2%) | loss 0.9995 (gt 0.0934, kd 0.0093) | 10.3 it/s | elapsed 0.8 min | epoch ETA 6.4 min
  epoch 076 | batch 1,000/4,475 (22.3%) | loss 0.9991 (gt 0.0934, kd 0.0093) | 10.3 it/s | elapsed 1.6 min | epoch ETA 5.6 min
  epoch 076 | batch 1,500/4,475 (33.5%) | loss 0.9996 (gt 0.0935, kd 0.0093) | 10.3 it/s | elapsed 2.4 min | epoch ETA 4.8 min
  epoch 076 | batch 2,000/4,475 (44.7%) | loss 0.9998 (gt 0.0936, kd 0.0093) | 10.3 it/s | elapsed 3.2 min | epoch ETA 4.0 min
  epoch 076 | batch 2,500/4,475 (55.9%) | loss 1.0001 (gt 0.0936, kd 0.0092) | 10.4 it/s | elapsed 4.0 min | epoch ETA 3.2 min
  epoch 076 | batch 3,000/4,475 (67.0%) | loss 0.9998 (gt 0.0936, kd 0.0093) | 10.3 it/s | elapsed 4.8 min | epoch ETA 2.4 min
  epoch 076 | batch 3,500/4,475 (78.2%) | loss 1.0000 (gt 0.0936, kd 0.0093) | 10.4 it/s | elapsed 5.6 min | epoch ETA 1.6 min
  epoch 076 | batch 4,000/4,475 (89.4%) | loss 1.0000 (gt 0.0936, kd 0.0093) | 10.4 it/s | elapsed 6.4 min | epoch ETA 0.8 min
Epoch 076 | train 0.999959 (gt 0.093631, kd 0.009254) | val 0.881627 (gt 0.086553, kd 0.007244) | KL end 0.8186 path 1.2239 | rough FDE 988.9m
  epoch 077 | batch 500/4,475 (11.2%) | loss 1.0004 (gt 0.0937, kd 0.0092) | 10.3 it/s | elapsed 0.8 min | epoch ETA 6.5 min
  epoch 077 | batch 1,000/4,475 (22.3%) | loss 1.0000 (gt 0.0936, kd 0.0092) | 10.3 it/s | elapsed 1.6 min | epoch ETA 5.6 min
  epoch 077 | batch 1,500/4,475 (33.5%) | loss 1.0001 (gt 0.0936, kd 0.0092) | 10.3 it/s | elapsed 2.4 min | epoch ETA 4.8 min
  epoch 077 | batch 2,000/4,475 (44.7%) | loss 1.0002 (gt 0.0936, kd 0.0092) | 10.3 it/s | elapsed 3.2 min | epoch ETA 4.0 min
  epoch 077 | batch 2,500/4,475 (55.9%) | loss 1.0000 (gt 0.0936, kd 0.0092) | 10.3 it/s | elapsed 4.0 min | epoch ETA 3.2 min
  epoch 077 | batch 3,000/4,475 (67.0%) | loss 1.0001 (gt 0.0936, kd 0.0092) | 10.3 it/s | elapsed 4.8 min | epoch ETA 2.4 min
  epoch 077 | batch 3,500/4,475 (78.2%) | loss 1.0000 (gt 0.0936, kd 0.0092) | 10.3 it/s | elapsed 5.6 min | epoch ETA 1.6 min
  epoch 077 | batch 4,000/4,475 (89.4%) | loss 0.9999 (gt 0.0936, kd 0.0092) | 10.3 it/s | elapsed 6.4 min | epoch ETA 0.8 min
Epoch 077 | train 0.999826 (gt 0.093521, kd 0.009213) | val 0.887281 (gt 0.086531, kd 0.007224) | KL end 0.8138 path 1.2240 | rough FDE 988.2m
  epoch 078 | batch 500/4,475 (11.2%) | loss 0.9993 (gt 0.0934, kd 0.0092) | 10.3 it/s | elapsed 0.8 min | epoch ETA 6.5 min
  epoch 078 | batch 1,000/4,475 (22.3%) | loss 1.0001 (gt 0.0935, kd 0.0092) | 10.3 it/s | elapsed 1.6 min | epoch ETA 5.6 min
  epoch 078 | batch 1,500/4,475 (33.5%) | loss 1.0003 (gt 0.0936, kd 0.0092) | 10.3 it/s | elapsed 2.4 min | epoch ETA 4.8 min
  epoch 078 | batch 2,000/4,475 (44.7%) | loss 1.0004 (gt 0.0937, kd 0.0092) | 10.3 it/s | elapsed 3.2 min | epoch ETA 4.0 min
  epoch 078 | batch 2,500/4,475 (55.9%) | loss 1.0002 (gt 0.0937, kd 0.0092) | 10.3 it/s | elapsed 4.0 min | epoch ETA 3.2 min
  epoch 078 | batch 3,000/4,475 (67.0%) | loss 1.0001 (gt 0.0937, kd 0.0092) | 10.3 it/s | elapsed 4.8 min | epoch ETA 2.4 min
  epoch 078 | batch 3,500/4,475 (78.2%) | loss 1.0001 (gt 0.0937, kd 0.0092) | 10.3 it/s | elapsed 5.6 min | epoch ETA 1.6 min
  epoch 078 | batch 4,000/4,475 (89.4%) | loss 1.0000 (gt 0.0937, kd 0.0092) | 10.3 it/s | elapsed 6.4 min | epoch ETA 0.8 min
Epoch 078 | train 1.000024 (gt 0.093632, kd 0.009177) | val 0.884339 (gt 0.086503, kd 0.007201) | KL end 0.8141 path 1.2261 | rough FDE 989.6m
  epoch 079 | batch 500/4,475 (11.2%) | loss 0.9996 (gt 0.0935, kd 0.0091) | 10.3 it/s | elapsed 0.8 min | epoch ETA 6.5 min
  epoch 079 | batch 1,000/4,475 (22.3%) | loss 0.9999 (gt 0.0936, kd 0.0091) | 10.3 it/s | elapsed 1.6 min | epoch ETA 5.6 min
  epoch 079 | batch 1,500/4,475 (33.5%) | loss 1.0003 (gt 0.0937, kd 0.0091) | 10.3 it/s | elapsed 2.4 min | epoch ETA 4.8 min
  epoch 079 | batch 2,000/4,475 (44.7%) | loss 0.9999 (gt 0.0937, kd 0.0091) | 10.3 it/s | elapsed 3.2 min | epoch ETA 4.0 min
  epoch 079 | batch 2,500/4,475 (55.9%) | loss 0.9999 (gt 0.0936, kd 0.0091) | 10.3 it/s | elapsed 4.0 min | epoch ETA 3.2 min
  epoch 079 | batch 3,000/4,475 (67.0%) | loss 1.0001 (gt 0.0936, kd 0.0091) | 10.3 it/s | elapsed 4.8 min | epoch ETA 2.4 min
  epoch 079 | batch 3,500/4,475 (78.2%) | loss 1.0002 (gt 0.0936, kd 0.0091) | 10.3 it/s | elapsed 5.6 min | epoch ETA 1.6 min
  epoch 079 | batch 4,000/4,475 (89.4%) | loss 1.0000 (gt 0.0936, kd 0.0091) | 10.3 it/s | elapsed 6.4 min | epoch ETA 0.8 min
Epoch 079 | train 0.999890 (gt 0.093564, kd 0.009128) | val 0.886999 (gt 0.086491, kd 0.007179) | KL end 0.8056 path 1.2214 | rough FDE 991.0m
  epoch 080 | batch 500/4,475 (11.2%) | loss 1.0005 (gt 0.0937, kd 0.0091) | 10.3 it/s | elapsed 0.8 min | epoch ETA 6.4 min
  epoch 080 | batch 1,000/4,475 (22.3%) | loss 1.0008 (gt 0.0937, kd 0.0091) | 10.3 it/s | elapsed 1.6 min | epoch ETA 5.6 min
  epoch 080 | batch 1,500/4,475 (33.5%) | loss 1.0001 (gt 0.0936, kd 0.0091) | 10.3 it/s | elapsed 2.4 min | epoch ETA 4.8 min
  epoch 080 | batch 2,000/4,475 (44.7%) | loss 1.0002 (gt 0.0935, kd 0.0091) | 10.3 it/s | elapsed 3.2 min | epoch ETA 4.0 min
  epoch 080 | batch 2,500/4,475 (55.9%) | loss 1.0002 (gt 0.0935, kd 0.0091) | 10.3 it/s | elapsed 4.0 min | epoch ETA 3.2 min
  epoch 080 | batch 3,000/4,475 (67.0%) | loss 1.0003 (gt 0.0935, kd 0.0091) | 10.3 it/s | elapsed 4.8 min | epoch ETA 2.4 min
  epoch 080 | batch 3,500/4,475 (78.2%) | loss 1.0001 (gt 0.0936, kd 0.0091) | 10.3 it/s | elapsed 5.6 min | epoch ETA 1.6 min
  epoch 080 | batch 4,000/4,475 (89.4%) | loss 1.0000 (gt 0.0935, kd 0.0091) | 10.3 it/s | elapsed 6.4 min | epoch ETA 0.8 min
Epoch 080 | train 1.000088 (gt 0.093516, kd 0.009076) | val 0.881632 (gt 0.086474, kd 0.007159) | KL end 0.7960 path 1.2178 | rough FDE 990.4m | proper FDE 982.5m (teacher 820.8m)  ✓ best
  epoch 081 | batch 500/4,475 (11.2%) | loss 0.9990 (gt 0.0936, kd 0.0091) | 10.3 it/s | elapsed 0.8 min | epoch ETA 6.4 min
  epoch 081 | batch 1,000/4,475 (22.3%) | loss 0.9995 (gt 0.0936, kd 0.0091) | 10.3 it/s | elapsed 1.6 min | epoch ETA 5.6 min
  epoch 081 | batch 1,500/4,475 (33.5%) | loss 0.9998 (gt 0.0935, kd 0.0091) | 10.3 it/s | elapsed 2.4 min | epoch ETA 4.8 min
  epoch 081 | batch 2,000/4,475 (44.7%) | loss 0.9994 (gt 0.0934, kd 0.0090) | 10.3 it/s | elapsed 3.2 min | epoch ETA 4.0 min
  epoch 081 | batch 2,500/4,475 (55.9%) | loss 1.0000 (gt 0.0935, kd 0.0090) | 10.3 it/s | elapsed 4.0 min | epoch ETA 3.2 min
  epoch 081 | batch 3,000/4,475 (67.0%) | loss 0.9997 (gt 0.0934, kd 0.0090) | 10.3 it/s | elapsed 4.8 min | epoch ETA 2.4 min
  epoch 081 | batch 3,500/4,475 (78.2%) | loss 1.0001 (gt 0.0934, kd 0.0090) | 10.3 it/s | elapsed 5.6 min | epoch ETA 1.6 min
  epoch 081 | batch 4,000/4,475 (89.4%) | loss 1.0000 (gt 0.0935, kd 0.0090) | 10.3 it/s | elapsed 6.5 min | epoch ETA 0.8 min
Epoch 081 | train 0.999894 (gt 0.093488, kd 0.009043) | val 0.884254 (gt 0.086451, kd 0.007141) | KL end 0.7900 path 1.2210 | rough FDE 987.4m
  epoch 082 | batch 500/4,475 (11.2%) | loss 0.9990 (gt 0.0933, kd 0.0090) | 10.3 it/s | elapsed 0.8 min | epoch ETA 6.4 min
  epoch 082 | batch 1,000/4,475 (22.3%) | loss 0.9997 (gt 0.0934, kd 0.0090) | 10.3 it/s | elapsed 1.6 min | epoch ETA 5.6 min
  epoch 082 | batch 1,500/4,475 (33.5%) | loss 0.9997 (gt 0.0933, kd 0.0090) | 10.3 it/s | elapsed 2.4 min | epoch ETA 4.8 min
  epoch 082 | batch 2,000/4,475 (44.7%) | loss 0.9998 (gt 0.0933, kd 0.0090) | 10.3 it/s | elapsed 3.2 min | epoch ETA 4.0 min
  epoch 082 | batch 2,500/4,475 (55.9%) | loss 0.9999 (gt 0.0933, kd 0.0090) | 10.4 it/s | elapsed 4.0 min | epoch ETA 3.2 min
  epoch 082 | batch 3,000/4,475 (67.0%) | loss 1.0000 (gt 0.0934, kd 0.0090) | 10.3 it/s | elapsed 4.8 min | epoch ETA 2.4 min
  epoch 082 | batch 3,500/4,475 (78.2%) | loss 1.0000 (gt 0.0933, kd 0.0090) | 10.4 it/s | elapsed 5.6 min | epoch ETA 1.6 min
  epoch 082 | batch 4,000/4,475 (89.4%) | loss 0.9999 (gt 0.0933, kd 0.0090) | 10.4 it/s | elapsed 6.4 min | epoch ETA 0.8 min
Epoch 082 | train 0.999938 (gt 0.093328, kd 0.008993) | val 0.884639 (gt 0.086422, kd 0.007118) | KL end 0.7864 path 1.2645 | rough FDE 985.6m
  epoch 083 | batch 500/4,475 (11.2%) | loss 1.0014 (gt 0.0936, kd 0.0090) | 10.3 it/s | elapsed 0.8 min | epoch ETA 6.4 min
  epoch 083 | batch 1,000/4,475 (22.3%) | loss 0.9997 (gt 0.0934, kd 0.0090) | 10.3 it/s | elapsed 1.6 min | epoch ETA 5.6 min
  epoch 083 | batch 1,500/4,475 (33.5%) | loss 1.0003 (gt 0.0935, kd 0.0090) | 10.3 it/s | elapsed 2.4 min | epoch ETA 4.8 min
  epoch 083 | batch 2,000/4,475 (44.7%) | loss 0.9999 (gt 0.0935, kd 0.0090) | 10.3 it/s | elapsed 3.2 min | epoch ETA 4.0 min
  epoch 083 | batch 2,500/4,475 (55.9%) | loss 0.9998 (gt 0.0935, kd 0.0090) | 10.3 it/s | elapsed 4.0 min | epoch ETA 3.2 min
  epoch 083 | batch 3,000/4,475 (67.0%) | loss 1.0001 (gt 0.0935, kd 0.0090) | 10.3 it/s | elapsed 4.8 min | epoch ETA 2.4 min
  epoch 083 | batch 3,500/4,475 (78.2%) | loss 0.9999 (gt 0.0934, kd 0.0090) | 10.3 it/s | elapsed 5.6 min | epoch ETA 1.6 min
  epoch 083 | batch 4,000/4,475 (89.4%) | loss 0.9999 (gt 0.0934, kd 0.0090) | 10.3 it/s | elapsed 6.4 min | epoch ETA 0.8 min
Epoch 083 | train 1.000016 (gt 0.093424, kd 0.008965) | val 0.882694 (gt 0.086406, kd 0.007101) | KL end 0.7822 path 1.2638 | rough FDE 984.3m
  epoch 084 | batch 500/4,475 (11.2%) | loss 0.9989 (gt 0.0932, kd 0.0089) | 10.3 it/s | elapsed 0.8 min | epoch ETA 6.4 min
  epoch 084 | batch 1,000/4,475 (22.3%) | loss 0.9998 (gt 0.0933, kd 0.0090) | 10.3 it/s | elapsed 1.6 min | epoch ETA 5.6 min
  epoch 084 | batch 1,500/4,475 (33.5%) | loss 1.0000 (gt 0.0933, kd 0.0089) | 10.3 it/s | elapsed 2.4 min | epoch ETA 4.8 min
  epoch 084 | batch 2,000/4,475 (44.7%) | loss 0.9997 (gt 0.0933, kd 0.0089) | 10.3 it/s | elapsed 3.2 min | epoch ETA 4.0 min
  epoch 084 | batch 2,500/4,475 (55.9%) | loss 0.9999 (gt 0.0933, kd 0.0089) | 10.4 it/s | elapsed 4.0 min | epoch ETA 3.2 min
  epoch 084 | batch 3,000/4,475 (67.0%) | loss 0.9996 (gt 0.0933, kd 0.0089) | 10.4 it/s | elapsed 4.8 min | epoch ETA 2.4 min
  epoch 084 | batch 3,500/4,475 (78.2%) | loss 0.9999 (gt 0.0933, kd 0.0089) | 10.4 it/s | elapsed 5.6 min | epoch ETA 1.6 min
  epoch 084 | batch 4,000/4,475 (89.4%) | loss 0.9998 (gt 0.0933, kd 0.0089) | 10.4 it/s | elapsed 6.4 min | epoch ETA 0.8 min
Epoch 084 | train 0.999967 (gt 0.093300, kd 0.008928) | val 0.882313 (gt 0.086382, kd 0.007082) | KL end 0.7772 path 1.2589 | rough FDE 983.2m
  epoch 085 | batch 500/4,475 (11.2%) | loss 0.9983 (gt 0.0930, kd 0.0089) | 10.3 it/s | elapsed 0.8 min | epoch ETA 6.4 min
  epoch 085 | batch 1,000/4,475 (22.3%) | loss 0.9994 (gt 0.0932, kd 0.0089) | 10.3 it/s | elapsed 1.6 min | epoch ETA 5.6 min
  epoch 085 | batch 1,500/4,475 (33.5%) | loss 0.9995 (gt 0.0933, kd 0.0089) | 10.3 it/s | elapsed 2.4 min | epoch ETA 4.8 min
  epoch 085 | batch 2,000/4,475 (44.7%) | loss 0.9998 (gt 0.0933, kd 0.0089) | 10.3 it/s | elapsed 3.2 min | epoch ETA 4.0 min
  epoch 085 | batch 2,500/4,475 (55.9%) | loss 0.9996 (gt 0.0933, kd 0.0089) | 10.4 it/s | elapsed 4.0 min | epoch ETA 3.2 min
  epoch 085 | batch 3,000/4,475 (67.0%) | loss 0.9997 (gt 0.0932, kd 0.0089) | 10.4 it/s | elapsed 4.8 min | epoch ETA 2.4 min
  epoch 085 | batch 3,500/4,475 (78.2%) | loss 0.9997 (gt 0.0933, kd 0.0089) | 10.4 it/s | elapsed 5.6 min | epoch ETA 1.6 min
  epoch 085 | batch 4,000/4,475 (89.4%) | loss 0.9998 (gt 0.0933, kd 0.0089) | 10.4 it/s | elapsed 6.4 min | epoch ETA 0.8 min
Epoch 085 | train 0.999885 (gt 0.093260, kd 0.008903) | val 0.885443 (gt 0.086372, kd 0.007073) | KL end 0.7681 path 1.2568 | rough FDE 982.9m | proper FDE 977.1m (teacher 820.8m)  ✓ best
  epoch 086 | batch 500/4,475 (11.2%) | loss 0.9991 (gt 0.0932, kd 0.0089) | 10.3 it/s | elapsed 0.8 min | epoch ETA 6.5 min
  epoch 086 | batch 1,000/4,475 (22.3%) | loss 1.0001 (gt 0.0933, kd 0.0089) | 10.3 it/s | elapsed 1.6 min | epoch ETA 5.6 min
  epoch 086 | batch 1,500/4,475 (33.5%) | loss 0.9995 (gt 0.0932, kd 0.0089) | 10.3 it/s | elapsed 2.4 min | epoch ETA 4.8 min
  epoch 086 | batch 2,000/4,475 (44.7%) | loss 1.0000 (gt 0.0933, kd 0.0089) | 10.3 it/s | elapsed 3.2 min | epoch ETA 4.0 min
  epoch 086 | batch 2,500/4,475 (55.9%) | loss 1.0000 (gt 0.0933, kd 0.0089) | 10.3 it/s | elapsed 4.0 min | epoch ETA 3.2 min
  epoch 086 | batch 3,000/4,475 (67.0%) | loss 0.9999 (gt 0.0933, kd 0.0089) | 10.3 it/s | elapsed 4.8 min | epoch ETA 2.4 min
  epoch 086 | batch 3,500/4,475 (78.2%) | loss 0.9999 (gt 0.0933, kd 0.0089) | 10.3 it/s | elapsed 5.7 min | epoch ETA 1.6 min
  epoch 086 | batch 4,000/4,475 (89.4%) | loss 0.9999 (gt 0.0933, kd 0.0089) | 10.3 it/s | elapsed 6.5 min | epoch ETA 0.8 min
Epoch 086 | train 0.999894 (gt 0.093305, kd 0.008858) | val 0.888196 (gt 0.086358, kd 0.007060) | KL end 0.7664 path 1.2559 | rough FDE 984.6m
  epoch 087 | batch 500/4,475 (11.2%) | loss 1.0006 (gt 0.0935, kd 0.0088) | 10.3 it/s | elapsed 0.8 min | epoch ETA 6.4 min
  epoch 087 | batch 1,000/4,475 (22.3%) | loss 1.0001 (gt 0.0933, kd 0.0089) | 10.3 it/s | elapsed 1.6 min | epoch ETA 5.6 min
  epoch 087 | batch 1,500/4,475 (33.5%) | loss 1.0002 (gt 0.0933, kd 0.0088) | 10.3 it/s | elapsed 2.4 min | epoch ETA 4.8 min
  epoch 087 | batch 2,000/4,475 (44.7%) | loss 0.9999 (gt 0.0932, kd 0.0088) | 10.3 it/s | elapsed 3.2 min | epoch ETA 4.0 min
  epoch 087 | batch 2,500/4,475 (55.9%) | loss 0.9998 (gt 0.0932, kd 0.0088) | 10.3 it/s | elapsed 4.0 min | epoch ETA 3.2 min
  epoch 087 | batch 3,000/4,475 (67.0%) | loss 1.0000 (gt 0.0932, kd 0.0088) | 10.3 it/s | elapsed 4.8 min | epoch ETA 2.4 min
  epoch 087 | batch 3,500/4,475 (78.2%) | loss 1.0000 (gt 0.0932, kd 0.0088) | 10.3 it/s | elapsed 5.6 min | epoch ETA 1.6 min
  epoch 087 | batch 4,000/4,475 (89.4%) | loss 1.0000 (gt 0.0932, kd 0.0088) | 10.3 it/s | elapsed 6.4 min | epoch ETA 0.8 min
Epoch 087 | train 0.999963 (gt 0.093255, kd 0.008842) | val 0.888206 (gt 0.086344, kd 0.007049) | KL end 0.7626 path 1.2550 | rough FDE 985.1m
  epoch 088 | batch 500/4,475 (11.2%) | loss 0.9998 (gt 0.0931, kd 0.0088) | 10.2 it/s | elapsed 0.8 min | epoch ETA 6.5 min
  epoch 088 | batch 1,000/4,475 (22.3%) | loss 1.0000 (gt 0.0932, kd 0.0088) | 10.3 it/s | elapsed 1.6 min | epoch ETA 5.6 min
  epoch 088 | batch 1,500/4,475 (33.5%) | loss 0.9994 (gt 0.0930, kd 0.0088) | 10.3 it/s | elapsed 2.4 min | epoch ETA 4.8 min
  epoch 088 | batch 2,000/4,475 (44.7%) | loss 1.0001 (gt 0.0931, kd 0.0088) | 10.3 it/s | elapsed 3.2 min | epoch ETA 4.0 min
  epoch 088 | batch 2,500/4,475 (55.9%) | loss 1.0000 (gt 0.0931, kd 0.0088) | 10.3 it/s | elapsed 4.0 min | epoch ETA 3.2 min
  epoch 088 | batch 3,000/4,475 (67.0%) | loss 1.0001 (gt 0.0931, kd 0.0088) | 10.3 it/s | elapsed 4.8 min | epoch ETA 2.4 min
  epoch 088 | batch 3,500/4,475 (78.2%) | loss 1.0001 (gt 0.0932, kd 0.0088) | 10.3 it/s | elapsed 5.6 min | epoch ETA 1.6 min
  epoch 088 | batch 4,000/4,475 (89.4%) | loss 1.0000 (gt 0.0932, kd 0.0088) | 10.3 it/s | elapsed 6.4 min | epoch ETA 0.8 min
Epoch 088 | train 0.999990 (gt 0.093233, kd 0.008814) | val 0.887586 (gt 0.086332, kd 0.007039) | KL end 0.7621 path 1.2540 | rough FDE 985.0m
  epoch 089 | batch 500/4,475 (11.2%) | loss 0.9995 (gt 0.0929, kd 0.0088) | 10.2 it/s | elapsed 0.8 min | epoch ETA 6.5 min
  epoch 089 | batch 1,000/4,475 (22.3%) | loss 0.9994 (gt 0.0928, kd 0.0088) | 10.3 it/s | elapsed 1.6 min | epoch ETA 5.6 min
  epoch 089 | batch 1,500/4,475 (33.5%) | loss 1.0001 (gt 0.0929, kd 0.0088) | 10.3 it/s | elapsed 2.4 min | epoch ETA 4.8 min
  epoch 089 | batch 2,000/4,475 (44.7%) | loss 0.9995 (gt 0.0928, kd 0.0088) | 10.3 it/s | elapsed 3.2 min | epoch ETA 4.0 min
  epoch 089 | batch 2,500/4,475 (55.9%) | loss 0.9998 (gt 0.0929, kd 0.0088) | 10.3 it/s | elapsed 4.0 min | epoch ETA 3.2 min
  epoch 089 | batch 3,000/4,475 (67.0%) | loss 0.9999 (gt 0.0930, kd 0.0088) | 10.3 it/s | elapsed 4.8 min | epoch ETA 2.4 min
  epoch 089 | batch 3,500/4,475 (78.2%) | loss 0.9999 (gt 0.0930, kd 0.0088) | 10.3 it/s | elapsed 5.6 min | epoch ETA 1.6 min
  epoch 089 | batch 4,000/4,475 (89.4%) | loss 1.0001 (gt 0.0931, kd 0.0088) | 10.3 it/s | elapsed 6.4 min | epoch ETA 0.8 min
Epoch 089 | train 0.999877 (gt 0.093087, kd 0.008780) | val 0.891012 (gt 0.086319, kd 0.007031) | KL end 0.7625 path 1.2514 | rough FDE 985.1m
  epoch 090 | batch 500/4,475 (11.2%) | loss 1.0004 (gt 0.0931, kd 0.0088) | 10.2 it/s | elapsed 0.8 min | epoch ETA 6.5 min
  epoch 090 | batch 1,000/4,475 (22.3%) | loss 0.9999 (gt 0.0929, kd 0.0088) | 10.3 it/s | elapsed 1.6 min | epoch ETA 5.6 min
  epoch 090 | batch 1,500/4,475 (33.5%) | loss 1.0003 (gt 0.0931, kd 0.0088) | 10.3 it/s | elapsed 2.4 min | epoch ETA 4.8 min
  epoch 090 | batch 2,000/4,475 (44.7%) | loss 1.0003 (gt 0.0931, kd 0.0088) | 10.3 it/s | elapsed 3.2 min | epoch ETA 4.0 min
  epoch 090 | batch 2,500/4,475 (55.9%) | loss 1.0000 (gt 0.0931, kd 0.0088) | 10.3 it/s | elapsed 4.0 min | epoch ETA 3.2 min
  epoch 090 | batch 3,000/4,475 (67.0%) | loss 0.9999 (gt 0.0931, kd 0.0088) | 10.3 it/s | elapsed 4.8 min | epoch ETA 2.4 min
  epoch 090 | batch 3,500/4,475 (78.2%) | loss 1.0001 (gt 0.0931, kd 0.0088) | 10.3 it/s | elapsed 5.6 min | epoch ETA 1.6 min
  epoch 090 | batch 4,000/4,475 (89.4%) | loss 1.0000 (gt 0.0931, kd 0.0088) | 10.3 it/s | elapsed 6.5 min | epoch ETA 0.8 min
Epoch 090 | train 0.999968 (gt 0.093115, kd 0.008777) | val 0.891194 (gt 0.086308, kd 0.007024) | KL end 0.7602 path 1.2536 | rough FDE 985.9m | proper FDE 976.8m (teacher 820.8m)  ✓ best
  epoch 091 | batch 500/4,475 (11.2%) | loss 0.9999 (gt 0.0931, kd 0.0088) | 10.3 it/s | elapsed 0.8 min | epoch ETA 6.5 min
  epoch 091 | batch 1,000/4,475 (22.3%) | loss 1.0005 (gt 0.0933, kd 0.0088) | 10.3 it/s | elapsed 1.6 min | epoch ETA 5.6 min
  epoch 091 | batch 1,500/4,475 (33.5%) | loss 1.0006 (gt 0.0933, kd 0.0088) | 10.3 it/s | elapsed 2.4 min | epoch ETA 4.8 min
  epoch 091 | batch 2,000/4,475 (44.7%) | loss 1.0000 (gt 0.0932, kd 0.0088) | 10.3 it/s | elapsed 3.2 min | epoch ETA 4.0 min
  epoch 091 | batch 2,500/4,475 (55.9%) | loss 1.0000 (gt 0.0932, kd 0.0088) | 10.3 it/s | elapsed 4.0 min | epoch ETA 3.2 min
  epoch 091 | batch 3,000/4,475 (67.0%) | loss 0.9999 (gt 0.0931, kd 0.0088) | 10.3 it/s | elapsed 4.8 min | epoch ETA 2.4 min
  epoch 091 | batch 3,500/4,475 (78.2%) | loss 1.0001 (gt 0.0931, kd 0.0088) | 10.3 it/s | elapsed 5.6 min | epoch ETA 1.6 min
  epoch 091 | batch 4,000/4,475 (89.4%) | loss 0.9999 (gt 0.0931, kd 0.0088) | 10.3 it/s | elapsed 6.4 min | epoch ETA 0.8 min
Epoch 091 | train 1.000036 (gt 0.093132, kd 0.008756) | val 0.888487 (gt 0.086300, kd 0.007016) | KL end 0.7551 path 1.2520 | rough FDE 985.2m
  epoch 092 | batch 500/4,475 (11.2%) | loss 0.9997 (gt 0.0928, kd 0.0087) | 10.3 it/s | elapsed 0.8 min | epoch ETA 6.4 min
  epoch 092 | batch 1,000/4,475 (22.3%) | loss 0.9998 (gt 0.0929, kd 0.0087) | 10.3 it/s | elapsed 1.6 min | epoch ETA 5.6 min
  epoch 092 | batch 1,500/4,475 (33.5%) | loss 1.0000 (gt 0.0930, kd 0.0087) | 10.3 it/s | elapsed 2.4 min | epoch ETA 4.8 min
  epoch 092 | batch 2,000/4,475 (44.7%) | loss 0.9998 (gt 0.0930, kd 0.0087) | 10.3 it/s | elapsed 3.2 min | epoch ETA 4.0 min
  epoch 092 | batch 2,500/4,475 (55.9%) | loss 0.9998 (gt 0.0930, kd 0.0087) | 10.3 it/s | elapsed 4.0 min | epoch ETA 3.2 min
  epoch 092 | batch 3,000/4,475 (67.0%) | loss 0.9999 (gt 0.0930, kd 0.0087) | 10.3 it/s | elapsed 4.8 min | epoch ETA 2.4 min
  epoch 092 | batch 3,500/4,475 (78.2%) | loss 1.0000 (gt 0.0931, kd 0.0087) | 10.3 it/s | elapsed 5.6 min | epoch ETA 1.6 min
  epoch 092 | batch 4,000/4,475 (89.4%) | loss 0.9999 (gt 0.0930, kd 0.0087) | 10.3 it/s | elapsed 6.4 min | epoch ETA 0.8 min
Epoch 092 | train 1.000015 (gt 0.093072, kd 0.008728) | val 0.886726 (gt 0.086289, kd 0.007010) | KL end 0.7519 path 1.2520 | rough FDE 984.3m
  epoch 093 | batch 500/4,475 (11.2%) | loss 0.9990 (gt 0.0933, kd 0.0087) | 10.3 it/s | elapsed 0.8 min | epoch ETA 6.4 min
  epoch 093 | batch 1,000/4,475 (22.3%) | loss 0.9997 (gt 0.0931, kd 0.0087) | 10.3 it/s | elapsed 1.6 min | epoch ETA 5.6 min
  epoch 093 | batch 1,500/4,475 (33.5%) | loss 0.9995 (gt 0.0931, kd 0.0087) | 10.3 it/s | elapsed 2.4 min | epoch ETA 4.8 min
  epoch 093 | batch 2,000/4,475 (44.7%) | loss 0.9998 (gt 0.0931, kd 0.0087) | 10.3 it/s | elapsed 3.2 min | epoch ETA 4.0 min
  epoch 093 | batch 2,500/4,475 (55.9%) | loss 1.0001 (gt 0.0932, kd 0.0087) | 10.3 it/s | elapsed 4.0 min | epoch ETA 3.2 min
  epoch 093 | batch 3,000/4,475 (67.0%) | loss 0.9999 (gt 0.0932, kd 0.0087) | 10.3 it/s | elapsed 4.8 min | epoch ETA 2.4 min
  epoch 093 | batch 3,500/4,475 (78.2%) | loss 0.9998 (gt 0.0931, kd 0.0087) | 10.3 it/s | elapsed 5.6 min | epoch ETA 1.6 min
  epoch 093 | batch 4,000/4,475 (89.4%) | loss 0.9998 (gt 0.0931, kd 0.0087) | 10.3 it/s | elapsed 6.4 min | epoch ETA 0.8 min
Epoch 093 | train 0.999972 (gt 0.093196, kd 0.008719) | val 0.886711 (gt 0.086287, kd 0.007007) | KL end 0.7565 path 1.2519 | rough FDE 983.8m
  epoch 094 | batch 500/4,475 (11.2%) | loss 0.9993 (gt 0.0933, kd 0.0087) | 10.3 it/s | elapsed 0.8 min | epoch ETA 6.4 min
  epoch 094 | batch 1,000/4,475 (22.3%) | loss 0.9996 (gt 0.0932, kd 0.0087) | 10.3 it/s | elapsed 1.6 min | epoch ETA 5.6 min
  epoch 094 | batch 1,500/4,475 (33.5%) | loss 0.9996 (gt 0.0931, kd 0.0087) | 10.3 it/s | elapsed 2.4 min | epoch ETA 4.8 min
  epoch 094 | batch 2,000/4,475 (44.7%) | loss 1.0000 (gt 0.0931, kd 0.0087) | 10.3 it/s | elapsed 3.2 min | epoch ETA 4.0 min
  epoch 094 | batch 2,500/4,475 (55.9%) | loss 0.9997 (gt 0.0931, kd 0.0087) | 10.3 it/s | elapsed 4.0 min | epoch ETA 3.2 min
  epoch 094 | batch 3,000/4,475 (67.0%) | loss 0.9999 (gt 0.0931, kd 0.0087) | 10.3 it/s | elapsed 4.8 min | epoch ETA 2.4 min
  epoch 094 | batch 3,500/4,475 (78.2%) | loss 1.0000 (gt 0.0931, kd 0.0087) | 10.4 it/s | elapsed 5.6 min | epoch ETA 1.6 min
  epoch 094 | batch 4,000/4,475 (89.4%) | loss 0.9999 (gt 0.0931, kd 0.0087) | 10.4 it/s | elapsed 6.4 min | epoch ETA 0.8 min
Epoch 094 | train 0.999703 (gt 0.093032, kd 0.008698) | val 0.897928 (gt 0.086280, kd 0.007003) | KL end 0.7570 path 1.2531 | rough FDE 983.5m
  epoch 095 | batch 500/4,475 (11.2%) | loss 1.0021 (gt 0.0933, kd 0.0087) | 10.3 it/s | elapsed 0.8 min | epoch ETA 6.5 min
  epoch 095 | batch 1,000/4,475 (22.3%) | loss 1.0012 (gt 0.0932, kd 0.0087) | 10.3 it/s | elapsed 1.6 min | epoch ETA 5.6 min
  epoch 095 | batch 1,500/4,475 (33.5%) | loss 1.0002 (gt 0.0931, kd 0.0087) | 10.3 it/s | elapsed 2.4 min | epoch ETA 4.8 min
  epoch 095 | batch 2,000/4,475 (44.7%) | loss 1.0008 (gt 0.0931, kd 0.0087) | 10.3 it/s | elapsed 3.2 min | epoch ETA 4.0 min
  epoch 095 | batch 2,500/4,475 (55.9%) | loss 1.0003 (gt 0.0931, kd 0.0087) | 10.3 it/s | elapsed 4.0 min | epoch ETA 3.2 min
  epoch 095 | batch 3,000/4,475 (67.0%) | loss 1.0002 (gt 0.0931, kd 0.0087) | 10.3 it/s | elapsed 4.8 min | epoch ETA 2.4 min
  epoch 095 | batch 3,500/4,475 (78.2%) | loss 1.0002 (gt 0.0931, kd 0.0087) | 10.3 it/s | elapsed 5.6 min | epoch ETA 1.6 min
  epoch 095 | batch 4,000/4,475 (89.4%) | loss 1.0002 (gt 0.0931, kd 0.0087) | 10.4 it/s | elapsed 6.4 min | epoch ETA 0.8 min
Epoch 095 | train 1.000302 (gt 0.093137, kd 0.008702) | val 0.884800 (gt 0.086280, kd 0.007002) | KL end 0.7556 path 1.2559 | rough FDE 982.8m | proper FDE 975.6m (teacher 820.8m)  ✓ best
  epoch 096 | batch 500/4,475 (11.2%) | loss 0.9974 (gt 0.0927, kd 0.0087) | 10.3 it/s | elapsed 0.8 min | epoch ETA 6.4 min
  epoch 096 | batch 1,000/4,475 (22.3%) | loss 1.0000 (gt 0.0931, kd 0.0087) | 10.3 it/s | elapsed 1.6 min | epoch ETA 5.6 min
  epoch 096 | batch 1,500/4,475 (33.5%) | loss 0.9993 (gt 0.0931, kd 0.0087) | 10.3 it/s | elapsed 2.4 min | epoch ETA 4.8 min
  epoch 096 | batch 2,000/4,475 (44.7%) | loss 0.9996 (gt 0.0930, kd 0.0087) | 10.3 it/s | elapsed 3.2 min | epoch ETA 4.0 min
  epoch 096 | batch 2,500/4,475 (55.9%) | loss 0.9996 (gt 0.0930, kd 0.0087) | 10.3 it/s | elapsed 4.0 min | epoch ETA 3.2 min
  epoch 096 | batch 3,000/4,475 (67.0%) | loss 0.9996 (gt 0.0929, kd 0.0087) | 10.3 it/s | elapsed 4.8 min | epoch ETA 2.4 min
  epoch 096 | batch 3,500/4,475 (78.2%) | loss 0.9999 (gt 0.0930, kd 0.0087) | 10.4 it/s | elapsed 5.6 min | epoch ETA 1.6 min
  epoch 096 | batch 4,000/4,475 (89.4%) | loss 0.9999 (gt 0.0929, kd 0.0087) | 10.4 it/s | elapsed 6.4 min | epoch ETA 0.8 min
Epoch 096 | train 0.999920 (gt 0.093003, kd 0.008686) | val 0.887029 (gt 0.086277, kd 0.006999) | KL end 0.7548 path 1.2593 | rough FDE 982.3m
  epoch 097 | batch 500/4,475 (11.2%) | loss 0.9989 (gt 0.0931, kd 0.0087) | 10.3 it/s | elapsed 0.8 min | epoch ETA 6.4 min
  epoch 097 | batch 1,000/4,475 (22.3%) | loss 0.9989 (gt 0.0929, kd 0.0087) | 10.3 it/s | elapsed 1.6 min | epoch ETA 5.6 min
  epoch 097 | batch 1,500/4,475 (33.5%) | loss 0.9998 (gt 0.0930, kd 0.0087) | 10.3 it/s | elapsed 2.4 min | epoch ETA 4.8 min
  epoch 097 | batch 2,000/4,475 (44.7%) | loss 0.9994 (gt 0.0929, kd 0.0087) | 10.3 it/s | elapsed 3.2 min | epoch ETA 4.0 min
  epoch 097 | batch 2,500/4,475 (55.9%) | loss 0.9998 (gt 0.0929, kd 0.0087) | 10.3 it/s | elapsed 4.0 min | epoch ETA 3.2 min
  epoch 097 | batch 3,000/4,475 (67.0%) | loss 1.0000 (gt 0.0930, kd 0.0087) | 10.3 it/s | elapsed 4.8 min | epoch ETA 2.4 min
  epoch 097 | batch 3,500/4,475 (78.2%) | loss 0.9998 (gt 0.0930, kd 0.0087) | 10.4 it/s | elapsed 5.6 min | epoch ETA 1.6 min
  epoch 097 | batch 4,000/4,475 (89.4%) | loss 0.9997 (gt 0.0930, kd 0.0087) | 10.4 it/s | elapsed 6.4 min | epoch ETA 0.8 min
Epoch 097 | train 0.999734 (gt 0.092989, kd 0.008668) | val 0.896800 (gt 0.086270, kd 0.006996) | KL end 0.7549 path 1.2599 | rough FDE 982.3m
  epoch 098 | batch 500/4,475 (11.2%) | loss 1.0013 (gt 0.0930, kd 0.0087) | 10.3 it/s | elapsed 0.8 min | epoch ETA 6.4 min
  epoch 098 | batch 1,000/4,475 (22.3%) | loss 1.0001 (gt 0.0930, kd 0.0087) | 10.3 it/s | elapsed 1.6 min | epoch ETA 5.6 min
  epoch 098 | batch 1,500/4,475 (33.5%) | loss 1.0001 (gt 0.0930, kd 0.0087) | 10.3 it/s | elapsed 2.4 min | epoch ETA 4.8 min
  epoch 098 | batch 2,000/4,475 (44.7%) | loss 1.0004 (gt 0.0930, kd 0.0087) | 10.3 it/s | elapsed 3.2 min | epoch ETA 4.0 min
  epoch 098 | batch 2,500/4,475 (55.9%) | loss 1.0001 (gt 0.0929, kd 0.0087) | 10.4 it/s | elapsed 4.0 min | epoch ETA 3.2 min
  epoch 098 | batch 3,000/4,475 (67.0%) | loss 1.0002 (gt 0.0930, kd 0.0087) | 10.4 it/s | elapsed 4.8 min | epoch ETA 2.4 min
  epoch 098 | batch 3,500/4,475 (78.2%) | loss 1.0002 (gt 0.0930, kd 0.0087) | 10.3 it/s | elapsed 5.6 min | epoch ETA 1.6 min
  epoch 098 | batch 4,000/4,475 (89.4%) | loss 1.0001 (gt 0.0930, kd 0.0087) | 10.3 it/s | elapsed 6.4 min | epoch ETA 0.8 min
Epoch 098 | train 1.000182 (gt 0.092977, kd 0.008659) | val 0.888511 (gt 0.086266, kd 0.006995) | KL end 0.7542 path 1.2588 | rough FDE 982.4m
  epoch 099 | batch 500/4,475 (11.2%) | loss 0.9999 (gt 0.0934, kd 0.0087) | 10.3 it/s | elapsed 0.8 min | epoch ETA 6.4 min
  epoch 099 | batch 1,000/4,475 (22.3%) | loss 0.9989 (gt 0.0931, kd 0.0087) | 10.3 it/s | elapsed 1.6 min | epoch ETA 5.6 min
  epoch 099 | batch 1,500/4,475 (33.5%) | loss 1.0000 (gt 0.0931, kd 0.0087) | 10.3 it/s | elapsed 2.4 min | epoch ETA 4.8 min
  epoch 099 | batch 2,000/4,475 (44.7%) | loss 0.9998 (gt 0.0930, kd 0.0087) | 10.3 it/s | elapsed 3.2 min | epoch ETA 4.0 min
  epoch 099 | batch 2,500/4,475 (55.9%) | loss 1.0001 (gt 0.0931, kd 0.0087) | 10.3 it/s | elapsed 4.0 min | epoch ETA 3.2 min
  epoch 099 | batch 3,000/4,475 (67.0%) | loss 1.0001 (gt 0.0931, kd 0.0087) | 10.3 it/s | elapsed 4.8 min | epoch ETA 2.4 min
  epoch 099 | batch 3,500/4,475 (78.2%) | loss 0.9998 (gt 0.0931, kd 0.0087) | 10.4 it/s | elapsed 5.6 min | epoch ETA 1.6 min
  epoch 099 | batch 4,000/4,475 (89.4%) | loss 0.9998 (gt 0.0931, kd 0.0087) | 10.4 it/s | elapsed 6.4 min | epoch ETA 0.8 min
Epoch 099 | train 0.999812 (gt 0.093055, kd 0.008677) | val 0.895243 (gt 0.086265, kd 0.006993) | KL end 0.7530 path 1.2590 | rough FDE 982.4m
  epoch 100 | batch 500/4,475 (11.2%) | loss 1.0008 (gt 0.0928, kd 0.0086) | 10.3 it/s | elapsed 0.8 min | epoch ETA 6.4 min
  epoch 100 | batch 1,000/4,475 (22.3%) | loss 1.0004 (gt 0.0931, kd 0.0087) | 10.3 it/s | elapsed 1.6 min | epoch ETA 5.6 min
  epoch 100 | batch 1,500/4,475 (33.5%) | loss 1.0004 (gt 0.0929, kd 0.0087) | 10.3 it/s | elapsed 2.4 min | epoch ETA 4.8 min
  epoch 100 | batch 2,000/4,475 (44.7%) | loss 1.0002 (gt 0.0930, kd 0.0087) | 10.4 it/s | elapsed 3.2 min | epoch ETA 4.0 min
  epoch 100 | batch 2,500/4,475 (55.9%) | loss 1.0001 (gt 0.0930, kd 0.0087) | 10.4 it/s | elapsed 4.0 min | epoch ETA 3.2 min
  epoch 100 | batch 3,000/4,475 (67.0%) | loss 1.0002 (gt 0.0930, kd 0.0087) | 10.4 it/s | elapsed 4.8 min | epoch ETA 2.4 min
  epoch 100 | batch 3,500/4,475 (78.2%) | loss 1.0001 (gt 0.0930, kd 0.0087) | 10.4 it/s | elapsed 5.6 min | epoch ETA 1.6 min
  epoch 100 | batch 4,000/4,475 (89.4%) | loss 0.9999 (gt 0.0930, kd 0.0087) | 10.4 it/s | elapsed 6.4 min | epoch ETA 0.8 min
Epoch 100 | train 1.000056 (gt 0.092959, kd 0.008666) | val 0.892140 (gt 0.086265, kd 0.006993) | KL end 0.7532 path 1.2595 | rough FDE 982.5m | proper FDE 974.4m (teacher 820.8m)  ✓ best
Job finished at Thu Oct  8 02:33:41 PDT 2026 with exit code 0
