Python: /global/home/users/kevingeng/.conda/envs/adsb/bin/python
torch 2.14.1+cu130 | netCDF4 1.7.4
CUDA available: True
Device: NVIDIA GeForce RTX 2080 Ti
Run: distill_2L_384_a07 | student: /global/scratch/users/kevingeng/aviation-bayen/AviationDiffusionModelsKishore/configs/students/swi_dit_2L_384.json | alpha=0.7 | epochs=100 | batch=256 | seed=42
Output: /global/scratch/users/kevingeng/aviation-bayen/AviationDiffusionModelsKishore/training/checkpoints/distill_2L_384_a07
Training on cuda — CFM + SWI_DiT distillation (swi_dit_6L_teacher → swi_dit_2L_384_student, alpha=0.7, seed=42)
Batches per epoch: 4,475 train, 499 val (batch_size=256, num_workers=2)
Teacher: /global/scratch/users/kevingeng/aviation-bayen/AviationDiffusionModelsKishore/training/checkpoints/swi_dit/best_swi_dit.pt (epoch=84, ckpt val_fde=824.5062353116024) | {'obs_len': 43, 'fut_len': 43, 'in_dim': 6, 'd_model': 256, 'n_heads': 8, 'n_layers': 6, 'dropout': 0.1, 'ff_expansion': 3} | 7,249,158 params
Student: {'obs_len': 43, 'fut_len': 43, 'in_dim': 6, 'd_model': 384, 'n_heads': 8, 'n_layers': 2, 'dropout': 0.1, 'ff_expansion': 2} | 5,356,422 params
Teacher val minFDE (this split): 820.8m
  epoch 001 | batch 500/4,475 (11.2%) | loss 0.6307 (gt 1.1443, kd 1.0587) | 8.8 it/s | elapsed 0.9 min | epoch ETA 7.5 min
  epoch 001 | batch 1,000/4,475 (22.3%) | loss 0.7545 (gt 0.7206, kd 0.6354) | 8.8 it/s | elapsed 1.9 min | epoch ETA 6.6 min
  epoch 001 | batch 1,500/4,475 (33.5%) | loss 0.8230 (gt 0.5631, kd 0.4779) | 8.9 it/s | elapsed 2.8 min | epoch ETA 5.6 min
  epoch 001 | batch 2,000/4,475 (44.7%) | loss 0.8607 (gt 0.4767, kd 0.3916) | 8.9 it/s | elapsed 3.8 min | epoch ETA 4.7 min
  epoch 001 | batch 2,500/4,475 (55.9%) | loss 0.8843 (gt 0.4209, kd 0.3360) | 8.9 it/s | elapsed 4.7 min | epoch ETA 3.7 min
  epoch 001 | batch 3,000/4,475 (67.0%) | loss 0.9010 (gt 0.3816, kd 0.2967) | 8.9 it/s | elapsed 5.6 min | epoch ETA 2.8 min
  epoch 001 | batch 3,500/4,475 (78.2%) | loss 0.9136 (gt 0.3521, kd 0.2674) | 8.9 it/s | elapsed 6.6 min | epoch ETA 1.8 min
  epoch 001 | batch 4,000/4,475 (89.4%) | loss 0.9231 (gt 0.3291, kd 0.2444) | 8.9 it/s | elapsed 7.5 min | epoch ETA 0.9 min
Epoch 001 | train 0.930347 (gt 0.311502, kd 0.226799) | val 17.443244 (gt 2.149240, kd 2.069550) | KL end 8.2633 path 11.3644 | rough FDE 28062.8m
  epoch 002 | batch 500/4,475 (11.2%) | loss 0.9924 (gt 0.1576, kd 0.0731) | 8.9 it/s | elapsed 0.9 min | epoch ETA 7.5 min
  epoch 002 | batch 1,000/4,475 (22.3%) | loss 0.9934 (gt 0.1558, kd 0.0713) | 8.9 it/s | elapsed 1.9 min | epoch ETA 6.5 min
  epoch 002 | batch 1,500/4,475 (33.5%) | loss 0.9942 (gt 0.1543, kd 0.0697) | 8.9 it/s | elapsed 2.8 min | epoch ETA 5.6 min
  epoch 002 | batch 2,000/4,475 (44.7%) | loss 0.9939 (gt 0.1526, kd 0.0682) | 8.9 it/s | elapsed 3.8 min | epoch ETA 4.6 min
  epoch 002 | batch 2,500/4,475 (55.9%) | loss 0.9942 (gt 0.1512, kd 0.0668) | 8.9 it/s | elapsed 4.7 min | epoch ETA 3.7 min
  epoch 002 | batch 3,000/4,475 (67.0%) | loss 0.9950 (gt 0.1500, kd 0.0656) | 8.9 it/s | elapsed 5.6 min | epoch ETA 2.8 min
  epoch 002 | batch 3,500/4,475 (78.2%) | loss 0.9948 (gt 0.1487, kd 0.0643) | 8.9 it/s | elapsed 6.6 min | epoch ETA 1.8 min
  epoch 002 | batch 4,000/4,475 (89.4%) | loss 0.9952 (gt 0.1477, kd 0.0633) | 8.9 it/s | elapsed 7.5 min | epoch ETA 0.9 min
Epoch 002 | train 0.995376 (gt 0.146763, kd 0.062364) | val 12.296532 (gt 1.206005, kd 1.125299) | KL end 7.1018 path 10.0377 | rough FDE 15853.2m
  epoch 003 | batch 500/4,475 (11.2%) | loss 0.9984 (gt 0.1383, kd 0.0534) | 8.8 it/s | elapsed 0.9 min | epoch ETA 7.5 min
  epoch 003 | batch 1,000/4,475 (22.3%) | loss 0.9969 (gt 0.1374, kd 0.0527) | 8.9 it/s | elapsed 1.9 min | epoch ETA 6.5 min
  epoch 003 | batch 1,500/4,475 (33.5%) | loss 0.9972 (gt 0.1365, kd 0.0520) | 8.8 it/s | elapsed 2.8 min | epoch ETA 5.6 min
  epoch 003 | batch 2,000/4,475 (44.7%) | loss 0.9976 (gt 0.1359, kd 0.0514) | 8.8 it/s | elapsed 3.8 min | epoch ETA 4.7 min
  epoch 003 | batch 2,500/4,475 (55.9%) | loss 0.9976 (gt 0.1354, kd 0.0509) | 8.9 it/s | elapsed 4.7 min | epoch ETA 3.7 min
  epoch 003 | batch 3,000/4,475 (67.0%) | loss 0.9977 (gt 0.1349, kd 0.0504) | 8.8 it/s | elapsed 5.7 min | epoch ETA 2.8 min
  epoch 003 | batch 3,500/4,475 (78.2%) | loss 0.9974 (gt 0.1344, kd 0.0499) | 8.9 it/s | elapsed 6.6 min | epoch ETA 1.8 min
  epoch 003 | batch 4,000/4,475 (89.4%) | loss 0.9978 (gt 0.1340, kd 0.0495) | 8.9 it/s | elapsed 7.5 min | epoch ETA 0.9 min
Epoch 003 | train 0.997749 (gt 0.133572, kd 0.049105) | val 7.092334 (gt 0.635536, kd 0.554614) | KL end 5.3242 path 8.1106 | rough FDE 6912.0m
  epoch 004 | batch 500/4,475 (11.2%) | loss 0.9971 (gt 0.1289, kd 0.0445) | 8.9 it/s | elapsed 0.9 min | epoch ETA 7.5 min
  epoch 004 | batch 1,000/4,475 (22.3%) | loss 0.9982 (gt 0.1288, kd 0.0443) | 8.9 it/s | elapsed 1.9 min | epoch ETA 6.5 min
  epoch 004 | batch 1,500/4,475 (33.5%) | loss 0.9984 (gt 0.1286, kd 0.0440) | 8.9 it/s | elapsed 2.8 min | epoch ETA 5.6 min
  epoch 004 | batch 2,000/4,475 (44.7%) | loss 0.9985 (gt 0.1282, kd 0.0437) | 8.9 it/s | elapsed 3.8 min | epoch ETA 4.7 min
  epoch 004 | batch 2,500/4,475 (55.9%) | loss 0.9986 (gt 0.1279, kd 0.0434) | 8.9 it/s | elapsed 4.7 min | epoch ETA 3.7 min
  epoch 004 | batch 3,000/4,475 (67.0%) | loss 0.9984 (gt 0.1276, kd 0.0431) | 8.9 it/s | elapsed 5.6 min | epoch ETA 2.8 min
  epoch 004 | batch 3,500/4,475 (78.2%) | loss 0.9983 (gt 0.1273, kd 0.0428) | 8.9 it/s | elapsed 6.6 min | epoch ETA 1.8 min
  epoch 004 | batch 4,000/4,475 (89.4%) | loss 0.9986 (gt 0.1271, kd 0.0425) | 8.9 it/s | elapsed 7.5 min | epoch ETA 0.9 min
Epoch 004 | train 0.998370 (gt 0.126763, kd 0.042263) | val 3.865221 (gt 0.338643, kd 0.258477) | KL end 3.9530 path 6.4334 | rough FDE 3584.2m
  epoch 005 | batch 500/4,475 (11.2%) | loss 0.9992 (gt 0.1237, kd 0.0395) | 8.8 it/s | elapsed 0.9 min | epoch ETA 7.5 min
  epoch 005 | batch 1,000/4,475 (22.3%) | loss 0.9997 (gt 0.1239, kd 0.0394) | 8.9 it/s | elapsed 1.9 min | epoch ETA 6.5 min
  epoch 005 | batch 1,500/4,475 (33.5%) | loss 0.9994 (gt 0.1237, kd 0.0392) | 8.9 it/s | elapsed 2.8 min | epoch ETA 5.6 min
  epoch 005 | batch 2,000/4,475 (44.7%) | loss 0.9988 (gt 0.1235, kd 0.0390) | 8.9 it/s | elapsed 3.8 min | epoch ETA 4.7 min
  epoch 005 | batch 2,500/4,475 (55.9%) | loss 0.9989 (gt 0.1232, kd 0.0388) | 8.9 it/s | elapsed 4.7 min | epoch ETA 3.7 min
  epoch 005 | batch 3,000/4,475 (67.0%) | loss 0.9991 (gt 0.1229, kd 0.0386) | 8.9 it/s | elapsed 5.6 min | epoch ETA 2.8 min
  epoch 005 | batch 3,500/4,475 (78.2%) | loss 0.9990 (gt 0.1227, kd 0.0384) | 8.9 it/s | elapsed 6.6 min | epoch ETA 1.8 min
  epoch 005 | batch 4,000/4,475 (89.4%) | loss 0.9992 (gt 0.1225, kd 0.0382) | 8.9 it/s | elapsed 7.5 min | epoch ETA 0.9 min
Epoch 005 | train 0.999080 (gt 0.122416, kd 0.038023) | val 2.351335 (gt 0.214832, kd 0.135136) | KL end 3.2034 path 5.4397 | rough FDE 2452.9m | proper FDE 2709.0m (teacher 820.8m)  ✓ best
  epoch 006 | batch 500/4,475 (11.2%) | loss 0.9996 (gt 0.1214, kd 0.0364) | 8.9 it/s | elapsed 0.9 min | epoch ETA 7.5 min
  epoch 006 | batch 1,000/4,475 (22.3%) | loss 0.9989 (gt 0.1207, kd 0.0360) | 8.9 it/s | elapsed 1.9 min | epoch ETA 6.5 min
  epoch 006 | batch 1,500/4,475 (33.5%) | loss 0.9989 (gt 0.1205, kd 0.0359) | 8.9 it/s | elapsed 2.8 min | epoch ETA 5.6 min
  epoch 006 | batch 2,000/4,475 (44.7%) | loss 0.9994 (gt 0.1204, kd 0.0358) | 8.9 it/s | elapsed 3.8 min | epoch ETA 4.6 min
  epoch 006 | batch 2,500/4,475 (55.9%) | loss 0.9989 (gt 0.1201, kd 0.0356) | 8.9 it/s | elapsed 4.7 min | epoch ETA 3.7 min
  epoch 006 | batch 3,000/4,475 (67.0%) | loss 0.9990 (gt 0.1200, kd 0.0355) | 8.9 it/s | elapsed 5.6 min | epoch ETA 2.8 min
  epoch 006 | batch 3,500/4,475 (78.2%) | loss 0.9991 (gt 0.1198, kd 0.0353) | 8.9 it/s | elapsed 6.6 min | epoch ETA 1.8 min
  epoch 006 | batch 4,000/4,475 (89.4%) | loss 0.9993 (gt 0.1197, kd 0.0352) | 8.9 it/s | elapsed 7.5 min | epoch ETA 0.9 min
Epoch 006 | train 0.999138 (gt 0.119548, kd 0.035040) | val 1.665761 (gt 0.160516, kd 0.080987) | KL end 2.7632 path 4.7758 | rough FDE 1918.6m
  epoch 007 | batch 500/4,475 (11.2%) | loss 0.9981 (gt 0.1185, kd 0.0337) | 8.8 it/s | elapsed 0.9 min | epoch ETA 7.5 min
  epoch 007 | batch 1,000/4,475 (22.3%) | loss 0.9991 (gt 0.1181, kd 0.0336) | 8.9 it/s | elapsed 1.9 min | epoch ETA 6.5 min
  epoch 007 | batch 1,500/4,475 (33.5%) | loss 0.9990 (gt 0.1180, kd 0.0335) | 8.9 it/s | elapsed 2.8 min | epoch ETA 5.6 min
  epoch 007 | batch 2,000/4,475 (44.7%) | loss 0.9994 (gt 0.1178, kd 0.0333) | 8.9 it/s | elapsed 3.8 min | epoch ETA 4.7 min
  epoch 007 | batch 2,500/4,475 (55.9%) | loss 0.9995 (gt 0.1177, kd 0.0332) | 8.9 it/s | elapsed 4.7 min | epoch ETA 3.7 min
  epoch 007 | batch 3,000/4,475 (67.0%) | loss 0.9992 (gt 0.1176, kd 0.0331) | 8.9 it/s | elapsed 5.6 min | epoch ETA 2.8 min
  epoch 007 | batch 3,500/4,475 (78.2%) | loss 0.9993 (gt 0.1175, kd 0.0330) | 8.9 it/s | elapsed 6.6 min | epoch ETA 1.8 min
  epoch 007 | batch 4,000/4,475 (89.4%) | loss 0.9994 (gt 0.1174, kd 0.0329) | 8.9 it/s | elapsed 7.5 min | epoch ETA 0.9 min
Epoch 007 | train 0.999386 (gt 0.117296, kd 0.032768) | val 1.322967 (gt 0.134525, kd 0.055076) | KL end 2.4526 path 4.2455 | rough FDE 1642.5m
  epoch 008 | batch 500/4,475 (11.2%) | loss 0.9995 (gt 0.1161, kd 0.0318) | 8.9 it/s | elapsed 0.9 min | epoch ETA 7.5 min
  epoch 008 | batch 1,000/4,475 (22.3%) | loss 0.9990 (gt 0.1159, kd 0.0316) | 8.9 it/s | elapsed 1.9 min | epoch ETA 6.5 min
  epoch 008 | batch 1,500/4,475 (33.5%) | loss 0.9989 (gt 0.1159, kd 0.0315) | 8.9 it/s | elapsed 2.8 min | epoch ETA 5.6 min
  epoch 008 | batch 2,000/4,475 (44.7%) | loss 0.9992 (gt 0.1158, kd 0.0314) | 8.9 it/s | elapsed 3.8 min | epoch ETA 4.6 min
  epoch 008 | batch 2,500/4,475 (55.9%) | loss 0.9991 (gt 0.1157, kd 0.0313) | 8.9 it/s | elapsed 4.7 min | epoch ETA 3.7 min
  epoch 008 | batch 3,000/4,475 (67.0%) | loss 0.9992 (gt 0.1156, kd 0.0312) | 8.9 it/s | elapsed 5.6 min | epoch ETA 2.8 min
  epoch 008 | batch 3,500/4,475 (78.2%) | loss 0.9990 (gt 0.1155, kd 0.0311) | 8.9 it/s | elapsed 6.6 min | epoch ETA 1.8 min
  epoch 008 | batch 4,000/4,475 (89.4%) | loss 0.9992 (gt 0.1154, kd 0.0310) | 8.9 it/s | elapsed 7.5 min | epoch ETA 0.9 min
Epoch 008 | train 0.999138 (gt 0.115296, kd 0.030891) | val 1.162345 (gt 0.121027, kd 0.041654) | KL end 2.2221 path 3.8164 | rough FDE 1479.9m
  epoch 009 | batch 500/4,475 (11.2%) | loss 1.0010 (gt 0.1144, kd 0.0301) | 8.8 it/s | elapsed 0.9 min | epoch ETA 7.5 min
  epoch 009 | batch 1,000/4,475 (22.3%) | loss 1.0006 (gt 0.1145, kd 0.0299) | 8.8 it/s | elapsed 1.9 min | epoch ETA 6.6 min
  epoch 009 | batch 1,500/4,475 (33.5%) | loss 0.9996 (gt 0.1143, kd 0.0298) | 8.8 it/s | elapsed 2.8 min | epoch ETA 5.6 min
  epoch 009 | batch 2,000/4,475 (44.7%) | loss 0.9999 (gt 0.1143, kd 0.0297) | 8.8 it/s | elapsed 3.8 min | epoch ETA 4.7 min
  epoch 009 | batch 2,500/4,475 (55.9%) | loss 0.9998 (gt 0.1142, kd 0.0296) | 8.8 it/s | elapsed 4.7 min | epoch ETA 3.7 min
  epoch 009 | batch 3,000/4,475 (67.0%) | loss 0.9997 (gt 0.1141, kd 0.0295) | 8.8 it/s | elapsed 5.7 min | epoch ETA 2.8 min
  epoch 009 | batch 3,500/4,475 (78.2%) | loss 0.9998 (gt 0.1140, kd 0.0295) | 8.8 it/s | elapsed 6.6 min | epoch ETA 1.8 min
  epoch 009 | batch 4,000/4,475 (89.4%) | loss 0.9997 (gt 0.1140, kd 0.0294) | 8.9 it/s | elapsed 7.5 min | epoch ETA 0.9 min
Epoch 009 | train 0.999548 (gt 0.113819, kd 0.029307) | val 1.058528 (gt 0.113239, kd 0.033938) | KL end 2.0402 path 3.4519 | rough FDE 1378.8m
  epoch 010 | batch 500/4,475 (11.2%) | loss 0.9996 (gt 0.1131, kd 0.0285) | 8.8 it/s | elapsed 0.9 min | epoch ETA 7.5 min
  epoch 010 | batch 1,000/4,475 (22.3%) | loss 0.9993 (gt 0.1127, kd 0.0284) | 8.9 it/s | elapsed 1.9 min | epoch ETA 6.5 min
  epoch 010 | batch 1,500/4,475 (33.5%) | loss 0.9999 (gt 0.1128, kd 0.0284) | 8.9 it/s | elapsed 2.8 min | epoch ETA 5.6 min
  epoch 010 | batch 2,000/4,475 (44.7%) | loss 0.9995 (gt 0.1127, kd 0.0283) | 8.9 it/s | elapsed 3.8 min | epoch ETA 4.6 min
  epoch 010 | batch 2,500/4,475 (55.9%) | loss 0.9996 (gt 0.1127, kd 0.0282) | 8.9 it/s | elapsed 4.7 min | epoch ETA 3.7 min
  epoch 010 | batch 3,000/4,475 (67.0%) | loss 0.9997 (gt 0.1126, kd 0.0281) | 8.9 it/s | elapsed 5.6 min | epoch ETA 2.8 min
  epoch 010 | batch 3,500/4,475 (78.2%) | loss 0.9996 (gt 0.1125, kd 0.0281) | 8.9 it/s | elapsed 6.6 min | epoch ETA 1.8 min
  epoch 010 | batch 4,000/4,475 (89.4%) | loss 0.9995 (gt 0.1125, kd 0.0280) | 8.9 it/s | elapsed 7.5 min | epoch ETA 0.9 min
Epoch 010 | train 0.999392 (gt 0.112358, kd 0.027899) | val 1.003938 (gt 0.108299, kd 0.029072) | KL end 1.9051 path 3.1525 | rough FDE 1311.5m | proper FDE 1465.6m (teacher 820.8m)  ✓ best
  epoch 011 | batch 500/4,475 (11.2%) | loss 1.0000 (gt 0.1117, kd 0.0273) | 8.8 it/s | elapsed 0.9 min | epoch ETA 7.5 min
  epoch 011 | batch 1,000/4,475 (22.3%) | loss 1.0000 (gt 0.1117, kd 0.0272) | 8.8 it/s | elapsed 1.9 min | epoch ETA 6.5 min
  epoch 011 | batch 1,500/4,475 (33.5%) | loss 1.0003 (gt 0.1117, kd 0.0271) | 8.8 it/s | elapsed 2.8 min | epoch ETA 5.6 min
  epoch 011 | batch 2,000/4,475 (44.7%) | loss 0.9998 (gt 0.1116, kd 0.0271) | 8.9 it/s | elapsed 3.8 min | epoch ETA 4.7 min
  epoch 011 | batch 2,500/4,475 (55.9%) | loss 0.9996 (gt 0.1114, kd 0.0270) | 8.9 it/s | elapsed 4.7 min | epoch ETA 3.7 min
  epoch 011 | batch 3,000/4,475 (67.0%) | loss 0.9998 (gt 0.1114, kd 0.0269) | 8.9 it/s | elapsed 5.6 min | epoch ETA 2.8 min
  epoch 011 | batch 3,500/4,475 (78.2%) | loss 0.9998 (gt 0.1114, kd 0.0268) | 8.9 it/s | elapsed 6.6 min | epoch ETA 1.8 min
  epoch 011 | batch 4,000/4,475 (89.4%) | loss 0.9996 (gt 0.1113, kd 0.0268) | 8.9 it/s | elapsed 7.5 min | epoch ETA 0.9 min
Epoch 011 | train 0.999662 (gt 0.111195, kd 0.026706) | val 0.959618 (gt 0.104908, kd 0.025736) | KL end 1.8020 path 2.8912 | rough FDE 1261.2m
  epoch 012 | batch 500/4,475 (11.2%) | loss 0.9988 (gt 0.1103, kd 0.0260) | 8.8 it/s | elapsed 0.9 min | epoch ETA 7.5 min
  epoch 012 | batch 1,000/4,475 (22.3%) | loss 0.9996 (gt 0.1103, kd 0.0260) | 8.8 it/s | elapsed 1.9 min | epoch ETA 6.5 min
  epoch 012 | batch 1,500/4,475 (33.5%) | loss 0.9997 (gt 0.1105, kd 0.0260) | 8.8 it/s | elapsed 2.8 min | epoch ETA 5.6 min
  epoch 012 | batch 2,000/4,475 (44.7%) | loss 0.9993 (gt 0.1103, kd 0.0259) | 8.8 it/s | elapsed 3.8 min | epoch ETA 4.7 min
  epoch 012 | batch 2,500/4,475 (55.9%) | loss 0.9998 (gt 0.1103, kd 0.0259) | 8.9 it/s | elapsed 4.7 min | epoch ETA 3.7 min
  epoch 012 | batch 3,000/4,475 (67.0%) | loss 0.9999 (gt 0.1103, kd 0.0258) | 8.9 it/s | elapsed 5.6 min | epoch ETA 2.8 min
  epoch 012 | batch 3,500/4,475 (78.2%) | loss 0.9996 (gt 0.1103, kd 0.0258) | 8.9 it/s | elapsed 6.6 min | epoch ETA 1.8 min
  epoch 012 | batch 4,000/4,475 (89.4%) | loss 0.9996 (gt 0.1102, kd 0.0257) | 8.9 it/s | elapsed 7.5 min | epoch ETA 0.9 min
Epoch 012 | train 0.999638 (gt 0.110128, kd 0.025661) | val 0.931672 (gt 0.102525, kd 0.023372) | KL end 1.7313 path 2.6772 | rough FDE 1223.1m
  epoch 013 | batch 500/4,475 (11.2%) | loss 0.9963 (gt 0.1091, kd 0.0249) | 8.8 it/s | elapsed 0.9 min | epoch ETA 7.5 min
  epoch 013 | batch 1,000/4,475 (22.3%) | loss 0.9986 (gt 0.1092, kd 0.0249) | 8.8 it/s | elapsed 1.9 min | epoch ETA 6.6 min
  epoch 013 | batch 1,500/4,475 (33.5%) | loss 0.9992 (gt 0.1092, kd 0.0249) | 8.9 it/s | elapsed 2.8 min | epoch ETA 5.6 min
  epoch 013 | batch 2,000/4,475 (44.7%) | loss 0.9993 (gt 0.1092, kd 0.0248) | 8.9 it/s | elapsed 3.8 min | epoch ETA 4.7 min
  epoch 013 | batch 2,500/4,475 (55.9%) | loss 0.9995 (gt 0.1092, kd 0.0248) | 8.9 it/s | elapsed 4.7 min | epoch ETA 3.7 min
  epoch 013 | batch 3,000/4,475 (67.0%) | loss 0.9994 (gt 0.1091, kd 0.0248) | 8.9 it/s | elapsed 5.6 min | epoch ETA 2.8 min
  epoch 013 | batch 3,500/4,475 (78.2%) | loss 0.9995 (gt 0.1091, kd 0.0247) | 8.9 it/s | elapsed 6.6 min | epoch ETA 1.8 min
  epoch 013 | batch 4,000/4,475 (89.4%) | loss 0.9996 (gt 0.1091, kd 0.0247) | 8.9 it/s | elapsed 7.5 min | epoch ETA 0.9 min
Epoch 013 | train 0.999427 (gt 0.109083, kd 0.024654) | val 0.921796 (gt 0.100746, kd 0.021601) | KL end 1.6789 path 2.5087 | rough FDE 1196.5m
  epoch 014 | batch 500/4,475 (11.2%) | loss 0.9999 (gt 0.1086, kd 0.0240) | 8.9 it/s | elapsed 0.9 min | epoch ETA 7.5 min
  epoch 014 | batch 1,000/4,475 (22.3%) | loss 0.9993 (gt 0.1083, kd 0.0239) | 8.9 it/s | elapsed 1.9 min | epoch ETA 6.5 min
  epoch 014 | batch 1,500/4,475 (33.5%) | loss 0.9999 (gt 0.1082, kd 0.0239) | 8.9 it/s | elapsed 2.8 min | epoch ETA 5.6 min
  epoch 014 | batch 2,000/4,475 (44.7%) | loss 0.9999 (gt 0.1083, kd 0.0239) | 8.9 it/s | elapsed 3.8 min | epoch ETA 4.6 min
  epoch 014 | batch 2,500/4,475 (55.9%) | loss 0.9998 (gt 0.1084, kd 0.0239) | 8.9 it/s | elapsed 4.7 min | epoch ETA 3.7 min
  epoch 014 | batch 3,000/4,475 (67.0%) | loss 0.9998 (gt 0.1083, kd 0.0239) | 8.9 it/s | elapsed 5.6 min | epoch ETA 2.8 min
  epoch 014 | batch 3,500/4,475 (78.2%) | loss 0.9997 (gt 0.1082, kd 0.0238) | 8.9 it/s | elapsed 6.6 min | epoch ETA 1.8 min
  epoch 014 | batch 4,000/4,475 (89.4%) | loss 0.9995 (gt 0.1082, kd 0.0238) | 8.9 it/s | elapsed 7.5 min | epoch ETA 0.9 min
Epoch 014 | train 0.999814 (gt 0.108161, kd 0.023735) | val 0.901488 (gt 0.099333, kd 0.020184) | KL end 1.6370 path 2.3809 | rough FDE 1173.1m
  epoch 015 | batch 500/4,475 (11.2%) | loss 1.0008 (gt 0.1083, kd 0.0234) | 8.8 it/s | elapsed 0.9 min | epoch ETA 7.5 min
  epoch 015 | batch 1,000/4,475 (22.3%) | loss 0.9989 (gt 0.1079, kd 0.0232) | 8.9 it/s | elapsed 1.9 min | epoch ETA 6.5 min
  epoch 015 | batch 1,500/4,475 (33.5%) | loss 0.9997 (gt 0.1077, kd 0.0232) | 8.9 it/s | elapsed 2.8 min | epoch ETA 5.6 min
  epoch 015 | batch 2,000/4,475 (44.7%) | loss 0.9994 (gt 0.1077, kd 0.0231) | 8.9 it/s | elapsed 3.8 min | epoch ETA 4.6 min
  epoch 015 | batch 2,500/4,475 (55.9%) | loss 0.9996 (gt 0.1077, kd 0.0231) | 8.9 it/s | elapsed 4.7 min | epoch ETA 3.7 min
  epoch 015 | batch 3,000/4,475 (67.0%) | loss 0.9995 (gt 0.1077, kd 0.0231) | 8.9 it/s | elapsed 5.6 min | epoch ETA 2.8 min
  epoch 015 | batch 3,500/4,475 (78.2%) | loss 0.9996 (gt 0.1076, kd 0.0230) | 8.9 it/s | elapsed 6.6 min | epoch ETA 1.8 min
  epoch 015 | batch 4,000/4,475 (89.4%) | loss 0.9995 (gt 0.1076, kd 0.0230) | 8.9 it/s | elapsed 7.5 min | epoch ETA 0.9 min
Epoch 015 | train 0.999494 (gt 0.107504, kd 0.022926) | val 0.899079 (gt 0.098225, kd 0.019066) | KL end 1.6002 path 2.2745 | rough FDE 1153.0m | proper FDE 1257.6m (teacher 820.8m)  ✓ best
  epoch 016 | batch 500/4,475 (11.2%) | loss 0.9998 (gt 0.1068, kd 0.0225) | 8.8 it/s | elapsed 0.9 min | epoch ETA 7.5 min
  epoch 016 | batch 1,000/4,475 (22.3%) | loss 0.9997 (gt 0.1068, kd 0.0223) | 8.9 it/s | elapsed 1.9 min | epoch ETA 6.5 min
  epoch 016 | batch 1,500/4,475 (33.5%) | loss 0.9999 (gt 0.1068, kd 0.0224) | 8.8 it/s | elapsed 2.8 min | epoch ETA 5.6 min
  epoch 016 | batch 2,000/4,475 (44.7%) | loss 0.9997 (gt 0.1068, kd 0.0223) | 8.9 it/s | elapsed 3.8 min | epoch ETA 4.7 min
  epoch 016 | batch 2,500/4,475 (55.9%) | loss 0.9997 (gt 0.1067, kd 0.0223) | 8.9 it/s | elapsed 4.7 min | epoch ETA 3.7 min
  epoch 016 | batch 3,000/4,475 (67.0%) | loss 0.9999 (gt 0.1067, kd 0.0223) | 8.9 it/s | elapsed 5.6 min | epoch ETA 2.8 min
  epoch 016 | batch 3,500/4,475 (78.2%) | loss 0.9998 (gt 0.1067, kd 0.0223) | 8.9 it/s | elapsed 6.6 min | epoch ETA 1.8 min
  epoch 016 | batch 4,000/4,475 (89.4%) | loss 0.9997 (gt 0.1066, kd 0.0222) | 8.9 it/s | elapsed 7.5 min | epoch ETA 0.9 min
Epoch 016 | train 0.999532 (gt 0.106562, kd 0.022182) | val 0.898636 (gt 0.097331, kd 0.018149) | KL end 1.5700 path 2.1898 | rough FDE 1144.3m
  epoch 017 | batch 500/4,475 (11.2%) | loss 1.0037 (gt 0.1068, kd 0.0220) | 8.8 it/s | elapsed 0.9 min | epoch ETA 7.5 min
  epoch 017 | batch 1,000/4,475 (22.3%) | loss 1.0006 (gt 0.1065, kd 0.0218) | 8.9 it/s | elapsed 1.9 min | epoch ETA 6.5 min
  epoch 017 | batch 1,500/4,475 (33.5%) | loss 1.0003 (gt 0.1064, kd 0.0218) | 8.9 it/s | elapsed 2.8 min | epoch ETA 5.6 min
  epoch 017 | batch 2,000/4,475 (44.7%) | loss 0.9999 (gt 0.1063, kd 0.0217) | 8.9 it/s | elapsed 3.8 min | epoch ETA 4.7 min
  epoch 017 | batch 2,500/4,475 (55.9%) | loss 1.0001 (gt 0.1062, kd 0.0217) | 8.9 it/s | elapsed 4.7 min | epoch ETA 3.7 min
  epoch 017 | batch 3,000/4,475 (67.0%) | loss 0.9999 (gt 0.1061, kd 0.0216) | 8.8 it/s | elapsed 5.7 min | epoch ETA 2.8 min
  epoch 017 | batch 3,500/4,475 (78.2%) | loss 1.0001 (gt 0.1060, kd 0.0216) | 8.9 it/s | elapsed 6.6 min | epoch ETA 1.8 min
  epoch 017 | batch 4,000/4,475 (89.4%) | loss 0.9998 (gt 0.1060, kd 0.0215) | 8.9 it/s | elapsed 7.5 min | epoch ETA 0.9 min
Epoch 017 | train 0.999832 (gt 0.105955, kd 0.021492) | val 0.887719 (gt 0.096537, kd 0.017350) | KL end 1.5318 path 2.1114 | rough FDE 1139.3m
  epoch 018 | batch 500/4,475 (11.2%) | loss 1.0011 (gt 0.1060, kd 0.0213) | 8.8 it/s | elapsed 0.9 min | epoch ETA 7.5 min
  epoch 018 | batch 1,000/4,475 (22.3%) | loss 0.9995 (gt 0.1057, kd 0.0211) | 8.8 it/s | elapsed 1.9 min | epoch ETA 6.6 min
  epoch 018 | batch 1,500/4,475 (33.5%) | loss 0.9997 (gt 0.1056, kd 0.0211) | 8.8 it/s | elapsed 2.8 min | epoch ETA 5.6 min
  epoch 018 | batch 2,000/4,475 (44.7%) | loss 0.9998 (gt 0.1055, kd 0.0211) | 8.8 it/s | elapsed 3.8 min | epoch ETA 4.7 min
  epoch 018 | batch 2,500/4,475 (55.9%) | loss 0.9998 (gt 0.1055, kd 0.0210) | 8.8 it/s | elapsed 4.7 min | epoch ETA 3.7 min
  epoch 018 | batch 3,000/4,475 (67.0%) | loss 0.9996 (gt 0.1054, kd 0.0210) | 8.8 it/s | elapsed 5.7 min | epoch ETA 2.8 min
  epoch 018 | batch 3,500/4,475 (78.2%) | loss 0.9998 (gt 0.1053, kd 0.0209) | 8.8 it/s | elapsed 6.6 min | epoch ETA 1.8 min
  epoch 018 | batch 4,000/4,475 (89.4%) | loss 0.9999 (gt 0.1053, kd 0.0209) | 8.8 it/s | elapsed 7.6 min | epoch ETA 0.9 min
Epoch 018 | train 0.999745 (gt 0.105286, kd 0.020865) | val 0.881993 (gt 0.095838, kd 0.016644) | KL end 1.4937 path 2.0224 | rough FDE 1129.1m
  epoch 019 | batch 500/4,475 (11.2%) | loss 0.9995 (gt 0.1048, kd 0.0204) | 8.8 it/s | elapsed 0.9 min | epoch ETA 7.5 min
  epoch 019 | batch 1,000/4,475 (22.3%) | loss 1.0000 (gt 0.1051, kd 0.0205) | 8.8 it/s | elapsed 1.9 min | epoch ETA 6.6 min
  epoch 019 | batch 1,500/4,475 (33.5%) | loss 1.0002 (gt 0.1051, kd 0.0204) | 8.8 it/s | elapsed 2.8 min | epoch ETA 5.6 min
  epoch 019 | batch 2,000/4,475 (44.7%) | loss 0.9999 (gt 0.1051, kd 0.0204) | 8.8 it/s | elapsed 3.8 min | epoch ETA 4.7 min
  epoch 019 | batch 2,500/4,475 (55.9%) | loss 0.9996 (gt 0.1051, kd 0.0204) | 8.9 it/s | elapsed 4.7 min | epoch ETA 3.7 min
  epoch 019 | batch 3,000/4,475 (67.0%) | loss 0.9999 (gt 0.1049, kd 0.0204) | 8.9 it/s | elapsed 5.6 min | epoch ETA 2.8 min
  epoch 019 | batch 3,500/4,475 (78.2%) | loss 0.9996 (gt 0.1049, kd 0.0204) | 8.9 it/s | elapsed 6.6 min | epoch ETA 1.8 min
  epoch 019 | batch 4,000/4,475 (89.4%) | loss 0.9997 (gt 0.1048, kd 0.0203) | 8.9 it/s | elapsed 7.5 min | epoch ETA 0.9 min
Epoch 019 | train 0.999728 (gt 0.104794, kd 0.020295) | val 0.877841 (gt 0.095225, kd 0.016007) | KL end 1.4587 path 1.9472 | rough FDE 1122.5m
  epoch 020 | batch 500/4,475 (11.2%) | loss 0.9995 (gt 0.1045, kd 0.0200) | 8.8 it/s | elapsed 0.9 min | epoch ETA 7.5 min
  epoch 020 | batch 1,000/4,475 (22.3%) | loss 0.9987 (gt 0.1042, kd 0.0199) | 8.9 it/s | elapsed 1.9 min | epoch ETA 6.5 min
  epoch 020 | batch 1,500/4,475 (33.5%) | loss 0.9999 (gt 0.1043, kd 0.0199) | 8.9 it/s | elapsed 2.8 min | epoch ETA 5.6 min
  epoch 020 | batch 2,000/4,475 (44.7%) | loss 0.9996 (gt 0.1043, kd 0.0199) | 8.8 it/s | elapsed 3.8 min | epoch ETA 4.7 min
  epoch 020 | batch 2,500/4,475 (55.9%) | loss 0.9996 (gt 0.1043, kd 0.0198) | 8.9 it/s | elapsed 4.7 min | epoch ETA 3.7 min
  epoch 020 | batch 3,000/4,475 (67.0%) | loss 0.9999 (gt 0.1042, kd 0.0198) | 8.9 it/s | elapsed 5.6 min | epoch ETA 2.8 min
  epoch 020 | batch 3,500/4,475 (78.2%) | loss 0.9998 (gt 0.1042, kd 0.0198) | 8.9 it/s | elapsed 6.6 min | epoch ETA 1.8 min
  epoch 020 | batch 4,000/4,475 (89.4%) | loss 0.9999 (gt 0.1043, kd 0.0198) | 8.9 it/s | elapsed 7.5 min | epoch ETA 0.9 min
Epoch 020 | train 0.999506 (gt 0.104222, kd 0.019748) | val 0.883548 (gt 0.094660, kd 0.015428) | KL end 1.4282 path 1.8881 | rough FDE 1113.2m | proper FDE 1183.1m (teacher 820.8m)  ✓ best
  epoch 021 | batch 500/4,475 (11.2%) | loss 1.0027 (gt 0.1043, kd 0.0195) | 8.8 it/s | elapsed 0.9 min | epoch ETA 7.5 min
  epoch 021 | batch 1,000/4,475 (22.3%) | loss 1.0000 (gt 0.1041, kd 0.0194) | 8.8 it/s | elapsed 1.9 min | epoch ETA 6.6 min
  epoch 021 | batch 1,500/4,475 (33.5%) | loss 1.0004 (gt 0.1039, kd 0.0194) | 8.8 it/s | elapsed 2.8 min | epoch ETA 5.6 min
  epoch 021 | batch 2,000/4,475 (44.7%) | loss 1.0005 (gt 0.1039, kd 0.0194) | 8.9 it/s | elapsed 3.8 min | epoch ETA 4.7 min
  epoch 021 | batch 2,500/4,475 (55.9%) | loss 1.0004 (gt 0.1039, kd 0.0194) | 8.8 it/s | elapsed 4.7 min | epoch ETA 3.7 min
  epoch 021 | batch 3,000/4,475 (67.0%) | loss 1.0002 (gt 0.1039, kd 0.0193) | 8.8 it/s | elapsed 5.7 min | epoch ETA 2.8 min
  epoch 021 | batch 3,500/4,475 (78.2%) | loss 1.0001 (gt 0.1038, kd 0.0193) | 8.9 it/s | elapsed 6.6 min | epoch ETA 1.8 min
  epoch 021 | batch 4,000/4,475 (89.4%) | loss 0.9999 (gt 0.1038, kd 0.0193) | 8.8 it/s | elapsed 7.5 min | epoch ETA 0.9 min
Epoch 021 | train 1.000026 (gt 0.103766, kd 0.019269) | val 0.869929 (gt 0.094159, kd 0.014912) | KL end 1.3993 path 1.8276 | rough FDE 1106.2m
  epoch 022 | batch 500/4,475 (11.2%) | loss 1.0011 (gt 0.1038, kd 0.0192) | 8.8 it/s | elapsed 0.9 min | epoch ETA 7.5 min
  epoch 022 | batch 1,000/4,475 (22.3%) | loss 0.9999 (gt 0.1037, kd 0.0190) | 8.8 it/s | elapsed 1.9 min | epoch ETA 6.5 min
  epoch 022 | batch 1,500/4,475 (33.5%) | loss 0.9997 (gt 0.1035, kd 0.0189) | 8.9 it/s | elapsed 2.8 min | epoch ETA 5.6 min
  epoch 022 | batch 2,000/4,475 (44.7%) | loss 0.9996 (gt 0.1035, kd 0.0189) | 8.9 it/s | elapsed 3.8 min | epoch ETA 4.7 min
  epoch 022 | batch 2,500/4,475 (55.9%) | loss 0.9996 (gt 0.1034, kd 0.0189) | 8.8 it/s | elapsed 4.7 min | epoch ETA 3.7 min
  epoch 022 | batch 3,000/4,475 (67.0%) | loss 0.9997 (gt 0.1034, kd 0.0189) | 8.8 it/s | elapsed 5.7 min | epoch ETA 2.8 min
  epoch 022 | batch 3,500/4,475 (78.2%) | loss 0.9996 (gt 0.1033, kd 0.0189) | 8.8 it/s | elapsed 6.6 min | epoch ETA 1.8 min
  epoch 022 | batch 4,000/4,475 (89.4%) | loss 0.9999 (gt 0.1033, kd 0.0188) | 8.8 it/s | elapsed 7.5 min | epoch ETA 0.9 min
Epoch 022 | train 0.999557 (gt 0.103298, kd 0.018815) | val 0.875902 (gt 0.093698, kd 0.014461) | KL end 1.3776 path 1.7734 | rough FDE 1103.5m
  epoch 023 | batch 500/4,475 (11.2%) | loss 1.0009 (gt 0.1030, kd 0.0185) | 8.8 it/s | elapsed 0.9 min | epoch ETA 7.5 min
  epoch 023 | batch 1,000/4,475 (22.3%) | loss 1.0001 (gt 0.1029, kd 0.0185) | 8.9 it/s | elapsed 1.9 min | epoch ETA 6.5 min
  epoch 023 | batch 1,500/4,475 (33.5%) | loss 0.9999 (gt 0.1029, kd 0.0185) | 8.9 it/s | elapsed 2.8 min | epoch ETA 5.6 min
  epoch 023 | batch 2,000/4,475 (44.7%) | loss 1.0003 (gt 0.1030, kd 0.0185) | 8.9 it/s | elapsed 3.8 min | epoch ETA 4.7 min
  epoch 023 | batch 2,500/4,475 (55.9%) | loss 0.9999 (gt 0.1030, kd 0.0185) | 8.9 it/s | elapsed 4.7 min | epoch ETA 3.7 min
  epoch 023 | batch 3,000/4,475 (67.0%) | loss 1.0003 (gt 0.1029, kd 0.0184) | 8.9 it/s | elapsed 5.6 min | epoch ETA 2.8 min
  epoch 023 | batch 3,500/4,475 (78.2%) | loss 1.0000 (gt 0.1029, kd 0.0184) | 8.9 it/s | elapsed 6.6 min | epoch ETA 1.8 min
  epoch 023 | batch 4,000/4,475 (89.4%) | loss 1.0002 (gt 0.1029, kd 0.0184) | 8.9 it/s | elapsed 7.5 min | epoch ETA 0.9 min
Epoch 023 | train 0.999858 (gt 0.102854, kd 0.018385) | val 0.870478 (gt 0.093274, kd 0.014037) | KL end 1.3429 path 1.7178 | rough FDE 1100.4m
  epoch 024 | batch 500/4,475 (11.2%) | loss 1.0005 (gt 0.1028, kd 0.0182) | 8.8 it/s | elapsed 0.9 min | epoch ETA 7.5 min
  epoch 024 | batch 1,000/4,475 (22.3%) | loss 1.0000 (gt 0.1027, kd 0.0182) | 8.9 it/s | elapsed 1.9 min | epoch ETA 6.5 min
  epoch 024 | batch 1,500/4,475 (33.5%) | loss 1.0005 (gt 0.1028, kd 0.0181) | 8.9 it/s | elapsed 2.8 min | epoch ETA 5.6 min
  epoch 024 | batch 2,000/4,475 (44.7%) | loss 1.0001 (gt 0.1026, kd 0.0181) | 8.9 it/s | elapsed 3.8 min | epoch ETA 4.7 min
  epoch 024 | batch 2,500/4,475 (55.9%) | loss 1.0002 (gt 0.1027, kd 0.0181) | 8.9 it/s | elapsed 4.7 min | epoch ETA 3.7 min
  epoch 024 | batch 3,000/4,475 (67.0%) | loss 0.9999 (gt 0.1026, kd 0.0180) | 8.9 it/s | elapsed 5.6 min | epoch ETA 2.8 min
  epoch 024 | batch 3,500/4,475 (78.2%) | loss 0.9999 (gt 0.1026, kd 0.0180) | 8.9 it/s | elapsed 6.6 min | epoch ETA 1.8 min
  epoch 024 | batch 4,000/4,475 (89.4%) | loss 0.9999 (gt 0.1025, kd 0.0180) | 8.9 it/s | elapsed 7.5 min | epoch ETA 0.9 min
Epoch 024 | train 0.999834 (gt 0.102510, kd 0.017979) | val 0.866353 (gt 0.092872, kd 0.013648) | KL end 1.3195 path 1.6732 | rough FDE 1096.3m
  epoch 025 | batch 500/4,475 (11.2%) | loss 0.9975 (gt 0.1019, kd 0.0175) | 8.8 it/s | elapsed 0.9 min | epoch ETA 7.5 min
  epoch 025 | batch 1,000/4,475 (22.3%) | loss 1.0000 (gt 0.1021, kd 0.0177) | 8.8 it/s | elapsed 1.9 min | epoch ETA 6.6 min
  epoch 025 | batch 1,500/4,475 (33.5%) | loss 0.9996 (gt 0.1022, kd 0.0177) | 8.9 it/s | elapsed 2.8 min | epoch ETA 5.6 min
  epoch 025 | batch 2,000/4,475 (44.7%) | loss 1.0000 (gt 0.1022, kd 0.0177) | 8.8 it/s | elapsed 3.8 min | epoch ETA 4.7 min
  epoch 025 | batch 2,500/4,475 (55.9%) | loss 0.9999 (gt 0.1021, kd 0.0177) | 8.8 it/s | elapsed 4.7 min | epoch ETA 3.7 min
  epoch 025 | batch 3,000/4,475 (67.0%) | loss 0.9999 (gt 0.1021, kd 0.0177) | 8.8 it/s | elapsed 5.7 min | epoch ETA 2.8 min
  epoch 025 | batch 3,500/4,475 (78.2%) | loss 0.9997 (gt 0.1021, kd 0.0176) | 8.8 it/s | elapsed 6.6 min | epoch ETA 1.8 min
  epoch 025 | batch 4,000/4,475 (89.4%) | loss 0.9998 (gt 0.1021, kd 0.0176) | 8.8 it/s | elapsed 7.5 min | epoch ETA 0.9 min
Epoch 025 | train 0.999728 (gt 0.102064, kd 0.017600) | val 0.867180 (gt 0.092510, kd 0.013294) | KL end 1.2941 path 1.6381 | rough FDE 1092.1m | proper FDE 1134.6m (teacher 820.8m)  ✓ best
  epoch 026 | batch 500/4,475 (11.2%) | loss 1.0005 (gt 0.1019, kd 0.0174) | 8.8 it/s | elapsed 0.9 min | epoch ETA 7.5 min
  epoch 026 | batch 1,000/4,475 (22.3%) | loss 1.0002 (gt 0.1018, kd 0.0174) | 8.9 it/s | elapsed 1.9 min | epoch ETA 6.5 min
  epoch 026 | batch 1,500/4,475 (33.5%) | loss 0.9998 (gt 0.1017, kd 0.0173) | 8.9 it/s | elapsed 2.8 min | epoch ETA 5.6 min
  epoch 026 | batch 2,000/4,475 (44.7%) | loss 1.0000 (gt 0.1018, kd 0.0173) | 8.9 it/s | elapsed 3.8 min | epoch ETA 4.7 min
  epoch 026 | batch 2,500/4,475 (55.9%) | loss 0.9998 (gt 0.1017, kd 0.0173) | 8.8 it/s | elapsed 4.7 min | epoch ETA 3.7 min
  epoch 026 | batch 3,000/4,475 (67.0%) | loss 0.9999 (gt 0.1017, kd 0.0173) | 8.8 it/s | elapsed 5.7 min | epoch ETA 2.8 min
  epoch 026 | batch 3,500/4,475 (78.2%) | loss 1.0001 (gt 0.1017, kd 0.0173) | 8.8 it/s | elapsed 6.6 min | epoch ETA 1.8 min
  epoch 026 | batch 4,000/4,475 (89.4%) | loss 0.9999 (gt 0.1017, kd 0.0173) | 8.8 it/s | elapsed 7.5 min | epoch ETA 0.9 min
Epoch 026 | train 0.999988 (gt 0.101721, kd 0.017281) | val 0.859118 (gt 0.092194, kd 0.012976) | KL end 1.2503 path 1.5944 | rough FDE 1089.0m
  epoch 027 | batch 500/4,475 (11.2%) | loss 1.0006 (gt 0.1017, kd 0.0171) | 8.8 it/s | elapsed 0.9 min | epoch ETA 7.5 min
  epoch 027 | batch 1,000/4,475 (22.3%) | loss 0.9993 (gt 0.1016, kd 0.0171) | 8.8 it/s | elapsed 1.9 min | epoch ETA 6.5 min
  epoch 027 | batch 1,500/4,475 (33.5%) | loss 0.9996 (gt 0.1016, kd 0.0170) | 8.8 it/s | elapsed 2.8 min | epoch ETA 5.6 min
  epoch 027 | batch 2,000/4,475 (44.7%) | loss 0.9996 (gt 0.1015, kd 0.0170) | 8.8 it/s | elapsed 3.8 min | epoch ETA 4.7 min
  epoch 027 | batch 2,500/4,475 (55.9%) | loss 0.9995 (gt 0.1015, kd 0.0170) | 8.9 it/s | elapsed 4.7 min | epoch ETA 3.7 min
  epoch 027 | batch 3,000/4,475 (67.0%) | loss 0.9998 (gt 0.1015, kd 0.0170) | 8.8 it/s | elapsed 5.7 min | epoch ETA 2.8 min
  epoch 027 | batch 3,500/4,475 (78.2%) | loss 0.9997 (gt 0.1015, kd 0.0170) | 8.8 it/s | elapsed 6.6 min | epoch ETA 1.8 min
  epoch 027 | batch 4,000/4,475 (89.4%) | loss 0.9998 (gt 0.1014, kd 0.0170) | 8.8 it/s | elapsed 7.5 min | epoch ETA 0.9 min
Epoch 027 | train 0.999563 (gt 0.101387, kd 0.016933) | val 0.867305 (gt 0.091878, kd 0.012678) | KL end 1.2306 path 1.5622 | rough FDE 1084.6m
  epoch 028 | batch 500/4,475 (11.2%) | loss 1.0016 (gt 0.1010, kd 0.0167) | 8.8 it/s | elapsed 0.9 min | epoch ETA 7.5 min
  epoch 028 | batch 1,000/4,475 (22.3%) | loss 1.0004 (gt 0.1011, kd 0.0167) | 8.8 it/s | elapsed 1.9 min | epoch ETA 6.5 min
  epoch 028 | batch 1,500/4,475 (33.5%) | loss 1.0004 (gt 0.1011, kd 0.0167) | 8.9 it/s | elapsed 2.8 min | epoch ETA 5.6 min
  epoch 028 | batch 2,000/4,475 (44.7%) | loss 1.0004 (gt 0.1011, kd 0.0167) | 8.9 it/s | elapsed 3.8 min | epoch ETA 4.7 min
  epoch 028 | batch 2,500/4,475 (55.9%) | loss 1.0001 (gt 0.1011, kd 0.0167) | 8.9 it/s | elapsed 4.7 min | epoch ETA 3.7 min
  epoch 028 | batch 3,000/4,475 (67.0%) | loss 0.9999 (gt 0.1011, kd 0.0167) | 8.9 it/s | elapsed 5.6 min | epoch ETA 2.8 min
  epoch 028 | batch 3,500/4,475 (78.2%) | loss 0.9999 (gt 0.1011, kd 0.0167) | 8.9 it/s | elapsed 6.6 min | epoch ETA 1.8 min
  epoch 028 | batch 4,000/4,475 (89.4%) | loss 1.0000 (gt 0.1011, kd 0.0167) | 8.9 it/s | elapsed 7.5 min | epoch ETA 0.9 min
Epoch 028 | train 1.000016 (gt 0.101123, kd 0.016660) | val 0.858988 (gt 0.091612, kd 0.012409) | KL end 1.2151 path 1.5291 | rough FDE 1076.9m
  epoch 029 | batch 500/4,475 (11.2%) | loss 0.9988 (gt 0.1010, kd 0.0165) | 8.8 it/s | elapsed 1.0 min | epoch ETA 7.6 min
  epoch 029 | batch 1,000/4,475 (22.3%) | loss 0.9994 (gt 0.1009, kd 0.0164) | 8.8 it/s | elapsed 1.9 min | epoch ETA 6.6 min
  epoch 029 | batch 1,500/4,475 (33.5%) | loss 0.9995 (gt 0.1010, kd 0.0164) | 8.8 it/s | elapsed 2.9 min | epoch ETA 5.7 min
  epoch 029 | batch 2,000/4,475 (44.7%) | loss 0.9997 (gt 0.1010, kd 0.0164) | 8.8 it/s | elapsed 3.8 min | epoch ETA 4.7 min
  epoch 029 | batch 2,500/4,475 (55.9%) | loss 0.9994 (gt 0.1008, kd 0.0164) | 8.8 it/s | elapsed 4.7 min | epoch ETA 3.7 min
  epoch 029 | batch 3,000/4,475 (67.0%) | loss 0.9997 (gt 0.1008, kd 0.0164) | 8.8 it/s | elapsed 5.7 min | epoch ETA 2.8 min
  epoch 029 | batch 3,500/4,475 (78.2%) | loss 0.9998 (gt 0.1008, kd 0.0164) | 8.8 it/s | elapsed 6.6 min | epoch ETA 1.8 min
  epoch 029 | batch 4,000/4,475 (89.4%) | loss 1.0002 (gt 0.1008, kd 0.0164) | 8.8 it/s | elapsed 7.6 min | epoch ETA 0.9 min
Epoch 029 | train 0.999988 (gt 0.100833, kd 0.016381) | val 0.852180 (gt 0.091371, kd 0.012160) | KL end 1.1947 path 1.5000 | rough FDE 1074.3m
  epoch 030 | batch 500/4,475 (11.2%) | loss 0.9988 (gt 0.1010, kd 0.0163) | 8.8 it/s | elapsed 0.9 min | epoch ETA 7.5 min
  epoch 030 | batch 1,000/4,475 (22.3%) | loss 0.9987 (gt 0.1007, kd 0.0162) | 8.8 it/s | elapsed 1.9 min | epoch ETA 6.6 min
  epoch 030 | batch 1,500/4,475 (33.5%) | loss 0.9993 (gt 0.1007, kd 0.0162) | 8.8 it/s | elapsed 2.8 min | epoch ETA 5.6 min
  epoch 030 | batch 2,000/4,475 (44.7%) | loss 0.9995 (gt 0.1007, kd 0.0162) | 8.8 it/s | elapsed 3.8 min | epoch ETA 4.7 min
  epoch 030 | batch 2,500/4,475 (55.9%) | loss 0.9997 (gt 0.1007, kd 0.0161) | 8.8 it/s | elapsed 4.7 min | epoch ETA 3.7 min
  epoch 030 | batch 3,000/4,475 (67.0%) | loss 0.9997 (gt 0.1007, kd 0.0161) | 8.8 it/s | elapsed 5.7 min | epoch ETA 2.8 min
  epoch 030 | batch 3,500/4,475 (78.2%) | loss 0.9993 (gt 0.1006, kd 0.0161) | 8.8 it/s | elapsed 6.6 min | epoch ETA 1.8 min
  epoch 030 | batch 4,000/4,475 (89.4%) | loss 0.9997 (gt 0.1006, kd 0.0161) | 8.8 it/s | elapsed 7.5 min | epoch ETA 0.9 min
Epoch 030 | train 0.999767 (gt 0.100605, kd 0.016104) | val 0.853855 (gt 0.091147, kd 0.011929) | KL end 1.1682 path 1.4745 | rough FDE 1068.1m | proper FDE 1100.2m (teacher 820.8m)  ✓ best
  epoch 031 | batch 500/4,475 (11.2%) | loss 0.9990 (gt 0.1006, kd 0.0159) | 8.8 it/s | elapsed 1.0 min | epoch ETA 7.6 min
  epoch 031 | batch 1,000/4,475 (22.3%) | loss 0.9993 (gt 0.1006, kd 0.0159) | 8.8 it/s | elapsed 1.9 min | epoch ETA 6.6 min
  epoch 031 | batch 1,500/4,475 (33.5%) | loss 0.9993 (gt 0.1005, kd 0.0159) | 8.8 it/s | elapsed 2.8 min | epoch ETA 5.6 min
  epoch 031 | batch 2,000/4,475 (44.7%) | loss 0.9995 (gt 0.1005, kd 0.0159) | 8.8 it/s | elapsed 3.8 min | epoch ETA 4.7 min
  epoch 031 | batch 2,500/4,475 (55.9%) | loss 0.9995 (gt 0.1004, kd 0.0159) | 8.8 it/s | elapsed 4.7 min | epoch ETA 3.7 min
  epoch 031 | batch 3,000/4,475 (67.0%) | loss 0.9996 (gt 0.1004, kd 0.0159) | 8.9 it/s | elapsed 5.6 min | epoch ETA 2.8 min
  epoch 031 | batch 3,500/4,475 (78.2%) | loss 0.9999 (gt 0.1004, kd 0.0158) | 8.9 it/s | elapsed 6.6 min | epoch ETA 1.8 min
  epoch 031 | batch 4,000/4,475 (89.4%) | loss 0.9998 (gt 0.1004, kd 0.0158) | 8.8 it/s | elapsed 7.5 min | epoch ETA 0.9 min
Epoch 031 | train 0.999657 (gt 0.100328, kd 0.015819) | val 0.860675 (gt 0.090941, kd 0.011725) | KL end 1.1397 path 1.4462 | rough FDE 1063.0m
  epoch 032 | batch 500/4,475 (11.2%) | loss 0.9985 (gt 0.0997, kd 0.0156) | 8.8 it/s | elapsed 0.9 min | epoch ETA 7.5 min
  epoch 032 | batch 1,000/4,475 (22.3%) | loss 1.0002 (gt 0.0999, kd 0.0157) | 8.8 it/s | elapsed 1.9 min | epoch ETA 6.6 min
  epoch 032 | batch 1,500/4,475 (33.5%) | loss 0.9996 (gt 0.0999, kd 0.0156) | 8.9 it/s | elapsed 2.8 min | epoch ETA 5.6 min
  epoch 032 | batch 2,000/4,475 (44.7%) | loss 0.9999 (gt 0.0999, kd 0.0156) | 8.9 it/s | elapsed 3.8 min | epoch ETA 4.7 min
  epoch 032 | batch 2,500/4,475 (55.9%) | loss 1.0000 (gt 0.1000, kd 0.0156) | 8.9 it/s | elapsed 4.7 min | epoch ETA 3.7 min
  epoch 032 | batch 3,000/4,475 (67.0%) | loss 0.9997 (gt 0.1000, kd 0.0156) | 8.8 it/s | elapsed 5.6 min | epoch ETA 2.8 min
  epoch 032 | batch 3,500/4,475 (78.2%) | loss 0.9998 (gt 0.1000, kd 0.0156) | 8.9 it/s | elapsed 6.6 min | epoch ETA 1.8 min
  epoch 032 | batch 4,000/4,475 (89.4%) | loss 1.0001 (gt 0.1000, kd 0.0156) | 8.9 it/s | elapsed 7.5 min | epoch ETA 0.9 min
Epoch 032 | train 1.000010 (gt 0.100004, kd 0.015608) | val 0.854306 (gt 0.090755, kd 0.011533) | KL end 1.1238 path 1.4299 | rough FDE 1061.7m
  epoch 033 | batch 500/4,475 (11.2%) | loss 0.9999 (gt 0.0999, kd 0.0154) | 8.8 it/s | elapsed 0.9 min | epoch ETA 7.5 min
  epoch 033 | batch 1,000/4,475 (22.3%) | loss 0.9987 (gt 0.1000, kd 0.0154) | 8.8 it/s | elapsed 1.9 min | epoch ETA 6.6 min
  epoch 033 | batch 1,500/4,475 (33.5%) | loss 0.9990 (gt 0.0998, kd 0.0154) | 8.8 it/s | elapsed 2.8 min | epoch ETA 5.6 min
  epoch 033 | batch 2,000/4,475 (44.7%) | loss 0.9994 (gt 0.0998, kd 0.0154) | 8.8 it/s | elapsed 3.8 min | epoch ETA 4.7 min
  epoch 033 | batch 2,500/4,475 (55.9%) | loss 0.9997 (gt 0.0998, kd 0.0154) | 8.8 it/s | elapsed 4.7 min | epoch ETA 3.7 min
  epoch 033 | batch 3,000/4,475 (67.0%) | loss 0.9998 (gt 0.0999, kd 0.0154) | 8.8 it/s | elapsed 5.7 min | epoch ETA 2.8 min
  epoch 033 | batch 3,500/4,475 (78.2%) | loss 0.9996 (gt 0.0999, kd 0.0154) | 8.8 it/s | elapsed 6.6 min | epoch ETA 1.8 min
  epoch 033 | batch 4,000/4,475 (89.4%) | loss 0.9996 (gt 0.0998, kd 0.0154) | 8.8 it/s | elapsed 7.5 min | epoch ETA 0.9 min
Epoch 033 | train 0.999664 (gt 0.099809, kd 0.015353) | val 0.860465 (gt 0.090543, kd 0.011333) | KL end 1.1109 path 1.4203 | rough FDE 1060.3m
  epoch 034 | batch 500/4,475 (11.2%) | loss 0.9995 (gt 0.0994, kd 0.0153) | 8.8 it/s | elapsed 0.9 min | epoch ETA 7.6 min
  epoch 034 | batch 1,000/4,475 (22.3%) | loss 1.0002 (gt 0.0996, kd 0.0152) | 8.8 it/s | elapsed 1.9 min | epoch ETA 6.6 min
  epoch 034 | batch 1,500/4,475 (33.5%) | loss 0.9996 (gt 0.0995, kd 0.0152) | 8.8 it/s | elapsed 2.8 min | epoch ETA 5.6 min
  epoch 034 | batch 2,000/4,475 (44.7%) | loss 1.0004 (gt 0.0996, kd 0.0152) | 8.8 it/s | elapsed 3.8 min | epoch ETA 4.7 min
  epoch 034 | batch 2,500/4,475 (55.9%) | loss 1.0000 (gt 0.0996, kd 0.0152) | 8.8 it/s | elapsed 4.7 min | epoch ETA 3.7 min
  epoch 034 | batch 3,000/4,475 (67.0%) | loss 1.0000 (gt 0.0997, kd 0.0152) | 8.8 it/s | elapsed 5.7 min | epoch ETA 2.8 min
  epoch 034 | batch 3,500/4,475 (78.2%) | loss 1.0001 (gt 0.0997, kd 0.0152) | 8.8 it/s | elapsed 6.6 min | epoch ETA 1.8 min
  epoch 034 | batch 4,000/4,475 (89.4%) | loss 1.0000 (gt 0.0997, kd 0.0152) | 8.8 it/s | elapsed 7.5 min | epoch ETA 0.9 min
Epoch 034 | train 0.999979 (gt 0.099676, kd 0.015145) | val 0.855791 (gt 0.090377, kd 0.011169) | KL end 1.1021 path 1.4157 | rough FDE 1056.1m
  epoch 035 | batch 500/4,475 (11.2%) | loss 0.9992 (gt 0.0999, kd 0.0150) | 8.8 it/s | elapsed 0.9 min | epoch ETA 7.5 min
  epoch 035 | batch 1,000/4,475 (22.3%) | loss 0.9995 (gt 0.0998, kd 0.0150) | 8.8 it/s | elapsed 1.9 min | epoch ETA 6.5 min
  epoch 035 | batch 1,500/4,475 (33.5%) | loss 0.9992 (gt 0.0995, kd 0.0150) | 8.9 it/s | elapsed 2.8 min | epoch ETA 5.6 min
  epoch 035 | batch 2,000/4,475 (44.7%) | loss 0.9996 (gt 0.0995, kd 0.0150) | 8.8 it/s | elapsed 3.8 min | epoch ETA 4.7 min
  epoch 035 | batch 2,500/4,475 (55.9%) | loss 0.9996 (gt 0.0995, kd 0.0150) | 8.8 it/s | elapsed 4.7 min | epoch ETA 3.7 min
  epoch 035 | batch 3,000/4,475 (67.0%) | loss 0.9995 (gt 0.0994, kd 0.0149) | 8.8 it/s | elapsed 5.7 min | epoch ETA 2.8 min
  epoch 035 | batch 3,500/4,475 (78.2%) | loss 0.9997 (gt 0.0994, kd 0.0149) | 8.8 it/s | elapsed 6.6 min | epoch ETA 1.8 min
  epoch 035 | batch 4,000/4,475 (89.4%) | loss 0.9997 (gt 0.0993, kd 0.0149) | 8.8 it/s | elapsed 7.5 min | epoch ETA 0.9 min
Epoch 035 | train 0.999899 (gt 0.099403, kd 0.014919) | val 0.853986 (gt 0.090212, kd 0.011002) | KL end 1.0901 path 1.4111 | rough FDE 1052.0m | proper FDE 1075.4m (teacher 820.8m)  ✓ best
  epoch 036 | batch 500/4,475 (11.2%) | loss 0.9978 (gt 0.0991, kd 0.0146) | 8.8 it/s | elapsed 0.9 min | epoch ETA 7.5 min
  epoch 036 | batch 1,000/4,475 (22.3%) | loss 0.9991 (gt 0.0991, kd 0.0147) | 8.9 it/s | elapsed 1.9 min | epoch ETA 6.5 min
  epoch 036 | batch 1,500/4,475 (33.5%) | loss 0.9996 (gt 0.0991, kd 0.0147) | 8.9 it/s | elapsed 2.8 min | epoch ETA 5.6 min
  epoch 036 | batch 2,000/4,475 (44.7%) | loss 0.9994 (gt 0.0991, kd 0.0147) | 8.9 it/s | elapsed 3.8 min | epoch ETA 4.7 min
  epoch 036 | batch 2,500/4,475 (55.9%) | loss 0.9996 (gt 0.0991, kd 0.0147) | 8.9 it/s | elapsed 4.7 min | epoch ETA 3.7 min
  epoch 036 | batch 3,000/4,475 (67.0%) | loss 0.9998 (gt 0.0991, kd 0.0147) | 8.9 it/s | elapsed 5.6 min | epoch ETA 2.8 min
  epoch 036 | batch 3,500/4,475 (78.2%) | loss 0.9997 (gt 0.0991, kd 0.0147) | 8.9 it/s | elapsed 6.6 min | epoch ETA 1.8 min
  epoch 036 | batch 4,000/4,475 (89.4%) | loss 0.9998 (gt 0.0991, kd 0.0147) | 8.9 it/s | elapsed 7.5 min | epoch ETA 0.9 min
Epoch 036 | train 0.999776 (gt 0.099120, kd 0.014700) | val 0.857061 (gt 0.090035, kd 0.010841) | KL end 1.0961 path 1.4107 | rough FDE 1046.3m
  epoch 037 | batch 500/4,475 (11.2%) | loss 1.0001 (gt 0.0992, kd 0.0146) | 8.8 it/s | elapsed 0.9 min | epoch ETA 7.5 min
  epoch 037 | batch 1,000/4,475 (22.3%) | loss 0.9998 (gt 0.0991, kd 0.0145) | 8.9 it/s | elapsed 1.9 min | epoch ETA 6.5 min
  epoch 037 | batch 1,500/4,475 (33.5%) | loss 0.9993 (gt 0.0990, kd 0.0145) | 8.9 it/s | elapsed 2.8 min | epoch ETA 5.6 min
  epoch 037 | batch 2,000/4,475 (44.7%) | loss 0.9999 (gt 0.0990, kd 0.0145) | 8.9 it/s | elapsed 3.8 min | epoch ETA 4.7 min
  epoch 037 | batch 2,500/4,475 (55.9%) | loss 0.9998 (gt 0.0990, kd 0.0145) | 8.9 it/s | elapsed 4.7 min | epoch ETA 3.7 min
  epoch 037 | batch 3,000/4,475 (67.0%) | loss 0.9999 (gt 0.0990, kd 0.0145) | 8.9 it/s | elapsed 5.6 min | epoch ETA 2.8 min
  epoch 037 | batch 3,500/4,475 (78.2%) | loss 1.0000 (gt 0.0990, kd 0.0145) | 8.9 it/s | elapsed 6.6 min | epoch ETA 1.8 min
  epoch 037 | batch 4,000/4,475 (89.4%) | loss 0.9999 (gt 0.0990, kd 0.0145) | 8.9 it/s | elapsed 7.5 min | epoch ETA 0.9 min
Epoch 037 | train 0.999853 (gt 0.098959, kd 0.014510) | val 0.857514 (gt 0.089896, kd 0.010691) | KL end 1.0951 path 1.4091 | rough FDE 1042.3m
  epoch 038 | batch 500/4,475 (11.2%) | loss 0.9987 (gt 0.0987, kd 0.0144) | 8.8 it/s | elapsed 0.9 min | epoch ETA 7.5 min
  epoch 038 | batch 1,000/4,475 (22.3%) | loss 0.9999 (gt 0.0988, kd 0.0144) | 8.8 it/s | elapsed 1.9 min | epoch ETA 6.6 min
  epoch 038 | batch 1,500/4,475 (33.5%) | loss 0.9996 (gt 0.0988, kd 0.0144) | 8.8 it/s | elapsed 2.8 min | epoch ETA 5.6 min
  epoch 038 | batch 2,000/4,475 (44.7%) | loss 0.9998 (gt 0.0988, kd 0.0144) | 8.8 it/s | elapsed 3.8 min | epoch ETA 4.7 min
  epoch 038 | batch 2,500/4,475 (55.9%) | loss 0.9999 (gt 0.0988, kd 0.0144) | 8.8 it/s | elapsed 4.7 min | epoch ETA 3.7 min
  epoch 038 | batch 3,000/4,475 (67.0%) | loss 0.9997 (gt 0.0988, kd 0.0144) | 8.8 it/s | elapsed 5.7 min | epoch ETA 2.8 min
  epoch 038 | batch 3,500/4,475 (78.2%) | loss 0.9998 (gt 0.0987, kd 0.0143) | 8.9 it/s | elapsed 6.6 min | epoch ETA 1.8 min
  epoch 038 | batch 4,000/4,475 (89.4%) | loss 0.9998 (gt 0.0987, kd 0.0143) | 8.9 it/s | elapsed 7.5 min | epoch ETA 0.9 min
Epoch 038 | train 0.999933 (gt 0.098722, kd 0.014334) | val 0.855391 (gt 0.089746, kd 0.010555) | KL end 1.0944 path 1.4053 | rough FDE 1036.3m
  epoch 039 | batch 500/4,475 (11.2%) | loss 0.9985 (gt 0.0988, kd 0.0143) | 8.8 it/s | elapsed 0.9 min | epoch ETA 7.5 min
  epoch 039 | batch 1,000/4,475 (22.3%) | loss 0.9995 (gt 0.0986, kd 0.0142) | 8.9 it/s | elapsed 1.9 min | epoch ETA 6.5 min
  epoch 039 | batch 1,500/4,475 (33.5%) | loss 0.9993 (gt 0.0987, kd 0.0142) | 8.9 it/s | elapsed 2.8 min | epoch ETA 5.6 min
  epoch 039 | batch 2,000/4,475 (44.7%) | loss 0.9995 (gt 0.0986, kd 0.0142) | 8.9 it/s | elapsed 3.8 min | epoch ETA 4.7 min
  epoch 039 | batch 2,500/4,475 (55.9%) | loss 1.0002 (gt 0.0987, kd 0.0142) | 8.9 it/s | elapsed 4.7 min | epoch ETA 3.7 min
  epoch 039 | batch 3,000/4,475 (67.0%) | loss 0.9997 (gt 0.0987, kd 0.0142) | 8.9 it/s | elapsed 5.6 min | epoch ETA 2.8 min
  epoch 039 | batch 3,500/4,475 (78.2%) | loss 0.9997 (gt 0.0987, kd 0.0142) | 8.9 it/s | elapsed 6.6 min | epoch ETA 1.8 min
  epoch 039 | batch 4,000/4,475 (89.4%) | loss 0.9999 (gt 0.0986, kd 0.0142) | 8.9 it/s | elapsed 7.5 min | epoch ETA 0.9 min
Epoch 039 | train 0.999739 (gt 0.098592, kd 0.014153) | val 0.860765 (gt 0.089613, kd 0.010428) | KL end 1.0962 path 1.4086 | rough FDE 1031.2m
  epoch 040 | batch 500/4,475 (11.2%) | loss 0.9997 (gt 0.0987, kd 0.0140) | 8.8 it/s | elapsed 0.9 min | epoch ETA 7.5 min
  epoch 040 | batch 1,000/4,475 (22.3%) | loss 1.0000 (gt 0.0987, kd 0.0140) | 8.8 it/s | elapsed 1.9 min | epoch ETA 6.6 min
  epoch 040 | batch 1,500/4,475 (33.5%) | loss 1.0000 (gt 0.0986, kd 0.0140) | 8.8 it/s | elapsed 2.8 min | epoch ETA 5.6 min
  epoch 040 | batch 2,000/4,475 (44.7%) | loss 1.0000 (gt 0.0984, kd 0.0140) | 8.8 it/s | elapsed 3.8 min | epoch ETA 4.7 min
  epoch 040 | batch 2,500/4,475 (55.9%) | loss 0.9998 (gt 0.0983, kd 0.0140) | 8.8 it/s | elapsed 4.7 min | epoch ETA 3.7 min
  epoch 040 | batch 3,000/4,475 (67.0%) | loss 1.0001 (gt 0.0983, kd 0.0140) | 8.8 it/s | elapsed 5.7 min | epoch ETA 2.8 min
  epoch 040 | batch 3,500/4,475 (78.2%) | loss 0.9999 (gt 0.0983, kd 0.0140) | 8.8 it/s | elapsed 6.6 min | epoch ETA 1.8 min
  epoch 040 | batch 4,000/4,475 (89.4%) | loss 0.9999 (gt 0.0984, kd 0.0140) | 8.8 it/s | elapsed 7.5 min | epoch ETA 0.9 min
Epoch 040 | train 1.000045 (gt 0.098368, kd 0.013988) | val 0.854024 (gt 0.089482, kd 0.010295) | KL end 1.0865 path 1.3979 | rough FDE 1029.6m | proper FDE 1055.3m (teacher 820.8m)  ✓ best
  epoch 041 | batch 500/4,475 (11.2%) | loss 0.9978 (gt 0.0979, kd 0.0138) | 8.9 it/s | elapsed 0.9 min | epoch ETA 7.5 min
  epoch 041 | batch 1,000/4,475 (22.3%) | loss 0.9994 (gt 0.0980, kd 0.0138) | 8.9 it/s | elapsed 1.9 min | epoch ETA 6.5 min
  epoch 041 | batch 1,500/4,475 (33.5%) | loss 0.9995 (gt 0.0982, kd 0.0138) | 8.9 it/s | elapsed 2.8 min | epoch ETA 5.6 min
  epoch 041 | batch 2,000/4,475 (44.7%) | loss 0.9997 (gt 0.0982, kd 0.0138) | 8.9 it/s | elapsed 3.8 min | epoch ETA 4.6 min
  epoch 041 | batch 2,500/4,475 (55.9%) | loss 0.9996 (gt 0.0982, kd 0.0138) | 8.9 it/s | elapsed 4.7 min | epoch ETA 3.7 min
  epoch 041 | batch 3,000/4,475 (67.0%) | loss 0.9998 (gt 0.0982, kd 0.0138) | 8.9 it/s | elapsed 5.6 min | epoch ETA 2.8 min
  epoch 041 | batch 3,500/4,475 (78.2%) | loss 0.9997 (gt 0.0982, kd 0.0138) | 8.9 it/s | elapsed 6.6 min | epoch ETA 1.8 min
  epoch 041 | batch 4,000/4,475 (89.4%) | loss 0.9996 (gt 0.0982, kd 0.0138) | 8.9 it/s | elapsed 7.5 min | epoch ETA 0.9 min
Epoch 041 | train 0.999798 (gt 0.098229, kd 0.013802) | val 0.856666 (gt 0.089347, kd 0.010173) | KL end 1.0701 path 1.3666 | rough FDE 1023.9m
  epoch 042 | batch 500/4,475 (11.2%) | loss 0.9982 (gt 0.0978, kd 0.0136) | 8.8 it/s | elapsed 0.9 min | epoch ETA 7.5 min
  epoch 042 | batch 1,000/4,475 (22.3%) | loss 0.9997 (gt 0.0978, kd 0.0137) | 8.9 it/s | elapsed 1.9 min | epoch ETA 6.5 min
  epoch 042 | batch 1,500/4,475 (33.5%) | loss 0.9997 (gt 0.0980, kd 0.0137) | 8.9 it/s | elapsed 2.8 min | epoch ETA 5.6 min
  epoch 042 | batch 2,000/4,475 (44.7%) | loss 0.9996 (gt 0.0980, kd 0.0136) | 8.9 it/s | elapsed 3.8 min | epoch ETA 4.6 min
  epoch 042 | batch 2,500/4,475 (55.9%) | loss 1.0000 (gt 0.0981, kd 0.0137) | 8.9 it/s | elapsed 4.7 min | epoch ETA 3.7 min
  epoch 042 | batch 3,000/4,475 (67.0%) | loss 0.9996 (gt 0.0980, kd 0.0136) | 8.9 it/s | elapsed 5.6 min | epoch ETA 2.8 min
  epoch 042 | batch 3,500/4,475 (78.2%) | loss 0.9999 (gt 0.0980, kd 0.0136) | 8.9 it/s | elapsed 6.6 min | epoch ETA 1.8 min
  epoch 042 | batch 4,000/4,475 (89.4%) | loss 0.9999 (gt 0.0981, kd 0.0136) | 8.9 it/s | elapsed 7.5 min | epoch ETA 0.9 min
Epoch 042 | train 0.999853 (gt 0.098065, kd 0.013636) | val 0.858408 (gt 0.089239, kd 0.010067) | KL end 1.0912 path 1.4059 | rough FDE 1020.6m
  epoch 043 | batch 500/4,475 (11.2%) | loss 0.9980 (gt 0.0975, kd 0.0134) | 8.8 it/s | elapsed 0.9 min | epoch ETA 7.5 min
  epoch 043 | batch 1,000/4,475 (22.3%) | loss 0.9997 (gt 0.0977, kd 0.0134) | 8.9 it/s | elapsed 1.9 min | epoch ETA 6.5 min
  epoch 043 | batch 1,500/4,475 (33.5%) | loss 0.9999 (gt 0.0976, kd 0.0135) | 8.9 it/s | elapsed 2.8 min | epoch ETA 5.6 min
  epoch 043 | batch 2,000/4,475 (44.7%) | loss 0.9999 (gt 0.0978, kd 0.0135) | 8.9 it/s | elapsed 3.8 min | epoch ETA 4.7 min
  epoch 043 | batch 2,500/4,475 (55.9%) | loss 0.9998 (gt 0.0978, kd 0.0135) | 8.9 it/s | elapsed 4.7 min | epoch ETA 3.7 min
  epoch 043 | batch 3,000/4,475 (67.0%) | loss 1.0000 (gt 0.0978, kd 0.0135) | 8.9 it/s | elapsed 5.6 min | epoch ETA 2.8 min
  epoch 043 | batch 3,500/4,475 (78.2%) | loss 0.9998 (gt 0.0978, kd 0.0135) | 8.9 it/s | elapsed 6.6 min | epoch ETA 1.8 min
  epoch 043 | batch 4,000/4,475 (89.4%) | loss 1.0000 (gt 0.0979, kd 0.0135) | 8.9 it/s | elapsed 7.5 min | epoch ETA 0.9 min
Epoch 043 | train 0.999845 (gt 0.097837, kd 0.013475) | val 0.860769 (gt 0.089137, kd 0.009970) | KL end 1.1078 path 1.4069 | rough FDE 1019.7m
  epoch 044 | batch 500/4,475 (11.2%) | loss 0.9987 (gt 0.0974, kd 0.0134) | 8.8 it/s | elapsed 0.9 min | epoch ETA 7.5 min
  epoch 044 | batch 1,000/4,475 (22.3%) | loss 0.9997 (gt 0.0975, kd 0.0134) | 8.8 it/s | elapsed 1.9 min | epoch ETA 6.5 min
  epoch 044 | batch 1,500/4,475 (33.5%) | loss 1.0004 (gt 0.0977, kd 0.0134) | 8.9 it/s | elapsed 2.8 min | epoch ETA 5.6 min
  epoch 044 | batch 2,000/4,475 (44.7%) | loss 0.9996 (gt 0.0977, kd 0.0134) | 8.9 it/s | elapsed 3.8 min | epoch ETA 4.7 min
  epoch 044 | batch 2,500/4,475 (55.9%) | loss 1.0002 (gt 0.0978, kd 0.0134) | 8.9 it/s | elapsed 4.7 min | epoch ETA 3.7 min
  epoch 044 | batch 3,000/4,475 (67.0%) | loss 1.0002 (gt 0.0978, kd 0.0134) | 8.9 it/s | elapsed 5.6 min | epoch ETA 2.8 min
  epoch 044 | batch 3,500/4,475 (78.2%) | loss 0.9998 (gt 0.0977, kd 0.0134) | 8.9 it/s | elapsed 6.6 min | epoch ETA 1.8 min
  epoch 044 | batch 4,000/4,475 (89.4%) | loss 0.9999 (gt 0.0978, kd 0.0134) | 8.9 it/s | elapsed 7.5 min | epoch ETA 0.9 min
Epoch 044 | train 1.000030 (gt 0.097832, kd 0.013357) | val 0.855266 (gt 0.089021, kd 0.009869) | KL end 1.1145 path 1.4035 | rough FDE 1018.3m
  epoch 045 | batch 500/4,475 (11.2%) | loss 0.9985 (gt 0.0978, kd 0.0133) | 8.8 it/s | elapsed 0.9 min | epoch ETA 7.5 min
  epoch 045 | batch 1,000/4,475 (22.3%) | loss 0.9988 (gt 0.0975, kd 0.0132) | 8.9 it/s | elapsed 1.9 min | epoch ETA 6.5 min
  epoch 045 | batch 1,500/4,475 (33.5%) | loss 0.9992 (gt 0.0975, kd 0.0132) | 8.9 it/s | elapsed 2.8 min | epoch ETA 5.6 min
  epoch 045 | batch 2,000/4,475 (44.7%) | loss 0.9999 (gt 0.0976, kd 0.0132) | 8.9 it/s | elapsed 3.8 min | epoch ETA 4.7 min
  epoch 045 | batch 2,500/4,475 (55.9%) | loss 0.9996 (gt 0.0975, kd 0.0132) | 8.9 it/s | elapsed 4.7 min | epoch ETA 3.7 min
  epoch 045 | batch 3,000/4,475 (67.0%) | loss 0.9994 (gt 0.0975, kd 0.0132) | 8.9 it/s | elapsed 5.6 min | epoch ETA 2.8 min
  epoch 045 | batch 3,500/4,475 (78.2%) | loss 0.9997 (gt 0.0975, kd 0.0132) | 8.9 it/s | elapsed 6.6 min | epoch ETA 1.8 min
  epoch 045 | batch 4,000/4,475 (89.4%) | loss 0.9998 (gt 0.0975, kd 0.0132) | 8.9 it/s | elapsed 7.5 min | epoch ETA 0.9 min
Epoch 045 | train 0.999649 (gt 0.097539, kd 0.013183) | val 0.865195 (gt 0.088917, kd 0.009783) | KL end 1.1116 path 1.4385 | rough FDE 1018.4m | proper FDE 1040.1m (teacher 820.8m)  ✓ best
  epoch 046 | batch 500/4,475 (11.2%) | loss 1.0010 (gt 0.0974, kd 0.0131) | 8.8 it/s | elapsed 0.9 min | epoch ETA 7.5 min
  epoch 046 | batch 1,000/4,475 (22.3%) | loss 1.0007 (gt 0.0976, kd 0.0131) | 8.8 it/s | elapsed 1.9 min | epoch ETA 6.5 min
  epoch 046 | batch 1,500/4,475 (33.5%) | loss 1.0002 (gt 0.0975, kd 0.0131) | 8.9 it/s | elapsed 2.8 min | epoch ETA 5.6 min
  epoch 046 | batch 2,000/4,475 (44.7%) | loss 1.0003 (gt 0.0976, kd 0.0131) | 8.9 it/s | elapsed 3.8 min | epoch ETA 4.7 min
  epoch 046 | batch 2,500/4,475 (55.9%) | loss 1.0001 (gt 0.0976, kd 0.0131) | 8.9 it/s | elapsed 4.7 min | epoch ETA 3.7 min
  epoch 046 | batch 3,000/4,475 (67.0%) | loss 1.0003 (gt 0.0976, kd 0.0131) | 8.9 it/s | elapsed 5.6 min | epoch ETA 2.8 min
  epoch 046 | batch 3,500/4,475 (78.2%) | loss 1.0002 (gt 0.0976, kd 0.0131) | 8.9 it/s | elapsed 6.6 min | epoch ETA 1.8 min
  epoch 046 | batch 4,000/4,475 (89.4%) | loss 1.0002 (gt 0.0976, kd 0.0131) | 8.9 it/s | elapsed 7.5 min | epoch ETA 0.9 min
Epoch 046 | train 0.999960 (gt 0.097566, kd 0.013069) | val 0.863360 (gt 0.088832, kd 0.009696) | KL end 1.0928 path 1.4238 | rough FDE 1015.9m
  epoch 047 | batch 500/4,475 (11.2%) | loss 1.0003 (gt 0.0972, kd 0.0130) | 8.8 it/s | elapsed 0.9 min | epoch ETA 7.5 min
  epoch 047 | batch 1,000/4,475 (22.3%) | loss 1.0004 (gt 0.0973, kd 0.0130) | 8.8 it/s | elapsed 1.9 min | epoch ETA 6.5 min
  epoch 047 | batch 1,500/4,475 (33.5%) | loss 1.0004 (gt 0.0973, kd 0.0129) | 8.9 it/s | elapsed 2.8 min | epoch ETA 5.6 min
  epoch 047 | batch 2,000/4,475 (44.7%) | loss 0.9998 (gt 0.0973, kd 0.0129) | 8.9 it/s | elapsed 3.8 min | epoch ETA 4.7 min
  epoch 047 | batch 2,500/4,475 (55.9%) | loss 1.0000 (gt 0.0973, kd 0.0129) | 8.9 it/s | elapsed 4.7 min | epoch ETA 3.7 min
  epoch 047 | batch 3,000/4,475 (67.0%) | loss 0.9999 (gt 0.0974, kd 0.0129) | 8.9 it/s | elapsed 5.6 min | epoch ETA 2.8 min
  epoch 047 | batch 3,500/4,475 (78.2%) | loss 0.9999 (gt 0.0973, kd 0.0129) | 8.9 it/s | elapsed 6.6 min | epoch ETA 1.8 min
  epoch 047 | batch 4,000/4,475 (89.4%) | loss 0.9999 (gt 0.0973, kd 0.0129) | 8.9 it/s | elapsed 7.5 min | epoch ETA 0.9 min
Epoch 047 | train 0.999864 (gt 0.097267, kd 0.012909) | val 0.865257 (gt 0.088759, kd 0.009624) | KL end 1.0827 path 1.4239 | rough FDE 1014.6m
  epoch 048 | batch 500/4,475 (11.2%) | loss 0.9988 (gt 0.0969, kd 0.0128) | 8.8 it/s | elapsed 0.9 min | epoch ETA 7.5 min
  epoch 048 | batch 1,000/4,475 (22.3%) | loss 1.0001 (gt 0.0971, kd 0.0128) | 8.8 it/s | elapsed 1.9 min | epoch ETA 6.5 min
  epoch 048 | batch 1,500/4,475 (33.5%) | loss 0.9998 (gt 0.0971, kd 0.0128) | 8.9 it/s | elapsed 2.8 min | epoch ETA 5.6 min
  epoch 048 | batch 2,000/4,475 (44.7%) | loss 1.0002 (gt 0.0971, kd 0.0128) | 8.9 it/s | elapsed 3.8 min | epoch ETA 4.7 min
  epoch 048 | batch 2,500/4,475 (55.9%) | loss 1.0001 (gt 0.0972, kd 0.0128) | 8.9 it/s | elapsed 4.7 min | epoch ETA 3.7 min
  epoch 048 | batch 3,000/4,475 (67.0%) | loss 1.0000 (gt 0.0972, kd 0.0128) | 8.9 it/s | elapsed 5.6 min | epoch ETA 2.8 min
  epoch 048 | batch 3,500/4,475 (78.2%) | loss 1.0001 (gt 0.0972, kd 0.0128) | 8.9 it/s | elapsed 6.6 min | epoch ETA 1.8 min
  epoch 048 | batch 4,000/4,475 (89.4%) | loss 0.9998 (gt 0.0972, kd 0.0128) | 8.9 it/s | elapsed 7.5 min | epoch ETA 0.9 min
Epoch 048 | train 0.999808 (gt 0.097131, kd 0.012767) | val 0.869101 (gt 0.088680, kd 0.009540) | KL end 1.0876 path 1.4222 | rough FDE 1011.1m
  epoch 049 | batch 500/4,475 (11.2%) | loss 1.0006 (gt 0.0973, kd 0.0127) | 8.8 it/s | elapsed 0.9 min | epoch ETA 7.5 min
  epoch 049 | batch 1,000/4,475 (22.3%) | loss 1.0003 (gt 0.0973, kd 0.0127) | 8.9 it/s | elapsed 1.9 min | epoch ETA 6.5 min
  epoch 049 | batch 1,500/4,475 (33.5%) | loss 1.0006 (gt 0.0972, kd 0.0127) | 8.9 it/s | elapsed 2.8 min | epoch ETA 5.6 min
  epoch 049 | batch 2,000/4,475 (44.7%) | loss 1.0002 (gt 0.0972, kd 0.0127) | 8.9 it/s | elapsed 3.8 min | epoch ETA 4.7 min
  epoch 049 | batch 2,500/4,475 (55.9%) | loss 1.0001 (gt 0.0972, kd 0.0127) | 8.9 it/s | elapsed 4.7 min | epoch ETA 3.7 min
  epoch 049 | batch 3,000/4,475 (67.0%) | loss 1.0000 (gt 0.0971, kd 0.0127) | 8.9 it/s | elapsed 5.6 min | epoch ETA 2.8 min
  epoch 049 | batch 3,500/4,475 (78.2%) | loss 0.9998 (gt 0.0971, kd 0.0126) | 8.9 it/s | elapsed 6.6 min | epoch ETA 1.8 min
  epoch 049 | batch 4,000/4,475 (89.4%) | loss 1.0000 (gt 0.0971, kd 0.0126) | 8.9 it/s | elapsed 7.5 min | epoch ETA 0.9 min
Epoch 049 | train 1.000101 (gt 0.097081, kd 0.012637) | val 0.861661 (gt 0.088604, kd 0.009461) | KL end 1.0802 path 1.4250 | rough FDE 1013.9m
  epoch 050 | batch 500/4,475 (11.2%) | loss 0.9984 (gt 0.0968, kd 0.0125) | 8.8 it/s | elapsed 0.9 min | epoch ETA 7.5 min
  epoch 050 | batch 1,000/4,475 (22.3%) | loss 0.9993 (gt 0.0968, kd 0.0125) | 8.8 it/s | elapsed 1.9 min | epoch ETA 6.6 min
  epoch 050 | batch 1,500/4,475 (33.5%) | loss 0.9995 (gt 0.0968, kd 0.0125) | 8.8 it/s | elapsed 2.8 min | epoch ETA 5.6 min
  epoch 050 | batch 2,000/4,475 (44.7%) | loss 1.0000 (gt 0.0969, kd 0.0125) | 8.9 it/s | elapsed 3.8 min | epoch ETA 4.7 min
  epoch 050 | batch 2,500/4,475 (55.9%) | loss 1.0000 (gt 0.0970, kd 0.0125) | 8.9 it/s | elapsed 4.7 min | epoch ETA 3.7 min
  epoch 050 | batch 3,000/4,475 (67.0%) | loss 0.9998 (gt 0.0970, kd 0.0125) | 8.9 it/s | elapsed 5.6 min | epoch ETA 2.8 min
  epoch 050 | batch 3,500/4,475 (78.2%) | loss 0.9999 (gt 0.0970, kd 0.0125) | 8.9 it/s | elapsed 6.6 min | epoch ETA 1.8 min
  epoch 050 | batch 4,000/4,475 (89.4%) | loss 0.9999 (gt 0.0970, kd 0.0125) | 8.9 it/s | elapsed 7.5 min | epoch ETA 0.9 min
Epoch 050 | train 0.999870 (gt 0.097024, kd 0.012526) | val 0.863227 (gt 0.088527, kd 0.009379) | KL end 1.0837 path 1.4318 | rough FDE 1012.0m | proper FDE 1027.6m (teacher 820.8m)  ✓ best
  epoch 051 | batch 500/4,475 (11.2%) | loss 1.0002 (gt 0.0971, kd 0.0124) | 8.8 it/s | elapsed 0.9 min | epoch ETA 7.5 min
  epoch 051 | batch 1,000/4,475 (22.3%) | loss 1.0000 (gt 0.0970, kd 0.0124) | 8.8 it/s | elapsed 1.9 min | epoch ETA 6.6 min
  epoch 051 | batch 1,500/4,475 (33.5%) | loss 0.9993 (gt 0.0969, kd 0.0124) | 8.9 it/s | elapsed 2.8 min | epoch ETA 5.6 min
  epoch 051 | batch 2,000/4,475 (44.7%) | loss 1.0000 (gt 0.0969, kd 0.0124) | 8.9 it/s | elapsed 3.8 min | epoch ETA 4.7 min
  epoch 051 | batch 2,500/4,475 (55.9%) | loss 0.9996 (gt 0.0969, kd 0.0124) | 8.9 it/s | elapsed 4.7 min | epoch ETA 3.7 min
  epoch 051 | batch 3,000/4,475 (67.0%) | loss 0.9996 (gt 0.0968, kd 0.0124) | 8.9 it/s | elapsed 5.6 min | epoch ETA 2.8 min
  epoch 051 | batch 3,500/4,475 (78.2%) | loss 0.9998 (gt 0.0968, kd 0.0124) | 8.9 it/s | elapsed 6.6 min | epoch ETA 1.8 min
  epoch 051 | batch 4,000/4,475 (89.4%) | loss 0.9997 (gt 0.0968, kd 0.0124) | 8.9 it/s | elapsed 7.5 min | epoch ETA 0.9 min
Epoch 051 | train 0.999933 (gt 0.096775, kd 0.012400) | val 0.862785 (gt 0.088463, kd 0.009304) | KL end 1.0940 path 1.4385 | rough FDE 1012.8m
  epoch 052 | batch 500/4,475 (11.2%) | loss 0.9988 (gt 0.0968, kd 0.0123) | 8.8 it/s | elapsed 0.9 min | epoch ETA 7.5 min
  epoch 052 | batch 1,000/4,475 (22.3%) | loss 0.9998 (gt 0.0970, kd 0.0123) | 8.8 it/s | elapsed 1.9 min | epoch ETA 6.6 min
  epoch 052 | batch 1,500/4,475 (33.5%) | loss 0.9995 (gt 0.0968, kd 0.0123) | 8.8 it/s | elapsed 2.8 min | epoch ETA 5.6 min
  epoch 052 | batch 2,000/4,475 (44.7%) | loss 0.9999 (gt 0.0968, kd 0.0123) | 8.9 it/s | elapsed 3.8 min | epoch ETA 4.7 min
  epoch 052 | batch 2,500/4,475 (55.9%) | loss 0.9994 (gt 0.0967, kd 0.0123) | 8.9 it/s | elapsed 4.7 min | epoch ETA 3.7 min
  epoch 052 | batch 3,000/4,475 (67.0%) | loss 0.9999 (gt 0.0967, kd 0.0123) | 8.9 it/s | elapsed 5.6 min | epoch ETA 2.8 min
  epoch 052 | batch 3,500/4,475 (78.2%) | loss 0.9998 (gt 0.0967, kd 0.0123) | 8.9 it/s | elapsed 6.6 min | epoch ETA 1.8 min
  epoch 052 | batch 4,000/4,475 (89.4%) | loss 0.9998 (gt 0.0967, kd 0.0123) | 8.9 it/s | elapsed 7.5 min | epoch ETA 0.9 min
Epoch 052 | train 0.999906 (gt 0.096708, kd 0.012291) | val 0.863077 (gt 0.088379, kd 0.009242) | KL end 1.0854 path 1.4366 | rough FDE 1013.6m
  epoch 053 | batch 500/4,475 (11.2%) | loss 0.9986 (gt 0.0970, kd 0.0123) | 8.8 it/s | elapsed 0.9 min | epoch ETA 7.5 min
  epoch 053 | batch 1,000/4,475 (22.3%) | loss 0.9988 (gt 0.0968, kd 0.0122) | 8.8 it/s | elapsed 1.9 min | epoch ETA 6.5 min
  epoch 053 | batch 1,500/4,475 (33.5%) | loss 1.0000 (gt 0.0967, kd 0.0122) | 8.8 it/s | elapsed 2.8 min | epoch ETA 5.6 min
  epoch 053 | batch 2,000/4,475 (44.7%) | loss 0.9995 (gt 0.0966, kd 0.0122) | 8.9 it/s | elapsed 3.8 min | epoch ETA 4.7 min
  epoch 053 | batch 2,500/4,475 (55.9%) | loss 0.9996 (gt 0.0966, kd 0.0122) | 8.9 it/s | elapsed 4.7 min | epoch ETA 3.7 min
  epoch 053 | batch 3,000/4,475 (67.0%) | loss 0.9998 (gt 0.0966, kd 0.0122) | 8.9 it/s | elapsed 5.6 min | epoch ETA 2.8 min
  epoch 053 | batch 3,500/4,475 (78.2%) | loss 0.9998 (gt 0.0966, kd 0.0122) | 8.9 it/s | elapsed 6.6 min | epoch ETA 1.8 min
  epoch 053 | batch 4,000/4,475 (89.4%) | loss 0.9998 (gt 0.0966, kd 0.0122) | 8.9 it/s | elapsed 7.5 min | epoch ETA 0.9 min
Epoch 053 | train 0.999736 (gt 0.096612, kd 0.012170) | val 0.869958 (gt 0.088296, kd 0.009168) | KL end 1.0768 path 1.4027 | rough FDE 1012.6m
  epoch 054 | batch 500/4,475 (11.2%) | loss 0.9997 (gt 0.0961, kd 0.0120) | 8.8 it/s | elapsed 0.9 min | epoch ETA 7.5 min
  epoch 054 | batch 1,000/4,475 (22.3%) | loss 0.9996 (gt 0.0961, kd 0.0120) | 8.8 it/s | elapsed 1.9 min | epoch ETA 6.5 min
  epoch 054 | batch 1,500/4,475 (33.5%) | loss 1.0006 (gt 0.0963, kd 0.0120) | 8.9 it/s | elapsed 2.8 min | epoch ETA 5.6 min
  epoch 054 | batch 2,000/4,475 (44.7%) | loss 1.0003 (gt 0.0964, kd 0.0121) | 8.9 it/s | elapsed 3.8 min | epoch ETA 4.7 min
  epoch 054 | batch 2,500/4,475 (55.9%) | loss 1.0001 (gt 0.0964, kd 0.0121) | 8.9 it/s | elapsed 4.7 min | epoch ETA 3.7 min
  epoch 054 | batch 3,000/4,475 (67.0%) | loss 1.0001 (gt 0.0964, kd 0.0121) | 8.9 it/s | elapsed 5.6 min | epoch ETA 2.8 min
  epoch 054 | batch 3,500/4,475 (78.2%) | loss 1.0002 (gt 0.0964, kd 0.0121) | 8.9 it/s | elapsed 6.6 min | epoch ETA 1.8 min
  epoch 054 | batch 4,000/4,475 (89.4%) | loss 1.0000 (gt 0.0964, kd 0.0121) | 8.9 it/s | elapsed 7.5 min | epoch ETA 0.9 min
Epoch 054 | train 0.999887 (gt 0.096405, kd 0.012051) | val 0.871382 (gt 0.088224, kd 0.009100) | KL end 1.0781 path 1.3999 | rough FDE 1011.1m
  epoch 055 | batch 500/4,475 (11.2%) | loss 1.0018 (gt 0.0964, kd 0.0120) | 8.8 it/s | elapsed 0.9 min | epoch ETA 7.5 min
  epoch 055 | batch 1,000/4,475 (22.3%) | loss 1.0003 (gt 0.0963, kd 0.0119) | 8.8 it/s | elapsed 1.9 min | epoch ETA 6.6 min
  epoch 055 | batch 1,500/4,475 (33.5%) | loss 1.0001 (gt 0.0963, kd 0.0119) | 8.8 it/s | elapsed 2.8 min | epoch ETA 5.6 min
  epoch 055 | batch 2,000/4,475 (44.7%) | loss 1.0003 (gt 0.0964, kd 0.0119) | 8.9 it/s | elapsed 3.8 min | epoch ETA 4.7 min
  epoch 055 | batch 2,500/4,475 (55.9%) | loss 1.0000 (gt 0.0964, kd 0.0119) | 8.9 it/s | elapsed 4.7 min | epoch ETA 3.7 min
  epoch 055 | batch 3,000/4,475 (67.0%) | loss 1.0002 (gt 0.0963, kd 0.0119) | 8.9 it/s | elapsed 5.6 min | epoch ETA 2.8 min
  epoch 055 | batch 3,500/4,475 (78.2%) | loss 1.0000 (gt 0.0963, kd 0.0119) | 8.9 it/s | elapsed 6.6 min | epoch ETA 1.8 min
  epoch 055 | batch 4,000/4,475 (89.4%) | loss 1.0001 (gt 0.0963, kd 0.0119) | 8.9 it/s | elapsed 7.5 min | epoch ETA 0.9 min
Epoch 055 | train 0.999946 (gt 0.096279, kd 0.011938) | val 0.870275 (gt 0.088159, kd 0.009038) | KL end 1.0760 path 1.3974 | rough FDE 1011.6m | proper FDE 1019.7m (teacher 820.8m)  ✓ best
  epoch 056 | batch 500/4,475 (11.2%) | loss 0.9989 (gt 0.0963, kd 0.0118) | 8.8 it/s | elapsed 0.9 min | epoch ETA 7.5 min
  epoch 056 | batch 1,000/4,475 (22.3%) | loss 1.0004 (gt 0.0963, kd 0.0118) | 8.8 it/s | elapsed 1.9 min | epoch ETA 6.5 min
  epoch 056 | batch 1,500/4,475 (33.5%) | loss 1.0000 (gt 0.0963, kd 0.0119) | 8.9 it/s | elapsed 2.8 min | epoch ETA 5.6 min
  epoch 056 | batch 2,000/4,475 (44.7%) | loss 0.9999 (gt 0.0963, kd 0.0118) | 8.9 it/s | elapsed 3.8 min | epoch ETA 4.7 min
  epoch 056 | batch 2,500/4,475 (55.9%) | loss 1.0002 (gt 0.0963, kd 0.0118) | 8.9 it/s | elapsed 4.7 min | epoch ETA 3.7 min
  epoch 056 | batch 3,000/4,475 (67.0%) | loss 1.0002 (gt 0.0964, kd 0.0118) | 8.9 it/s | elapsed 5.6 min | epoch ETA 2.8 min
  epoch 056 | batch 3,500/4,475 (78.2%) | loss 1.0000 (gt 0.0963, kd 0.0119) | 8.9 it/s | elapsed 6.6 min | epoch ETA 1.8 min
  epoch 056 | batch 4,000/4,475 (89.4%) | loss 0.9999 (gt 0.0963, kd 0.0119) | 8.9 it/s | elapsed 7.5 min | epoch ETA 0.9 min
Epoch 056 | train 0.999966 (gt 0.096304, kd 0.011849) | val 0.868734 (gt 0.088104, kd 0.008984) | KL end 1.0647 path 1.3940 | rough FDE 1011.4m
  epoch 057 | batch 500/4,475 (11.2%) | loss 0.9990 (gt 0.0961, kd 0.0117) | 8.8 it/s | elapsed 0.9 min | epoch ETA 7.5 min
  epoch 057 | batch 1,000/4,475 (22.3%) | loss 1.0001 (gt 0.0963, kd 0.0118) | 8.8 it/s | elapsed 1.9 min | epoch ETA 6.6 min
  epoch 057 | batch 1,500/4,475 (33.5%) | loss 0.9997 (gt 0.0962, kd 0.0118) | 8.8 it/s | elapsed 2.8 min | epoch ETA 5.6 min
  epoch 057 | batch 2,000/4,475 (44.7%) | loss 0.9996 (gt 0.0963, kd 0.0118) | 8.8 it/s | elapsed 3.8 min | epoch ETA 4.7 min
  epoch 057 | batch 2,500/4,475 (55.9%) | loss 0.9998 (gt 0.0962, kd 0.0118) | 8.9 it/s | elapsed 4.7 min | epoch ETA 3.7 min
  epoch 057 | batch 3,000/4,475 (67.0%) | loss 0.9998 (gt 0.0962, kd 0.0117) | 8.9 it/s | elapsed 5.6 min | epoch ETA 2.8 min
  epoch 057 | batch 3,500/4,475 (78.2%) | loss 0.9998 (gt 0.0961, kd 0.0117) | 8.9 it/s | elapsed 6.6 min | epoch ETA 1.8 min
  epoch 057 | batch 4,000/4,475 (89.4%) | loss 1.0000 (gt 0.0962, kd 0.0117) | 8.9 it/s | elapsed 7.5 min | epoch ETA 0.9 min
Epoch 057 | train 0.999961 (gt 0.096181, kd 0.011733) | val 0.867451 (gt 0.088021, kd 0.008928) | KL end 1.0742 path 1.4039 | rough FDE 1011.7m
  epoch 058 | batch 500/4,475 (11.2%) | loss 0.9976 (gt 0.0956, kd 0.0116) | 8.8 it/s | elapsed 0.9 min | epoch ETA 7.5 min
  epoch 058 | batch 1,000/4,475 (22.3%) | loss 0.9991 (gt 0.0956, kd 0.0116) | 8.8 it/s | elapsed 1.9 min | epoch ETA 6.6 min
  epoch 058 | batch 1,500/4,475 (33.5%) | loss 0.9996 (gt 0.0958, kd 0.0116) | 8.8 it/s | elapsed 2.8 min | epoch ETA 5.6 min
  epoch 058 | batch 2,000/4,475 (44.7%) | loss 0.9996 (gt 0.0958, kd 0.0116) | 8.8 it/s | elapsed 3.8 min | epoch ETA 4.7 min
  epoch 058 | batch 2,500/4,475 (55.9%) | loss 0.9997 (gt 0.0959, kd 0.0116) | 8.9 it/s | elapsed 4.7 min | epoch ETA 3.7 min
  epoch 058 | batch 3,000/4,475 (67.0%) | loss 0.9999 (gt 0.0959, kd 0.0116) | 8.9 it/s | elapsed 5.6 min | epoch ETA 2.8 min
  epoch 058 | batch 3,500/4,475 (78.2%) | loss 0.9999 (gt 0.0959, kd 0.0116) | 8.9 it/s | elapsed 6.6 min | epoch ETA 1.8 min
  epoch 058 | batch 4,000/4,475 (89.4%) | loss 0.9998 (gt 0.0960, kd 0.0116) | 8.9 it/s | elapsed 7.5 min | epoch ETA 0.9 min
Epoch 058 | train 0.999687 (gt 0.095954, kd 0.011628) | val 0.876884 (gt 0.087959, kd 0.008872) | KL end 1.0775 path 1.4028 | rough FDE 1008.3m
  epoch 059 | batch 500/4,475 (11.2%) | loss 1.0013 (gt 0.0960, kd 0.0116) | 8.8 it/s | elapsed 0.9 min | epoch ETA 7.5 min
  epoch 059 | batch 1,000/4,475 (22.3%) | loss 1.0009 (gt 0.0960, kd 0.0116) | 8.8 it/s | elapsed 1.9 min | epoch ETA 6.6 min
  epoch 059 | batch 1,500/4,475 (33.5%) | loss 1.0003 (gt 0.0959, kd 0.0116) | 8.8 it/s | elapsed 2.8 min | epoch ETA 5.6 min
  epoch 059 | batch 2,000/4,475 (44.7%) | loss 1.0002 (gt 0.0960, kd 0.0116) | 8.8 it/s | elapsed 3.8 min | epoch ETA 4.7 min
  epoch 059 | batch 2,500/4,475 (55.9%) | loss 1.0001 (gt 0.0960, kd 0.0116) | 8.9 it/s | elapsed 4.7 min | epoch ETA 3.7 min
  epoch 059 | batch 3,000/4,475 (67.0%) | loss 1.0002 (gt 0.0960, kd 0.0116) | 8.8 it/s | elapsed 5.7 min | epoch ETA 2.8 min
  epoch 059 | batch 3,500/4,475 (78.2%) | loss 1.0001 (gt 0.0960, kd 0.0115) | 8.9 it/s | elapsed 6.6 min | epoch ETA 1.8 min
  epoch 059 | batch 4,000/4,475 (89.4%) | loss 1.0000 (gt 0.0960, kd 0.0115) | 8.9 it/s | elapsed 7.5 min | epoch ETA 0.9 min
Epoch 059 | train 1.000254 (gt 0.095991, kd 0.011543) | val 0.864320 (gt 0.087909, kd 0.008817) | KL end 1.0728 path 1.4002 | rough FDE 1007.9m
  epoch 060 | batch 500/4,475 (11.2%) | loss 0.9988 (gt 0.0959, kd 0.0115) | 8.8 it/s | elapsed 0.9 min | epoch ETA 7.5 min
  epoch 060 | batch 1,000/4,475 (22.3%) | loss 0.9996 (gt 0.0960, kd 0.0115) | 8.8 it/s | elapsed 1.9 min | epoch ETA 6.6 min
  epoch 060 | batch 1,500/4,475 (33.5%) | loss 0.9992 (gt 0.0959, kd 0.0115) | 8.8 it/s | elapsed 2.8 min | epoch ETA 5.6 min
  epoch 060 | batch 2,000/4,475 (44.7%) | loss 0.9995 (gt 0.0959, kd 0.0115) | 8.8 it/s | elapsed 3.8 min | epoch ETA 4.7 min
  epoch 060 | batch 2,500/4,475 (55.9%) | loss 0.9995 (gt 0.0958, kd 0.0115) | 8.9 it/s | elapsed 4.7 min | epoch ETA 3.7 min
  epoch 060 | batch 3,000/4,475 (67.0%) | loss 0.9997 (gt 0.0958, kd 0.0115) | 8.9 it/s | elapsed 5.6 min | epoch ETA 2.8 min
  epoch 060 | batch 3,500/4,475 (78.2%) | loss 0.9997 (gt 0.0959, kd 0.0115) | 8.9 it/s | elapsed 6.6 min | epoch ETA 1.8 min
  epoch 060 | batch 4,000/4,475 (89.4%) | loss 0.9998 (gt 0.0959, kd 0.0115) | 8.9 it/s | elapsed 7.5 min | epoch ETA 0.9 min
Epoch 060 | train 0.999664 (gt 0.095877, kd 0.011456) | val 0.874532 (gt 0.087853, kd 0.008760) | KL end 1.0567 path 1.3966 | rough FDE 1006.7m | proper FDE 1011.1m (teacher 820.8m)  ✓ best
  epoch 061 | batch 500/4,475 (11.2%) | loss 0.9990 (gt 0.0955, kd 0.0113) | 8.8 it/s | elapsed 0.9 min | epoch ETA 7.5 min
  epoch 061 | batch 1,000/4,475 (22.3%) | loss 1.0000 (gt 0.0957, kd 0.0113) | 8.9 it/s | elapsed 1.9 min | epoch ETA 6.5 min
  epoch 061 | batch 1,500/4,475 (33.5%) | loss 0.9997 (gt 0.0957, kd 0.0113) | 8.9 it/s | elapsed 2.8 min | epoch ETA 5.6 min
  epoch 061 | batch 2,000/4,475 (44.7%) | loss 1.0003 (gt 0.0957, kd 0.0113) | 8.9 it/s | elapsed 3.8 min | epoch ETA 4.7 min
  epoch 061 | batch 2,500/4,475 (55.9%) | loss 1.0000 (gt 0.0957, kd 0.0113) | 8.9 it/s | elapsed 4.7 min | epoch ETA 3.7 min
  epoch 061 | batch 3,000/4,475 (67.0%) | loss 0.9999 (gt 0.0957, kd 0.0113) | 8.9 it/s | elapsed 5.6 min | epoch ETA 2.8 min
  epoch 061 | batch 3,500/4,475 (78.2%) | loss 0.9999 (gt 0.0957, kd 0.0113) | 8.9 it/s | elapsed 6.6 min | epoch ETA 1.8 min
  epoch 061 | batch 4,000/4,475 (89.4%) | loss 0.9999 (gt 0.0957, kd 0.0113) | 8.9 it/s | elapsed 7.5 min | epoch ETA 0.9 min
Epoch 061 | train 0.999937 (gt 0.095711, kd 0.011341) | val 0.874017 (gt 0.087783, kd 0.008706) | KL end 1.0722 path 1.4058 | rough FDE 1003.9m
  epoch 062 | batch 500/4,475 (11.2%) | loss 0.9993 (gt 0.0958, kd 0.0113) | 8.8 it/s | elapsed 0.9 min | epoch ETA 7.5 min
  epoch 062 | batch 1,000/4,475 (22.3%) | loss 0.9995 (gt 0.0957, kd 0.0112) | 8.8 it/s | elapsed 1.9 min | epoch ETA 6.6 min
  epoch 062 | batch 1,500/4,475 (33.5%) | loss 1.0000 (gt 0.0957, kd 0.0112) | 8.8 it/s | elapsed 2.8 min | epoch ETA 5.6 min
  epoch 062 | batch 2,000/4,475 (44.7%) | loss 1.0000 (gt 0.0957, kd 0.0113) | 8.9 it/s | elapsed 3.8 min | epoch ETA 4.7 min
  epoch 062 | batch 2,500/4,475 (55.9%) | loss 1.0001 (gt 0.0957, kd 0.0113) | 8.9 it/s | elapsed 4.7 min | epoch ETA 3.7 min
  epoch 062 | batch 3,000/4,475 (67.0%) | loss 1.0000 (gt 0.0957, kd 0.0113) | 8.9 it/s | elapsed 5.6 min | epoch ETA 2.8 min
  epoch 062 | batch 3,500/4,475 (78.2%) | loss 1.0000 (gt 0.0957, kd 0.0113) | 8.9 it/s | elapsed 6.6 min | epoch ETA 1.8 min
  epoch 062 | batch 4,000/4,475 (89.4%) | loss 1.0000 (gt 0.0957, kd 0.0113) | 8.9 it/s | elapsed 7.5 min | epoch ETA 0.9 min
Epoch 062 | train 0.999876 (gt 0.095723, kd 0.011258) | val 0.876257 (gt 0.087726, kd 0.008656) | KL end 1.0479 path 1.3907 | rough FDE 1002.2m
  epoch 063 | batch 500/4,475 (11.2%) | loss 1.0003 (gt 0.0957, kd 0.0112) | 8.8 it/s | elapsed 0.9 min | epoch ETA 7.5 min
  epoch 063 | batch 1,000/4,475 (22.3%) | loss 1.0004 (gt 0.0958, kd 0.0112) | 8.8 it/s | elapsed 1.9 min | epoch ETA 6.6 min
  epoch 063 | batch 1,500/4,475 (33.5%) | loss 1.0000 (gt 0.0956, kd 0.0112) | 8.8 it/s | elapsed 2.8 min | epoch ETA 5.6 min
  epoch 063 | batch 2,000/4,475 (44.7%) | loss 1.0001 (gt 0.0957, kd 0.0112) | 8.9 it/s | elapsed 3.8 min | epoch ETA 4.7 min
  epoch 063 | batch 2,500/4,475 (55.9%) | loss 1.0005 (gt 0.0958, kd 0.0112) | 8.9 it/s | elapsed 4.7 min | epoch ETA 3.7 min
  epoch 063 | batch 3,000/4,475 (67.0%) | loss 0.9999 (gt 0.0957, kd 0.0112) | 8.9 it/s | elapsed 5.6 min | epoch ETA 2.8 min
  epoch 063 | batch 3,500/4,475 (78.2%) | loss 0.9998 (gt 0.0956, kd 0.0112) | 8.9 it/s | elapsed 6.6 min | epoch ETA 1.8 min
  epoch 063 | batch 4,000/4,475 (89.4%) | loss 1.0001 (gt 0.0956, kd 0.0112) | 8.9 it/s | elapsed 7.5 min | epoch ETA 0.9 min
Epoch 063 | train 0.999888 (gt 0.095579, kd 0.011173) | val 0.878444 (gt 0.087671, kd 0.008613) | KL end 1.0399 path 1.3830 | rough FDE 1000.5m
  epoch 064 | batch 500/4,475 (11.2%) | loss 1.0015 (gt 0.0955, kd 0.0111) | 8.8 it/s | elapsed 0.9 min | epoch ETA 7.5 min
  epoch 064 | batch 1,000/4,475 (22.3%) | loss 1.0005 (gt 0.0955, kd 0.0111) | 8.8 it/s | elapsed 1.9 min | epoch ETA 6.5 min
  epoch 064 | batch 1,500/4,475 (33.5%) | loss 1.0001 (gt 0.0954, kd 0.0111) | 8.8 it/s | elapsed 2.8 min | epoch ETA 5.6 min
  epoch 064 | batch 2,000/4,475 (44.7%) | loss 0.9997 (gt 0.0955, kd 0.0111) | 8.8 it/s | elapsed 3.8 min | epoch ETA 4.7 min
  epoch 064 | batch 2,500/4,475 (55.9%) | loss 0.9999 (gt 0.0955, kd 0.0111) | 8.9 it/s | elapsed 4.7 min | epoch ETA 3.7 min
  epoch 064 | batch 3,000/4,475 (67.0%) | loss 0.9999 (gt 0.0955, kd 0.0111) | 8.9 it/s | elapsed 5.6 min | epoch ETA 2.8 min
  epoch 064 | batch 3,500/4,475 (78.2%) | loss 0.9999 (gt 0.0955, kd 0.0111) | 8.9 it/s | elapsed 6.6 min | epoch ETA 1.8 min
  epoch 064 | batch 4,000/4,475 (89.4%) | loss 1.0001 (gt 0.0955, kd 0.0111) | 8.9 it/s | elapsed 7.5 min | epoch ETA 0.9 min
Epoch 064 | train 0.999942 (gt 0.095481, kd 0.011066) | val 0.877610 (gt 0.087623, kd 0.008570) | KL end 1.0272 path 1.3981 | rough FDE 1002.0m
  epoch 065 | batch 500/4,475 (11.2%) | loss 1.0012 (gt 0.0955, kd 0.0110) | 8.8 it/s | elapsed 0.9 min | epoch ETA 7.5 min
  epoch 065 | batch 1,000/4,475 (22.3%) | loss 1.0003 (gt 0.0954, kd 0.0110) | 8.8 it/s | elapsed 1.9 min | epoch ETA 6.5 min
  epoch 065 | batch 1,500/4,475 (33.5%) | loss 0.9999 (gt 0.0953, kd 0.0110) | 8.9 it/s | elapsed 2.8 min | epoch ETA 5.6 min
  epoch 065 | batch 2,000/4,475 (44.7%) | loss 0.9999 (gt 0.0953, kd 0.0110) | 8.9 it/s | elapsed 3.8 min | epoch ETA 4.7 min
  epoch 065 | batch 2,500/4,475 (55.9%) | loss 1.0000 (gt 0.0953, kd 0.0110) | 8.9 it/s | elapsed 4.7 min | epoch ETA 3.7 min
  epoch 065 | batch 3,000/4,475 (67.0%) | loss 1.0000 (gt 0.0953, kd 0.0110) | 8.9 it/s | elapsed 5.6 min | epoch ETA 2.8 min
  epoch 065 | batch 3,500/4,475 (78.2%) | loss 0.9999 (gt 0.0953, kd 0.0110) | 8.9 it/s | elapsed 6.6 min | epoch ETA 1.8 min
  epoch 065 | batch 4,000/4,475 (89.4%) | loss 1.0000 (gt 0.0953, kd 0.0110) | 8.9 it/s | elapsed 7.5 min | epoch ETA 0.9 min
Epoch 065 | train 0.999993 (gt 0.095295, kd 0.010992) | val 0.875755 (gt 0.087588, kd 0.008529) | KL end 1.0202 path 1.4003 | rough FDE 1000.8m | proper FDE 1004.1m (teacher 820.8m)  ✓ best
  epoch 066 | batch 500/4,475 (11.2%) | loss 0.9987 (gt 0.0950, kd 0.0109) | 8.8 it/s | elapsed 0.9 min | epoch ETA 7.5 min
  epoch 066 | batch 1,000/4,475 (22.3%) | loss 0.9998 (gt 0.0951, kd 0.0109) | 8.8 it/s | elapsed 1.9 min | epoch ETA 6.6 min
  epoch 066 | batch 1,500/4,475 (33.5%) | loss 1.0003 (gt 0.0952, kd 0.0109) | 8.8 it/s | elapsed 2.8 min | epoch ETA 5.6 min
  epoch 066 | batch 2,000/4,475 (44.7%) | loss 1.0002 (gt 0.0953, kd 0.0109) | 8.8 it/s | elapsed 3.8 min | epoch ETA 4.7 min
  epoch 066 | batch 2,500/4,475 (55.9%) | loss 0.9999 (gt 0.0953, kd 0.0109) | 8.9 it/s | elapsed 4.7 min | epoch ETA 3.7 min
  epoch 066 | batch 3,000/4,475 (67.0%) | loss 0.9997 (gt 0.0953, kd 0.0109) | 8.9 it/s | elapsed 5.6 min | epoch ETA 2.8 min
  epoch 066 | batch 3,500/4,475 (78.2%) | loss 0.9997 (gt 0.0953, kd 0.0109) | 8.9 it/s | elapsed 6.6 min | epoch ETA 1.8 min
  epoch 066 | batch 4,000/4,475 (89.4%) | loss 1.0000 (gt 0.0953, kd 0.0109) | 8.9 it/s | elapsed 7.5 min | epoch ETA 0.9 min
Epoch 066 | train 1.000022 (gt 0.095296, kd 0.010913) | val 0.872200 (gt 0.087541, kd 0.008484) | KL end 1.0177 path 1.3695 | rough FDE 1000.4m
  epoch 067 | batch 500/4,475 (11.2%) | loss 0.9988 (gt 0.0954, kd 0.0109) | 8.8 it/s | elapsed 0.9 min | epoch ETA 7.5 min
  epoch 067 | batch 1,000/4,475 (22.3%) | loss 0.9990 (gt 0.0954, kd 0.0109) | 8.9 it/s | elapsed 1.9 min | epoch ETA 6.5 min
  epoch 067 | batch 1,500/4,475 (33.5%) | loss 0.9998 (gt 0.0954, kd 0.0109) | 8.9 it/s | elapsed 2.8 min | epoch ETA 5.6 min
  epoch 067 | batch 2,000/4,475 (44.7%) | loss 0.9998 (gt 0.0953, kd 0.0109) | 8.9 it/s | elapsed 3.8 min | epoch ETA 4.7 min
  epoch 067 | batch 2,500/4,475 (55.9%) | loss 1.0000 (gt 0.0954, kd 0.0109) | 8.9 it/s | elapsed 4.7 min | epoch ETA 3.7 min
  epoch 067 | batch 3,000/4,475 (67.0%) | loss 0.9998 (gt 0.0953, kd 0.0109) | 8.9 it/s | elapsed 5.6 min | epoch ETA 2.8 min
  epoch 067 | batch 3,500/4,475 (78.2%) | loss 0.9997 (gt 0.0952, kd 0.0108) | 8.9 it/s | elapsed 6.6 min | epoch ETA 1.8 min
  epoch 067 | batch 4,000/4,475 (89.4%) | loss 0.9998 (gt 0.0952, kd 0.0109) | 8.9 it/s | elapsed 7.5 min | epoch ETA 0.9 min
Epoch 067 | train 0.999931 (gt 0.095250, kd 0.010852) | val 0.873063 (gt 0.087509, kd 0.008447) | KL end 1.0092 path 1.3717 | rough FDE 999.9m
  epoch 068 | batch 500/4,475 (11.2%) | loss 0.9987 (gt 0.0952, kd 0.0108) | 8.8 it/s | elapsed 0.9 min | epoch ETA 7.5 min
  epoch 068 | batch 1,000/4,475 (22.3%) | loss 1.0000 (gt 0.0954, kd 0.0108) | 8.8 it/s | elapsed 1.9 min | epoch ETA 6.6 min
  epoch 068 | batch 1,500/4,475 (33.5%) | loss 0.9992 (gt 0.0953, kd 0.0108) | 8.8 it/s | elapsed 2.8 min | epoch ETA 5.6 min
  epoch 068 | batch 2,000/4,475 (44.7%) | loss 0.9996 (gt 0.0952, kd 0.0108) | 8.8 it/s | elapsed 3.8 min | epoch ETA 4.7 min
  epoch 068 | batch 2,500/4,475 (55.9%) | loss 0.9998 (gt 0.0952, kd 0.0108) | 8.8 it/s | elapsed 4.7 min | epoch ETA 3.7 min
  epoch 068 | batch 3,000/4,475 (67.0%) | loss 1.0000 (gt 0.0952, kd 0.0108) | 8.8 it/s | elapsed 5.7 min | epoch ETA 2.8 min
  epoch 068 | batch 3,500/4,475 (78.2%) | loss 0.9998 (gt 0.0952, kd 0.0108) | 8.8 it/s | elapsed 6.6 min | epoch ETA 1.8 min
  epoch 068 | batch 4,000/4,475 (89.4%) | loss 0.9997 (gt 0.0952, kd 0.0108) | 8.8 it/s | elapsed 7.5 min | epoch ETA 0.9 min
Epoch 068 | train 0.999848 (gt 0.095181, kd 0.010771) | val 0.876695 (gt 0.087469, kd 0.008407) | KL end 1.0143 path 1.3765 | rough FDE 999.1m
  epoch 069 | batch 500/4,475 (11.2%) | loss 1.0005 (gt 0.0955, kd 0.0107) | 8.8 it/s | elapsed 0.9 min | epoch ETA 7.5 min
  epoch 069 | batch 1,000/4,475 (22.3%) | loss 0.9999 (gt 0.0953, kd 0.0107) | 8.8 it/s | elapsed 1.9 min | epoch ETA 6.5 min
  epoch 069 | batch 1,500/4,475 (33.5%) | loss 0.9993 (gt 0.0951, kd 0.0107) | 8.9 it/s | elapsed 2.8 min | epoch ETA 5.6 min
  epoch 069 | batch 2,000/4,475 (44.7%) | loss 0.9994 (gt 0.0950, kd 0.0107) | 8.9 it/s | elapsed 3.8 min | epoch ETA 4.7 min
  epoch 069 | batch 2,500/4,475 (55.9%) | loss 0.9998 (gt 0.0951, kd 0.0107) | 8.9 it/s | elapsed 4.7 min | epoch ETA 3.7 min
  epoch 069 | batch 3,000/4,475 (67.0%) | loss 0.9997 (gt 0.0951, kd 0.0107) | 8.9 it/s | elapsed 5.6 min | epoch ETA 2.8 min
  epoch 069 | batch 3,500/4,475 (78.2%) | loss 0.9999 (gt 0.0951, kd 0.0107) | 8.9 it/s | elapsed 6.6 min | epoch ETA 1.8 min
  epoch 069 | batch 4,000/4,475 (89.4%) | loss 0.9998 (gt 0.0950, kd 0.0107) | 8.9 it/s | elapsed 7.5 min | epoch ETA 0.9 min
Epoch 069 | train 0.999873 (gt 0.095048, kd 0.010681) | val 0.879474 (gt 0.087433, kd 0.008375) | KL end 1.0282 path 1.3861 | rough FDE 997.0m
  epoch 070 | batch 500/4,475 (11.2%) | loss 0.9997 (gt 0.0949, kd 0.0106) | 8.8 it/s | elapsed 0.9 min | epoch ETA 7.5 min
  epoch 070 | batch 1,000/4,475 (22.3%) | loss 0.9996 (gt 0.0949, kd 0.0106) | 8.9 it/s | elapsed 1.9 min | epoch ETA 6.5 min
  epoch 070 | batch 1,500/4,475 (33.5%) | loss 1.0001 (gt 0.0950, kd 0.0106) | 8.8 it/s | elapsed 2.8 min | epoch ETA 5.6 min
  epoch 070 | batch 2,000/4,475 (44.7%) | loss 0.9997 (gt 0.0950, kd 0.0106) | 8.9 it/s | elapsed 3.8 min | epoch ETA 4.7 min
  epoch 070 | batch 2,500/4,475 (55.9%) | loss 0.9995 (gt 0.0948, kd 0.0106) | 8.9 it/s | elapsed 4.7 min | epoch ETA 3.7 min
  epoch 070 | batch 3,000/4,475 (67.0%) | loss 1.0002 (gt 0.0949, kd 0.0106) | 8.9 it/s | elapsed 5.6 min | epoch ETA 2.8 min
  epoch 070 | batch 3,500/4,475 (78.2%) | loss 0.9997 (gt 0.0949, kd 0.0106) | 8.9 it/s | elapsed 6.6 min | epoch ETA 1.8 min
  epoch 070 | batch 4,000/4,475 (89.4%) | loss 0.9998 (gt 0.0948, kd 0.0106) | 8.9 it/s | elapsed 7.5 min | epoch ETA 0.9 min
Epoch 070 | train 0.999900 (gt 0.094910, kd 0.010610) | val 0.881405 (gt 0.087405, kd 0.008346) | KL end 1.0085 path 1.3736 | rough FDE 997.8m | proper FDE 995.8m (teacher 820.8m)  ✓ best
  epoch 071 | batch 500/4,475 (11.2%) | loss 1.0003 (gt 0.0951, kd 0.0105) | 8.8 it/s | elapsed 0.9 min | epoch ETA 7.5 min
  epoch 071 | batch 1,000/4,475 (22.3%) | loss 0.9999 (gt 0.0952, kd 0.0105) | 8.8 it/s | elapsed 1.9 min | epoch ETA 6.6 min
  epoch 071 | batch 1,500/4,475 (33.5%) | loss 0.9999 (gt 0.0950, kd 0.0105) | 8.8 it/s | elapsed 2.8 min | epoch ETA 5.6 min
  epoch 071 | batch 2,000/4,475 (44.7%) | loss 0.9993 (gt 0.0949, kd 0.0105) | 8.9 it/s | elapsed 3.8 min | epoch ETA 4.7 min
  epoch 071 | batch 2,500/4,475 (55.9%) | loss 1.0000 (gt 0.0949, kd 0.0105) | 8.9 it/s | elapsed 4.7 min | epoch ETA 3.7 min
  epoch 071 | batch 3,000/4,475 (67.0%) | loss 1.0000 (gt 0.0949, kd 0.0105) | 8.8 it/s | elapsed 5.7 min | epoch ETA 2.8 min
  epoch 071 | batch 3,500/4,475 (78.2%) | loss 1.0001 (gt 0.0949, kd 0.0105) | 8.9 it/s | elapsed 6.6 min | epoch ETA 1.8 min
  epoch 071 | batch 4,000/4,475 (89.4%) | loss 1.0000 (gt 0.0949, kd 0.0105) | 8.9 it/s | elapsed 7.5 min | epoch ETA 0.9 min
Epoch 071 | train 0.999956 (gt 0.094870, kd 0.010534) | val 0.881481 (gt 0.087374, kd 0.008323) | KL end 1.0070 path 1.3775 | rough FDE 998.4m
  epoch 072 | batch 500/4,475 (11.2%) | loss 1.0010 (gt 0.0951, kd 0.0105) | 8.8 it/s | elapsed 0.9 min | epoch ETA 7.5 min
  epoch 072 | batch 1,000/4,475 (22.3%) | loss 1.0000 (gt 0.0950, kd 0.0105) | 8.9 it/s | elapsed 1.9 min | epoch ETA 6.5 min
  epoch 072 | batch 1,500/4,475 (33.5%) | loss 0.9995 (gt 0.0949, kd 0.0105) | 8.9 it/s | elapsed 2.8 min | epoch ETA 5.6 min
  epoch 072 | batch 2,000/4,475 (44.7%) | loss 1.0002 (gt 0.0950, kd 0.0105) | 8.9 it/s | elapsed 3.8 min | epoch ETA 4.7 min
  epoch 072 | batch 2,500/4,475 (55.9%) | loss 1.0000 (gt 0.0949, kd 0.0105) | 8.9 it/s | elapsed 4.7 min | epoch ETA 3.7 min
  epoch 072 | batch 3,000/4,475 (67.0%) | loss 1.0000 (gt 0.0949, kd 0.0105) | 8.9 it/s | elapsed 5.6 min | epoch ETA 2.8 min
  epoch 072 | batch 3,500/4,475 (78.2%) | loss 0.9998 (gt 0.0948, kd 0.0105) | 8.9 it/s | elapsed 6.6 min | epoch ETA 1.8 min
  epoch 072 | batch 4,000/4,475 (89.4%) | loss 0.9998 (gt 0.0948, kd 0.0105) | 8.9 it/s | elapsed 7.5 min | epoch ETA 0.9 min
Epoch 072 | train 0.999837 (gt 0.094817, kd 0.010486) | val 0.885940 (gt 0.087347, kd 0.008296) | KL end 0.9883 path 1.3641 | rough FDE 998.4m
  epoch 073 | batch 500/4,475 (11.2%) | loss 1.0005 (gt 0.0948, kd 0.0104) | 8.8 it/s | elapsed 0.9 min | epoch ETA 7.5 min
  epoch 073 | batch 1,000/4,475 (22.3%) | loss 1.0001 (gt 0.0948, kd 0.0104) | 8.8 it/s | elapsed 1.9 min | epoch ETA 6.5 min
  epoch 073 | batch 1,500/4,475 (33.5%) | loss 0.9998 (gt 0.0948, kd 0.0104) | 8.9 it/s | elapsed 2.8 min | epoch ETA 5.6 min
  epoch 073 | batch 2,000/4,475 (44.7%) | loss 1.0003 (gt 0.0948, kd 0.0104) | 8.8 it/s | elapsed 3.8 min | epoch ETA 4.7 min
  epoch 073 | batch 2,500/4,475 (55.9%) | loss 1.0000 (gt 0.0948, kd 0.0104) | 8.9 it/s | elapsed 4.7 min | epoch ETA 3.7 min
  epoch 073 | batch 3,000/4,475 (67.0%) | loss 0.9999 (gt 0.0948, kd 0.0104) | 8.9 it/s | elapsed 5.6 min | epoch ETA 2.8 min
  epoch 073 | batch 3,500/4,475 (78.2%) | loss 1.0000 (gt 0.0948, kd 0.0104) | 8.9 it/s | elapsed 6.6 min | epoch ETA 1.8 min
  epoch 073 | batch 4,000/4,475 (89.4%) | loss 1.0000 (gt 0.0948, kd 0.0104) | 8.9 it/s | elapsed 7.5 min | epoch ETA 0.9 min
Epoch 073 | train 1.000051 (gt 0.094816, kd 0.010408) | val 0.881577 (gt 0.087305, kd 0.008257) | KL end 0.9919 path 1.3698 | rough FDE 997.5m
  epoch 074 | batch 500/4,475 (11.2%) | loss 0.9991 (gt 0.0945, kd 0.0103) | 8.8 it/s | elapsed 0.9 min | epoch ETA 7.5 min
  epoch 074 | batch 1,000/4,475 (22.3%) | loss 1.0001 (gt 0.0945, kd 0.0104) | 8.8 it/s | elapsed 1.9 min | epoch ETA 6.5 min
  epoch 074 | batch 1,500/4,475 (33.5%) | loss 1.0002 (gt 0.0946, kd 0.0104) | 8.8 it/s | elapsed 2.8 min | epoch ETA 5.6 min
  epoch 074 | batch 2,000/4,475 (44.7%) | loss 0.9997 (gt 0.0946, kd 0.0104) | 8.9 it/s | elapsed 3.8 min | epoch ETA 4.7 min
  epoch 074 | batch 2,500/4,475 (55.9%) | loss 0.9998 (gt 0.0946, kd 0.0104) | 8.9 it/s | elapsed 4.7 min | epoch ETA 3.7 min
  epoch 074 | batch 3,000/4,475 (67.0%) | loss 0.9997 (gt 0.0947, kd 0.0104) | 8.9 it/s | elapsed 5.6 min | epoch ETA 2.8 min
  epoch 074 | batch 3,500/4,475 (78.2%) | loss 0.9999 (gt 0.0947, kd 0.0104) | 8.9 it/s | elapsed 6.6 min | epoch ETA 1.8 min
  epoch 074 | batch 4,000/4,475 (89.4%) | loss 0.9998 (gt 0.0946, kd 0.0104) | 8.9 it/s | elapsed 7.5 min | epoch ETA 0.9 min
Epoch 074 | train 0.999850 (gt 0.094649, kd 0.010357) | val 0.885391 (gt 0.087272, kd 0.008218) | KL end 0.9792 path 1.3614 | rough FDE 996.3m
  epoch 075 | batch 500/4,475 (11.2%) | loss 0.9999 (gt 0.0942, kd 0.0103) | 8.8 it/s | elapsed 0.9 min | epoch ETA 7.5 min
  epoch 075 | batch 1,000/4,475 (22.3%) | loss 0.9996 (gt 0.0942, kd 0.0103) | 8.8 it/s | elapsed 1.9 min | epoch ETA 6.5 min
  epoch 075 | batch 1,500/4,475 (33.5%) | loss 1.0004 (gt 0.0945, kd 0.0103) | 8.9 it/s | elapsed 2.8 min | epoch ETA 5.6 min
  epoch 075 | batch 2,000/4,475 (44.7%) | loss 1.0002 (gt 0.0945, kd 0.0103) | 8.9 it/s | elapsed 3.8 min | epoch ETA 4.7 min
  epoch 075 | batch 2,500/4,475 (55.9%) | loss 1.0000 (gt 0.0946, kd 0.0103) | 8.9 it/s | elapsed 4.7 min | epoch ETA 3.7 min
  epoch 075 | batch 3,000/4,475 (67.0%) | loss 1.0000 (gt 0.0946, kd 0.0103) | 8.9 it/s | elapsed 5.6 min | epoch ETA 2.8 min
  epoch 075 | batch 3,500/4,475 (78.2%) | loss 1.0000 (gt 0.0947, kd 0.0103) | 8.9 it/s | elapsed 6.6 min | epoch ETA 1.8 min
  epoch 075 | batch 4,000/4,475 (89.4%) | loss 1.0000 (gt 0.0947, kd 0.0103) | 8.9 it/s | elapsed 7.5 min | epoch ETA 0.9 min
Epoch 075 | train 0.999949 (gt 0.094667, kd 0.010298) | val 0.885223 (gt 0.087242, kd 0.008185) | KL end 0.9915 path 1.3697 | rough FDE 996.4m | proper FDE 992.2m (teacher 820.8m)  ✓ best
  epoch 076 | batch 500/4,475 (11.2%) | loss 0.9992 (gt 0.0941, kd 0.0102) | 8.8 it/s | elapsed 0.9 min | epoch ETA 7.5 min
  epoch 076 | batch 1,000/4,475 (22.3%) | loss 0.9995 (gt 0.0943, kd 0.0102) | 8.8 it/s | elapsed 1.9 min | epoch ETA 6.6 min
  epoch 076 | batch 1,500/4,475 (33.5%) | loss 0.9995 (gt 0.0943, kd 0.0102) | 8.8 it/s | elapsed 2.8 min | epoch ETA 5.6 min
  epoch 076 | batch 2,000/4,475 (44.7%) | loss 0.9997 (gt 0.0944, kd 0.0102) | 8.8 it/s | elapsed 3.8 min | epoch ETA 4.7 min
  epoch 076 | batch 2,500/4,475 (55.9%) | loss 1.0000 (gt 0.0944, kd 0.0102) | 8.8 it/s | elapsed 4.7 min | epoch ETA 3.7 min
  epoch 076 | batch 3,000/4,475 (67.0%) | loss 0.9999 (gt 0.0945, kd 0.0102) | 8.8 it/s | elapsed 5.7 min | epoch ETA 2.8 min
  epoch 076 | batch 3,500/4,475 (78.2%) | loss 1.0000 (gt 0.0945, kd 0.0102) | 8.8 it/s | elapsed 6.6 min | epoch ETA 1.8 min
  epoch 076 | batch 4,000/4,475 (89.4%) | loss 1.0000 (gt 0.0945, kd 0.0102) | 8.8 it/s | elapsed 7.5 min | epoch ETA 0.9 min
Epoch 076 | train 1.000082 (gt 0.094575, kd 0.010242) | val 0.880242 (gt 0.087212, kd 0.008165) | KL end 0.9869 path 1.3672 | rough FDE 997.8m
  epoch 077 | batch 500/4,475 (11.2%) | loss 0.9995 (gt 0.0946, kd 0.0102) | 8.8 it/s | elapsed 0.9 min | epoch ETA 7.5 min
  epoch 077 | batch 1,000/4,475 (22.3%) | loss 0.9997 (gt 0.0945, kd 0.0102) | 8.8 it/s | elapsed 1.9 min | epoch ETA 6.6 min
  epoch 077 | batch 1,500/4,475 (33.5%) | loss 0.9996 (gt 0.0945, kd 0.0102) | 8.8 it/s | elapsed 2.8 min | epoch ETA 5.6 min
  epoch 077 | batch 2,000/4,475 (44.7%) | loss 0.9998 (gt 0.0945, kd 0.0102) | 8.9 it/s | elapsed 3.8 min | epoch ETA 4.7 min
  epoch 077 | batch 2,500/4,475 (55.9%) | loss 0.9997 (gt 0.0945, kd 0.0102) | 8.9 it/s | elapsed 4.7 min | epoch ETA 3.7 min
  epoch 077 | batch 3,000/4,475 (67.0%) | loss 0.9999 (gt 0.0945, kd 0.0102) | 8.9 it/s | elapsed 5.6 min | epoch ETA 2.8 min
  epoch 077 | batch 3,500/4,475 (78.2%) | loss 0.9999 (gt 0.0945, kd 0.0102) | 8.9 it/s | elapsed 6.6 min | epoch ETA 1.8 min
  epoch 077 | batch 4,000/4,475 (89.4%) | loss 0.9998 (gt 0.0945, kd 0.0102) | 8.9 it/s | elapsed 7.5 min | epoch ETA 0.9 min
Epoch 077 | train 0.999861 (gt 0.094485, kd 0.010172) | val 0.884251 (gt 0.087191, kd 0.008142) | KL end 0.9944 path 1.3769 | rough FDE 996.6m
  epoch 078 | batch 500/4,475 (11.2%) | loss 0.9982 (gt 0.0943, kd 0.0101) | 8.8 it/s | elapsed 0.9 min | epoch ETA 7.5 min
  epoch 078 | batch 1,000/4,475 (22.3%) | loss 0.9994 (gt 0.0943, kd 0.0101) | 8.8 it/s | elapsed 1.9 min | epoch ETA 6.6 min
  epoch 078 | batch 1,500/4,475 (33.5%) | loss 0.9996 (gt 0.0944, kd 0.0101) | 8.8 it/s | elapsed 2.8 min | epoch ETA 5.6 min
  epoch 078 | batch 2,000/4,475 (44.7%) | loss 0.9996 (gt 0.0945, kd 0.0101) | 8.8 it/s | elapsed 3.8 min | epoch ETA 4.7 min
  epoch 078 | batch 2,500/4,475 (55.9%) | loss 0.9998 (gt 0.0945, kd 0.0101) | 8.8 it/s | elapsed 4.7 min | epoch ETA 3.7 min
  epoch 078 | batch 3,000/4,475 (67.0%) | loss 0.9999 (gt 0.0946, kd 0.0101) | 8.8 it/s | elapsed 5.7 min | epoch ETA 2.8 min
  epoch 078 | batch 3,500/4,475 (78.2%) | loss 0.9999 (gt 0.0945, kd 0.0101) | 8.8 it/s | elapsed 6.6 min | epoch ETA 1.8 min
  epoch 078 | batch 4,000/4,475 (89.4%) | loss 1.0000 (gt 0.0945, kd 0.0101) | 8.8 it/s | elapsed 7.5 min | epoch ETA 0.9 min
Epoch 078 | train 0.999970 (gt 0.094502, kd 0.010136) | val 0.883930 (gt 0.087171, kd 0.008122) | KL end 0.9845 path 1.3748 | rough FDE 994.8m
  epoch 079 | batch 500/4,475 (11.2%) | loss 0.9967 (gt 0.0941, kd 0.0101) | 8.8 it/s | elapsed 1.0 min | epoch ETA 7.6 min
  epoch 079 | batch 1,000/4,475 (22.3%) | loss 0.9995 (gt 0.0943, kd 0.0101) | 8.8 it/s | elapsed 1.9 min | epoch ETA 6.6 min
  epoch 079 | batch 1,500/4,475 (33.5%) | loss 0.9998 (gt 0.0944, kd 0.0101) | 8.8 it/s | elapsed 2.8 min | epoch ETA 5.6 min
  epoch 079 | batch 2,000/4,475 (44.7%) | loss 0.9997 (gt 0.0944, kd 0.0101) | 8.8 it/s | elapsed 3.8 min | epoch ETA 4.7 min
  epoch 079 | batch 2,500/4,475 (55.9%) | loss 0.9997 (gt 0.0944, kd 0.0101) | 8.8 it/s | elapsed 4.7 min | epoch ETA 3.7 min
  epoch 079 | batch 3,000/4,475 (67.0%) | loss 1.0000 (gt 0.0944, kd 0.0101) | 8.8 it/s | elapsed 5.7 min | epoch ETA 2.8 min
  epoch 079 | batch 3,500/4,475 (78.2%) | loss 0.9999 (gt 0.0944, kd 0.0101) | 8.8 it/s | elapsed 6.6 min | epoch ETA 1.8 min
  epoch 079 | batch 4,000/4,475 (89.4%) | loss 0.9999 (gt 0.0944, kd 0.0101) | 8.8 it/s | elapsed 7.5 min | epoch ETA 0.9 min
Epoch 079 | train 0.999843 (gt 0.094430, kd 0.010083) | val 0.888454 (gt 0.087144, kd 0.008107) | KL end 0.9918 path 1.3897 | rough FDE 994.3m
  epoch 080 | batch 500/4,475 (11.2%) | loss 1.0002 (gt 0.0945, kd 0.0101) | 8.8 it/s | elapsed 0.9 min | epoch ETA 7.5 min
  epoch 080 | batch 1,000/4,475 (22.3%) | loss 1.0007 (gt 0.0946, kd 0.0101) | 8.8 it/s | elapsed 1.9 min | epoch ETA 6.6 min
  epoch 080 | batch 1,500/4,475 (33.5%) | loss 0.9997 (gt 0.0944, kd 0.0100) | 8.8 it/s | elapsed 2.8 min | epoch ETA 5.6 min
  epoch 080 | batch 2,000/4,475 (44.7%) | loss 1.0000 (gt 0.0944, kd 0.0100) | 8.9 it/s | elapsed 3.8 min | epoch ETA 4.7 min
  epoch 080 | batch 2,500/4,475 (55.9%) | loss 1.0001 (gt 0.0944, kd 0.0100) | 8.9 it/s | elapsed 4.7 min | epoch ETA 3.7 min
  epoch 080 | batch 3,000/4,475 (67.0%) | loss 1.0001 (gt 0.0944, kd 0.0100) | 8.9 it/s | elapsed 5.6 min | epoch ETA 2.8 min
  epoch 080 | batch 3,500/4,475 (78.2%) | loss 1.0000 (gt 0.0944, kd 0.0100) | 8.9 it/s | elapsed 6.6 min | epoch ETA 1.8 min
  epoch 080 | batch 4,000/4,475 (89.4%) | loss 1.0000 (gt 0.0944, kd 0.0100) | 8.9 it/s | elapsed 7.5 min | epoch ETA 0.9 min
Epoch 080 | train 0.999999 (gt 0.094332, kd 0.010042) | val 0.886997 (gt 0.087120, kd 0.008088) | KL end 1.0012 path 1.3985 | rough FDE 992.7m | proper FDE 990.5m (teacher 820.8m)  ✓ best
  epoch 081 | batch 500/4,475 (11.2%) | loss 0.9998 (gt 0.0945, kd 0.0100) | 8.8 it/s | elapsed 0.9 min | epoch ETA 7.5 min
  epoch 081 | batch 1,000/4,475 (22.3%) | loss 0.9996 (gt 0.0944, kd 0.0100) | 8.8 it/s | elapsed 1.9 min | epoch ETA 6.5 min
  epoch 081 | batch 1,500/4,475 (33.5%) | loss 0.9997 (gt 0.0943, kd 0.0100) | 8.9 it/s | elapsed 2.8 min | epoch ETA 5.6 min
  epoch 081 | batch 2,000/4,475 (44.7%) | loss 0.9999 (gt 0.0944, kd 0.0100) | 8.9 it/s | elapsed 3.8 min | epoch ETA 4.7 min
  epoch 081 | batch 2,500/4,475 (55.9%) | loss 0.9998 (gt 0.0943, kd 0.0100) | 8.9 it/s | elapsed 4.7 min | epoch ETA 3.7 min
  epoch 081 | batch 3,000/4,475 (67.0%) | loss 0.9997 (gt 0.0943, kd 0.0100) | 8.9 it/s | elapsed 5.6 min | epoch ETA 2.8 min
  epoch 081 | batch 3,500/4,475 (78.2%) | loss 1.0001 (gt 0.0944, kd 0.0100) | 8.9 it/s | elapsed 6.6 min | epoch ETA 1.8 min
  epoch 081 | batch 4,000/4,475 (89.4%) | loss 0.9999 (gt 0.0944, kd 0.0100) | 8.9 it/s | elapsed 7.5 min | epoch ETA 0.9 min
Epoch 081 | train 1.000051 (gt 0.094414, kd 0.009999) | val 0.883455 (gt 0.087103, kd 0.008070) | KL end 1.0046 path 1.3979 | rough FDE 992.1m
  epoch 082 | batch 500/4,475 (11.2%) | loss 0.9979 (gt 0.0940, kd 0.0099) | 8.8 it/s | elapsed 0.9 min | epoch ETA 7.5 min
  epoch 082 | batch 1,000/4,475 (22.3%) | loss 0.9993 (gt 0.0942, kd 0.0100) | 8.8 it/s | elapsed 1.9 min | epoch ETA 6.6 min
  epoch 082 | batch 1,500/4,475 (33.5%) | loss 0.9996 (gt 0.0942, kd 0.0100) | 8.9 it/s | elapsed 2.8 min | epoch ETA 5.6 min
  epoch 082 | batch 2,000/4,475 (44.7%) | loss 0.9994 (gt 0.0941, kd 0.0100) | 8.9 it/s | elapsed 3.8 min | epoch ETA 4.7 min
  epoch 082 | batch 2,500/4,475 (55.9%) | loss 0.9997 (gt 0.0942, kd 0.0100) | 8.9 it/s | elapsed 4.7 min | epoch ETA 3.7 min
  epoch 082 | batch 3,000/4,475 (67.0%) | loss 0.9997 (gt 0.0942, kd 0.0100) | 8.9 it/s | elapsed 5.6 min | epoch ETA 2.8 min
  epoch 082 | batch 3,500/4,475 (78.2%) | loss 0.9999 (gt 0.0942, kd 0.0100) | 8.9 it/s | elapsed 6.6 min | epoch ETA 1.8 min
  epoch 082 | batch 4,000/4,475 (89.4%) | loss 0.9998 (gt 0.0942, kd 0.0100) | 8.9 it/s | elapsed 7.5 min | epoch ETA 0.9 min
Epoch 082 | train 0.999889 (gt 0.094210, kd 0.009959) | val 0.886231 (gt 0.087078, kd 0.008055) | KL end 1.0087 path 1.4007 | rough FDE 991.4m
  epoch 083 | batch 500/4,475 (11.2%) | loss 0.9998 (gt 0.0942, kd 0.0099) | 8.8 it/s | elapsed 0.9 min | epoch ETA 7.5 min
  epoch 083 | batch 1,000/4,475 (22.3%) | loss 0.9992 (gt 0.0941, kd 0.0099) | 8.9 it/s | elapsed 1.9 min | epoch ETA 6.5 min
  epoch 083 | batch 1,500/4,475 (33.5%) | loss 1.0001 (gt 0.0943, kd 0.0099) | 8.9 it/s | elapsed 2.8 min | epoch ETA 5.6 min
  epoch 083 | batch 2,000/4,475 (44.7%) | loss 1.0000 (gt 0.0944, kd 0.0099) | 8.9 it/s | elapsed 3.8 min | epoch ETA 4.7 min
  epoch 083 | batch 2,500/4,475 (55.9%) | loss 0.9999 (gt 0.0944, kd 0.0099) | 8.9 it/s | elapsed 4.7 min | epoch ETA 3.7 min
  epoch 083 | batch 3,000/4,475 (67.0%) | loss 1.0000 (gt 0.0944, kd 0.0099) | 8.8 it/s | elapsed 5.7 min | epoch ETA 2.8 min
  epoch 083 | batch 3,500/4,475 (78.2%) | loss 1.0000 (gt 0.0944, kd 0.0099) | 8.8 it/s | elapsed 6.6 min | epoch ETA 1.8 min
  epoch 083 | batch 4,000/4,475 (89.4%) | loss 0.9999 (gt 0.0944, kd 0.0099) | 8.8 it/s | elapsed 7.5 min | epoch ETA 0.9 min
Epoch 083 | train 0.999922 (gt 0.094375, kd 0.009917) | val 0.887616 (gt 0.087057, kd 0.008039) | KL end 1.0093 path 1.4016 | rough FDE 991.9m
  epoch 084 | batch 500/4,475 (11.2%) | loss 1.0000 (gt 0.0941, kd 0.0099) | 8.8 it/s | elapsed 0.9 min | epoch ETA 7.5 min
  epoch 084 | batch 1,000/4,475 (22.3%) | loss 1.0001 (gt 0.0944, kd 0.0099) | 8.8 it/s | elapsed 1.9 min | epoch ETA 6.6 min
  epoch 084 | batch 1,500/4,475 (33.5%) | loss 0.9999 (gt 0.0943, kd 0.0099) | 8.8 it/s | elapsed 2.8 min | epoch ETA 5.6 min
  epoch 084 | batch 2,000/4,475 (44.7%) | loss 0.9996 (gt 0.0942, kd 0.0099) | 8.8 it/s | elapsed 3.8 min | epoch ETA 4.7 min
  epoch 084 | batch 2,500/4,475 (55.9%) | loss 0.9998 (gt 0.0942, kd 0.0099) | 8.8 it/s | elapsed 4.7 min | epoch ETA 3.7 min
  epoch 084 | batch 3,000/4,475 (67.0%) | loss 0.9997 (gt 0.0942, kd 0.0099) | 8.8 it/s | elapsed 5.7 min | epoch ETA 2.8 min
  epoch 084 | batch 3,500/4,475 (78.2%) | loss 1.0000 (gt 0.0942, kd 0.0099) | 8.9 it/s | elapsed 6.6 min | epoch ETA 1.8 min
  epoch 084 | batch 4,000/4,475 (89.4%) | loss 0.9999 (gt 0.0942, kd 0.0099) | 8.9 it/s | elapsed 7.5 min | epoch ETA 0.9 min
Epoch 084 | train 0.999887 (gt 0.094220, kd 0.009874) | val 0.890895 (gt 0.087043, kd 0.008022) | KL end 1.0070 path 1.4034 | rough FDE 991.1m
  epoch 085 | batch 500/4,475 (11.2%) | loss 0.9992 (gt 0.0940, kd 0.0098) | 8.8 it/s | elapsed 0.9 min | epoch ETA 7.5 min
  epoch 085 | batch 1,000/4,475 (22.3%) | loss 0.9996 (gt 0.0939, kd 0.0098) | 8.8 it/s | elapsed 1.9 min | epoch ETA 6.6 min
  epoch 085 | batch 1,500/4,475 (33.5%) | loss 0.9996 (gt 0.0941, kd 0.0098) | 8.8 it/s | elapsed 2.8 min | epoch ETA 5.6 min
  epoch 085 | batch 2,000/4,475 (44.7%) | loss 1.0000 (gt 0.0941, kd 0.0098) | 8.8 it/s | elapsed 3.8 min | epoch ETA 4.7 min
  epoch 085 | batch 2,500/4,475 (55.9%) | loss 0.9998 (gt 0.0942, kd 0.0099) | 8.8 it/s | elapsed 4.7 min | epoch ETA 3.7 min
  epoch 085 | batch 3,000/4,475 (67.0%) | loss 0.9999 (gt 0.0941, kd 0.0099) | 8.8 it/s | elapsed 5.7 min | epoch ETA 2.8 min
  epoch 085 | batch 3,500/4,475 (78.2%) | loss 0.9999 (gt 0.0942, kd 0.0098) | 8.8 it/s | elapsed 6.6 min | epoch ETA 1.8 min
  epoch 085 | batch 4,000/4,475 (89.4%) | loss 1.0000 (gt 0.0942, kd 0.0098) | 8.8 it/s | elapsed 7.5 min | epoch ETA 0.9 min
Epoch 085 | train 0.999972 (gt 0.094136, kd 0.009842) | val 0.890779 (gt 0.087036, kd 0.008014) | KL end 1.0050 path 1.4032 | rough FDE 991.3m | proper FDE 987.2m (teacher 820.8m)  ✓ best
  epoch 086 | batch 500/4,475 (11.2%) | loss 0.9999 (gt 0.0943, kd 0.0098) | 8.8 it/s | elapsed 0.9 min | epoch ETA 7.5 min
  epoch 086 | batch 1,000/4,475 (22.3%) | loss 0.9996 (gt 0.0941, kd 0.0098) | 8.9 it/s | elapsed 1.9 min | epoch ETA 6.5 min
  epoch 086 | batch 1,500/4,475 (33.5%) | loss 0.9997 (gt 0.0941, kd 0.0098) | 8.9 it/s | elapsed 2.8 min | epoch ETA 5.6 min
  epoch 086 | batch 2,000/4,475 (44.7%) | loss 0.9999 (gt 0.0941, kd 0.0098) | 8.9 it/s | elapsed 3.8 min | epoch ETA 4.7 min
  epoch 086 | batch 2,500/4,475 (55.9%) | loss 0.9999 (gt 0.0941, kd 0.0098) | 8.9 it/s | elapsed 4.7 min | epoch ETA 3.7 min
  epoch 086 | batch 3,000/4,475 (67.0%) | loss 0.9997 (gt 0.0940, kd 0.0098) | 8.9 it/s | elapsed 5.6 min | epoch ETA 2.8 min
  epoch 086 | batch 3,500/4,475 (78.2%) | loss 0.9999 (gt 0.0940, kd 0.0098) | 8.9 it/s | elapsed 6.6 min | epoch ETA 1.8 min
  epoch 086 | batch 4,000/4,475 (89.4%) | loss 0.9999 (gt 0.0941, kd 0.0098) | 8.9 it/s | elapsed 7.5 min | epoch ETA 0.9 min
Epoch 086 | train 1.000040 (gt 0.094081, kd 0.009805) | val 0.887978 (gt 0.087017, kd 0.008001) | KL end 0.9878 path 1.3964 | rough FDE 991.5m
  epoch 087 | batch 500/4,475 (11.2%) | loss 0.9996 (gt 0.0942, kd 0.0098) | 8.8 it/s | elapsed 0.9 min | epoch ETA 7.5 min
  epoch 087 | batch 1,000/4,475 (22.3%) | loss 0.9996 (gt 0.0942, kd 0.0098) | 8.8 it/s | elapsed 1.9 min | epoch ETA 6.6 min
  epoch 087 | batch 1,500/4,475 (33.5%) | loss 0.9997 (gt 0.0941, kd 0.0098) | 8.8 it/s | elapsed 2.8 min | epoch ETA 5.6 min
  epoch 087 | batch 2,000/4,475 (44.7%) | loss 0.9997 (gt 0.0940, kd 0.0098) | 8.8 it/s | elapsed 3.8 min | epoch ETA 4.7 min
  epoch 087 | batch 2,500/4,475 (55.9%) | loss 0.9995 (gt 0.0940, kd 0.0098) | 8.8 it/s | elapsed 4.7 min | epoch ETA 3.7 min
  epoch 087 | batch 3,000/4,475 (67.0%) | loss 0.9997 (gt 0.0941, kd 0.0098) | 8.8 it/s | elapsed 5.7 min | epoch ETA 2.8 min
  epoch 087 | batch 3,500/4,475 (78.2%) | loss 1.0001 (gt 0.0941, kd 0.0098) | 8.8 it/s | elapsed 6.6 min | epoch ETA 1.8 min
  epoch 087 | batch 4,000/4,475 (89.4%) | loss 0.9999 (gt 0.0941, kd 0.0098) | 8.8 it/s | elapsed 7.5 min | epoch ETA 0.9 min
Epoch 087 | train 0.999916 (gt 0.094126, kd 0.009788) | val 0.889835 (gt 0.086985, kd 0.007986) | KL end 0.9976 path 1.4044 | rough FDE 989.6m
  epoch 088 | batch 500/4,475 (11.2%) | loss 0.9989 (gt 0.0937, kd 0.0097) | 8.8 it/s | elapsed 0.9 min | epoch ETA 7.5 min
  epoch 088 | batch 1,000/4,475 (22.3%) | loss 0.9990 (gt 0.0940, kd 0.0097) | 8.8 it/s | elapsed 1.9 min | epoch ETA 6.6 min
  epoch 088 | batch 1,500/4,475 (33.5%) | loss 0.9994 (gt 0.0939, kd 0.0097) | 8.8 it/s | elapsed 2.8 min | epoch ETA 5.6 min
  epoch 088 | batch 2,000/4,475 (44.7%) | loss 0.9998 (gt 0.0940, kd 0.0097) | 8.9 it/s | elapsed 3.8 min | epoch ETA 4.7 min
  epoch 088 | batch 2,500/4,475 (55.9%) | loss 1.0000 (gt 0.0940, kd 0.0097) | 8.9 it/s | elapsed 4.7 min | epoch ETA 3.7 min
  epoch 088 | batch 3,000/4,475 (67.0%) | loss 1.0001 (gt 0.0940, kd 0.0097) | 8.9 it/s | elapsed 5.6 min | epoch ETA 2.8 min
  epoch 088 | batch 3,500/4,475 (78.2%) | loss 0.9999 (gt 0.0940, kd 0.0097) | 8.9 it/s | elapsed 6.6 min | epoch ETA 1.8 min
  epoch 088 | batch 4,000/4,475 (89.4%) | loss 0.9999 (gt 0.0941, kd 0.0097) | 8.9 it/s | elapsed 7.5 min | epoch ETA 0.9 min
Epoch 088 | train 0.999985 (gt 0.094028, kd 0.009745) | val 0.889330 (gt 0.086974, kd 0.007975) | KL end 0.9936 path 1.3985 | rough FDE 989.4m
  epoch 089 | batch 500/4,475 (11.2%) | loss 0.9984 (gt 0.0937, kd 0.0096) | 8.8 it/s | elapsed 0.9 min | epoch ETA 7.5 min
  epoch 089 | batch 1,000/4,475 (22.3%) | loss 0.9997 (gt 0.0938, kd 0.0097) | 8.8 it/s | elapsed 1.9 min | epoch ETA 6.6 min
  epoch 089 | batch 1,500/4,475 (33.5%) | loss 1.0003 (gt 0.0940, kd 0.0097) | 8.8 it/s | elapsed 2.8 min | epoch ETA 5.6 min
  epoch 089 | batch 2,000/4,475 (44.7%) | loss 0.9998 (gt 0.0940, kd 0.0097) | 8.8 it/s | elapsed 3.8 min | epoch ETA 4.7 min
  epoch 089 | batch 2,500/4,475 (55.9%) | loss 0.9997 (gt 0.0940, kd 0.0097) | 8.8 it/s | elapsed 4.7 min | epoch ETA 3.7 min
  epoch 089 | batch 3,000/4,475 (67.0%) | loss 0.9998 (gt 0.0940, kd 0.0097) | 8.8 it/s | elapsed 5.7 min | epoch ETA 2.8 min
  epoch 089 | batch 3,500/4,475 (78.2%) | loss 0.9997 (gt 0.0940, kd 0.0097) | 8.8 it/s | elapsed 6.6 min | epoch ETA 1.8 min
  epoch 089 | batch 4,000/4,475 (89.4%) | loss 0.9998 (gt 0.0940, kd 0.0097) | 8.8 it/s | elapsed 7.5 min | epoch ETA 0.9 min
Epoch 089 | train 0.999855 (gt 0.093974, kd 0.009699) | val 0.893719 (gt 0.086967, kd 0.007968) | KL end 0.9841 path 1.3918 | rough FDE 989.0m
  epoch 090 | batch 500/4,475 (11.2%) | loss 1.0002 (gt 0.0939, kd 0.0097) | 8.8 it/s | elapsed 0.9 min | epoch ETA 7.5 min
  epoch 090 | batch 1,000/4,475 (22.3%) | loss 0.9998 (gt 0.0940, kd 0.0097) | 8.8 it/s | elapsed 1.9 min | epoch ETA 6.6 min
  epoch 090 | batch 1,500/4,475 (33.5%) | loss 1.0002 (gt 0.0940, kd 0.0097) | 8.8 it/s | elapsed 2.8 min | epoch ETA 5.6 min
  epoch 090 | batch 2,000/4,475 (44.7%) | loss 0.9999 (gt 0.0940, kd 0.0097) | 8.8 it/s | elapsed 3.8 min | epoch ETA 4.7 min
  epoch 090 | batch 2,500/4,475 (55.9%) | loss 0.9998 (gt 0.0940, kd 0.0097) | 8.8 it/s | elapsed 4.7 min | epoch ETA 3.7 min
  epoch 090 | batch 3,000/4,475 (67.0%) | loss 1.0001 (gt 0.0940, kd 0.0097) | 8.8 it/s | elapsed 5.7 min | epoch ETA 2.8 min
  epoch 090 | batch 3,500/4,475 (78.2%) | loss 0.9999 (gt 0.0940, kd 0.0097) | 8.8 it/s | elapsed 6.6 min | epoch ETA 1.8 min
  epoch 090 | batch 4,000/4,475 (89.4%) | loss 0.9999 (gt 0.0940, kd 0.0097) | 8.9 it/s | elapsed 7.5 min | epoch ETA 0.9 min
Epoch 090 | train 0.999956 (gt 0.093998, kd 0.009696) | val 0.894581 (gt 0.086956, kd 0.007961) | KL end 0.9794 path 1.3916 | rough FDE 989.5m | proper FDE 985.0m (teacher 820.8m)  ✓ best
  epoch 091 | batch 500/4,475 (11.2%) | loss 0.9990 (gt 0.0938, kd 0.0097) | 8.8 it/s | elapsed 0.9 min | epoch ETA 7.5 min
  epoch 091 | batch 1,000/4,475 (22.3%) | loss 1.0002 (gt 0.0939, kd 0.0097) | 8.8 it/s | elapsed 1.9 min | epoch ETA 6.6 min
  epoch 091 | batch 1,500/4,475 (33.5%) | loss 1.0004 (gt 0.0940, kd 0.0097) | 8.8 it/s | elapsed 2.8 min | epoch ETA 5.6 min
  epoch 091 | batch 2,000/4,475 (44.7%) | loss 0.9999 (gt 0.0939, kd 0.0097) | 8.8 it/s | elapsed 3.8 min | epoch ETA 4.7 min
  epoch 091 | batch 2,500/4,475 (55.9%) | loss 1.0001 (gt 0.0940, kd 0.0097) | 8.8 it/s | elapsed 4.7 min | epoch ETA 3.7 min
  epoch 091 | batch 3,000/4,475 (67.0%) | loss 0.9998 (gt 0.0940, kd 0.0097) | 8.8 it/s | elapsed 5.7 min | epoch ETA 2.8 min
  epoch 091 | batch 3,500/4,475 (78.2%) | loss 0.9999 (gt 0.0939, kd 0.0097) | 8.8 it/s | elapsed 6.6 min | epoch ETA 1.8 min
  epoch 091 | batch 4,000/4,475 (89.4%) | loss 1.0000 (gt 0.0940, kd 0.0097) | 8.8 it/s | elapsed 7.5 min | epoch ETA 0.9 min
Epoch 091 | train 1.000082 (gt 0.094016, kd 0.009678) | val 0.889957 (gt 0.086949, kd 0.007956) | KL end 0.9746 path 1.3852 | rough FDE 989.7m
  epoch 092 | batch 500/4,475 (11.2%) | loss 0.9980 (gt 0.0937, kd 0.0096) | 8.8 it/s | elapsed 0.9 min | epoch ETA 7.5 min
  epoch 092 | batch 1,000/4,475 (22.3%) | loss 0.9997 (gt 0.0939, kd 0.0097) | 8.8 it/s | elapsed 1.9 min | epoch ETA 6.5 min
  epoch 092 | batch 1,500/4,475 (33.5%) | loss 0.9997 (gt 0.0940, kd 0.0097) | 8.9 it/s | elapsed 2.8 min | epoch ETA 5.6 min
  epoch 092 | batch 2,000/4,475 (44.7%) | loss 0.9996 (gt 0.0940, kd 0.0097) | 8.9 it/s | elapsed 3.8 min | epoch ETA 4.7 min
  epoch 092 | batch 2,500/4,475 (55.9%) | loss 0.9997 (gt 0.0940, kd 0.0097) | 8.9 it/s | elapsed 4.7 min | epoch ETA 3.7 min
  epoch 092 | batch 3,000/4,475 (67.0%) | loss 0.9999 (gt 0.0940, kd 0.0097) | 8.9 it/s | elapsed 5.6 min | epoch ETA 2.8 min
  epoch 092 | batch 3,500/4,475 (78.2%) | loss 0.9998 (gt 0.0940, kd 0.0097) | 8.9 it/s | elapsed 6.6 min | epoch ETA 1.8 min
  epoch 092 | batch 4,000/4,475 (89.4%) | loss 0.9998 (gt 0.0940, kd 0.0097) | 8.9 it/s | elapsed 7.5 min | epoch ETA 0.9 min
Epoch 092 | train 1.000017 (gt 0.093994, kd 0.009662) | val 0.888208 (gt 0.086941, kd 0.007949) | KL end 0.9677 path 1.3780 | rough FDE 990.2m
  epoch 093 | batch 500/4,475 (11.2%) | loss 0.9985 (gt 0.0943, kd 0.0096) | 8.8 it/s | elapsed 0.9 min | epoch ETA 7.5 min
  epoch 093 | batch 1,000/4,475 (22.3%) | loss 0.9988 (gt 0.0940, kd 0.0096) | 8.8 it/s | elapsed 1.9 min | epoch ETA 6.6 min
  epoch 093 | batch 1,500/4,475 (33.5%) | loss 0.9995 (gt 0.0941, kd 0.0096) | 8.8 it/s | elapsed 2.8 min | epoch ETA 5.6 min
  epoch 093 | batch 2,000/4,475 (44.7%) | loss 0.9996 (gt 0.0940, kd 0.0096) | 8.8 it/s | elapsed 3.8 min | epoch ETA 4.7 min
  epoch 093 | batch 2,500/4,475 (55.9%) | loss 0.9997 (gt 0.0940, kd 0.0096) | 8.9 it/s | elapsed 4.7 min | epoch ETA 3.7 min
  epoch 093 | batch 3,000/4,475 (67.0%) | loss 0.9997 (gt 0.0940, kd 0.0096) | 8.9 it/s | elapsed 5.6 min | epoch ETA 2.8 min
  epoch 093 | batch 3,500/4,475 (78.2%) | loss 0.9996 (gt 0.0939, kd 0.0096) | 8.9 it/s | elapsed 6.6 min | epoch ETA 1.8 min
  epoch 093 | batch 4,000/4,475 (89.4%) | loss 0.9997 (gt 0.0939, kd 0.0096) | 8.9 it/s | elapsed 7.5 min | epoch ETA 0.9 min
Epoch 093 | train 0.999772 (gt 0.093948, kd 0.009628) | val 0.896322 (gt 0.086931, kd 0.007945) | KL end 0.9633 path 1.3785 | rough FDE 989.9m
  epoch 094 | batch 500/4,475 (11.2%) | loss 1.0007 (gt 0.0940, kd 0.0096) | 8.8 it/s | elapsed 0.9 min | epoch ETA 7.5 min
  epoch 094 | batch 1,000/4,475 (22.3%) | loss 1.0006 (gt 0.0941, kd 0.0097) | 8.8 it/s | elapsed 1.9 min | epoch ETA 6.6 min
  epoch 094 | batch 1,500/4,475 (33.5%) | loss 1.0000 (gt 0.0941, kd 0.0097) | 8.8 it/s | elapsed 2.8 min | epoch ETA 5.6 min
  epoch 094 | batch 2,000/4,475 (44.7%) | loss 1.0002 (gt 0.0940, kd 0.0096) | 8.8 it/s | elapsed 3.8 min | epoch ETA 4.7 min
  epoch 094 | batch 2,500/4,475 (55.9%) | loss 0.9999 (gt 0.0940, kd 0.0096) | 8.9 it/s | elapsed 4.7 min | epoch ETA 3.7 min
  epoch 094 | batch 3,000/4,475 (67.0%) | loss 1.0002 (gt 0.0940, kd 0.0096) | 8.9 it/s | elapsed 5.6 min | epoch ETA 2.8 min
  epoch 094 | batch 3,500/4,475 (78.2%) | loss 1.0000 (gt 0.0940, kd 0.0096) | 8.9 it/s | elapsed 6.6 min | epoch ETA 1.8 min
  epoch 094 | batch 4,000/4,475 (89.4%) | loss 0.9999 (gt 0.0939, kd 0.0096) | 8.9 it/s | elapsed 7.5 min | epoch ETA 0.9 min
Epoch 094 | train 0.999946 (gt 0.093913, kd 0.009632) | val 0.897786 (gt 0.086922, kd 0.007942) | KL end 0.9666 path 1.3807 | rough FDE 989.3m
  epoch 095 | batch 500/4,475 (11.2%) | loss 1.0008 (gt 0.0942, kd 0.0096) | 8.8 it/s | elapsed 0.9 min | epoch ETA 7.5 min
  epoch 095 | batch 1,000/4,475 (22.3%) | loss 1.0003 (gt 0.0941, kd 0.0096) | 8.8 it/s | elapsed 1.9 min | epoch ETA 6.5 min
  epoch 095 | batch 1,500/4,475 (33.5%) | loss 1.0000 (gt 0.0939, kd 0.0096) | 8.8 it/s | elapsed 2.8 min | epoch ETA 5.6 min
  epoch 095 | batch 2,000/4,475 (44.7%) | loss 1.0005 (gt 0.0940, kd 0.0096) | 8.9 it/s | elapsed 3.8 min | epoch ETA 4.7 min
  epoch 095 | batch 2,500/4,475 (55.9%) | loss 1.0000 (gt 0.0939, kd 0.0096) | 8.8 it/s | elapsed 4.7 min | epoch ETA 3.7 min
  epoch 095 | batch 3,000/4,475 (67.0%) | loss 1.0001 (gt 0.0939, kd 0.0096) | 8.8 it/s | elapsed 5.7 min | epoch ETA 2.8 min
  epoch 095 | batch 3,500/4,475 (78.2%) | loss 1.0000 (gt 0.0939, kd 0.0096) | 8.8 it/s | elapsed 6.6 min | epoch ETA 1.8 min
  epoch 095 | batch 4,000/4,475 (89.4%) | loss 1.0001 (gt 0.0939, kd 0.0096) | 8.8 it/s | elapsed 7.5 min | epoch ETA 0.9 min
Epoch 095 | train 0.999997 (gt 0.093909, kd 0.009614) | val 0.896754 (gt 0.086914, kd 0.007936) | KL end 0.9664 path 1.3819 | rough FDE 989.4m | proper FDE 983.6m (teacher 820.8m)  ✓ best
  epoch 096 | batch 500/4,475 (11.2%) | loss 0.9992 (gt 0.0937, kd 0.0096) | 8.8 it/s | elapsed 0.9 min | epoch ETA 7.5 min
  epoch 096 | batch 1,000/4,475 (22.3%) | loss 1.0001 (gt 0.0940, kd 0.0096) | 8.8 it/s | elapsed 1.9 min | epoch ETA 6.6 min
  epoch 096 | batch 1,500/4,475 (33.5%) | loss 1.0004 (gt 0.0941, kd 0.0096) | 8.8 it/s | elapsed 2.8 min | epoch ETA 5.6 min
  epoch 096 | batch 2,000/4,475 (44.7%) | loss 1.0001 (gt 0.0941, kd 0.0096) | 8.8 it/s | elapsed 3.8 min | epoch ETA 4.7 min
  epoch 096 | batch 2,500/4,475 (55.9%) | loss 0.9999 (gt 0.0939, kd 0.0096) | 8.8 it/s | elapsed 4.7 min | epoch ETA 3.7 min
  epoch 096 | batch 3,000/4,475 (67.0%) | loss 0.9999 (gt 0.0939, kd 0.0096) | 8.8 it/s | elapsed 5.7 min | epoch ETA 2.8 min
  epoch 096 | batch 3,500/4,475 (78.2%) | loss 1.0000 (gt 0.0939, kd 0.0096) | 8.8 it/s | elapsed 6.6 min | epoch ETA 1.8 min
  epoch 096 | batch 4,000/4,475 (89.4%) | loss 1.0001 (gt 0.0939, kd 0.0096) | 8.8 it/s | elapsed 7.5 min | epoch ETA 0.9 min
Epoch 096 | train 1.000087 (gt 0.093904, kd 0.009612) | val 0.892268 (gt 0.086910, kd 0.007933) | KL end 0.9666 path 1.3838 | rough FDE 989.3m
  epoch 097 | batch 500/4,475 (11.2%) | loss 0.9986 (gt 0.0937, kd 0.0096) | 8.8 it/s | elapsed 0.9 min | epoch ETA 7.5 min
  epoch 097 | batch 1,000/4,475 (22.3%) | loss 0.9993 (gt 0.0937, kd 0.0096) | 8.8 it/s | elapsed 1.9 min | epoch ETA 6.6 min
  epoch 097 | batch 1,500/4,475 (33.5%) | loss 0.9996 (gt 0.0938, kd 0.0096) | 8.8 it/s | elapsed 2.8 min | epoch ETA 5.6 min
  epoch 097 | batch 2,000/4,475 (44.7%) | loss 0.9995 (gt 0.0938, kd 0.0096) | 8.8 it/s | elapsed 3.8 min | epoch ETA 4.7 min
  epoch 097 | batch 2,500/4,475 (55.9%) | loss 0.9996 (gt 0.0937, kd 0.0096) | 8.8 it/s | elapsed 4.7 min | epoch ETA 3.7 min
  epoch 097 | batch 3,000/4,475 (67.0%) | loss 1.0000 (gt 0.0938, kd 0.0096) | 8.8 it/s | elapsed 5.7 min | epoch ETA 2.8 min
  epoch 097 | batch 3,500/4,475 (78.2%) | loss 0.9998 (gt 0.0938, kd 0.0096) | 8.8 it/s | elapsed 6.6 min | epoch ETA 1.8 min
  epoch 097 | batch 4,000/4,475 (89.4%) | loss 0.9998 (gt 0.0938, kd 0.0096) | 8.8 it/s | elapsed 7.5 min | epoch ETA 0.9 min
Epoch 097 | train 0.999718 (gt 0.093825, kd 0.009583) | val 0.902912 (gt 0.086911, kd 0.007932) | KL end 0.9696 path 1.3875 | rough FDE 988.3m
  epoch 098 | batch 500/4,475 (11.2%) | loss 1.0014 (gt 0.0941, kd 0.0096) | 8.8 it/s | elapsed 0.9 min | epoch ETA 7.5 min
  epoch 098 | batch 1,000/4,475 (22.3%) | loss 1.0003 (gt 0.0939, kd 0.0096) | 8.8 it/s | elapsed 1.9 min | epoch ETA 6.5 min
  epoch 098 | batch 1,500/4,475 (33.5%) | loss 1.0005 (gt 0.0939, kd 0.0096) | 8.9 it/s | elapsed 2.8 min | epoch ETA 5.6 min
  epoch 098 | batch 2,000/4,475 (44.7%) | loss 1.0002 (gt 0.0939, kd 0.0096) | 8.9 it/s | elapsed 3.8 min | epoch ETA 4.7 min
  epoch 098 | batch 2,500/4,475 (55.9%) | loss 1.0003 (gt 0.0939, kd 0.0096) | 8.8 it/s | elapsed 4.7 min | epoch ETA 3.7 min
  epoch 098 | batch 3,000/4,475 (67.0%) | loss 1.0002 (gt 0.0939, kd 0.0096) | 8.9 it/s | elapsed 5.6 min | epoch ETA 2.8 min
  epoch 098 | batch 3,500/4,475 (78.2%) | loss 1.0003 (gt 0.0939, kd 0.0096) | 8.9 it/s | elapsed 6.6 min | epoch ETA 1.8 min
  epoch 098 | batch 4,000/4,475 (89.4%) | loss 1.0003 (gt 0.0939, kd 0.0096) | 8.8 it/s | elapsed 7.5 min | epoch ETA 0.9 min
Epoch 098 | train 1.000234 (gt 0.093931, kd 0.009582) | val 0.892493 (gt 0.086910, kd 0.007930) | KL end 0.9712 path 1.3897 | rough FDE 987.8m
  epoch 099 | batch 500/4,475 (11.2%) | loss 0.9985 (gt 0.0939, kd 0.0096) | 8.8 it/s | elapsed 0.9 min | epoch ETA 7.5 min
  epoch 099 | batch 1,000/4,475 (22.3%) | loss 0.9996 (gt 0.0939, kd 0.0096) | 8.8 it/s | elapsed 1.9 min | epoch ETA 6.6 min
  epoch 099 | batch 1,500/4,475 (33.5%) | loss 1.0002 (gt 0.0939, kd 0.0096) | 8.8 it/s | elapsed 2.8 min | epoch ETA 5.6 min
  epoch 099 | batch 2,000/4,475 (44.7%) | loss 0.9996 (gt 0.0938, kd 0.0096) | 8.8 it/s | elapsed 3.8 min | epoch ETA 4.7 min
  epoch 099 | batch 2,500/4,475 (55.9%) | loss 1.0000 (gt 0.0939, kd 0.0096) | 8.8 it/s | elapsed 4.7 min | epoch ETA 3.7 min
  epoch 099 | batch 3,000/4,475 (67.0%) | loss 0.9999 (gt 0.0939, kd 0.0096) | 8.8 it/s | elapsed 5.7 min | epoch ETA 2.8 min
  epoch 099 | batch 3,500/4,475 (78.2%) | loss 0.9996 (gt 0.0938, kd 0.0096) | 8.8 it/s | elapsed 6.6 min | epoch ETA 1.8 min
  epoch 099 | batch 4,000/4,475 (89.4%) | loss 0.9998 (gt 0.0938, kd 0.0096) | 8.8 it/s | elapsed 7.5 min | epoch ETA 0.9 min
Epoch 099 | train 0.999817 (gt 0.093816, kd 0.009582) | val 0.899050 (gt 0.086909, kd 0.007929) | KL end 0.9694 path 1.3892 | rough FDE 987.5m
  epoch 100 | batch 500/4,475 (11.2%) | loss 1.0006 (gt 0.0937, kd 0.0096) | 8.8 it/s | elapsed 0.9 min | epoch ETA 7.5 min
  epoch 100 | batch 1,000/4,475 (22.3%) | loss 1.0001 (gt 0.0938, kd 0.0096) | 8.8 it/s | elapsed 1.9 min | epoch ETA 6.6 min
  epoch 100 | batch 1,500/4,475 (33.5%) | loss 1.0004 (gt 0.0938, kd 0.0096) | 8.8 it/s | elapsed 2.8 min | epoch ETA 5.6 min
  epoch 100 | batch 2,000/4,475 (44.7%) | loss 1.0003 (gt 0.0939, kd 0.0096) | 8.8 it/s | elapsed 3.8 min | epoch ETA 4.7 min
  epoch 100 | batch 2,500/4,475 (55.9%) | loss 1.0000 (gt 0.0939, kd 0.0096) | 8.8 it/s | elapsed 4.7 min | epoch ETA 3.7 min
  epoch 100 | batch 3,000/4,475 (67.0%) | loss 1.0002 (gt 0.0940, kd 0.0096) | 8.8 it/s | elapsed 5.7 min | epoch ETA 2.8 min
  epoch 100 | batch 3,500/4,475 (78.2%) | loss 1.0000 (gt 0.0939, kd 0.0096) | 8.8 it/s | elapsed 6.6 min | epoch ETA 1.8 min
  epoch 100 | batch 4,000/4,475 (89.4%) | loss 0.9999 (gt 0.0939, kd 0.0096) | 8.8 it/s | elapsed 7.5 min | epoch ETA 0.9 min
Epoch 100 | train 1.000048 (gt 0.093936, kd 0.009593) | val 0.896169 (gt 0.086909, kd 0.007929) | KL end 0.9692 path 1.3896 | rough FDE 987.4m | proper FDE 982.5m (teacher 820.8m)  ✓ best
Job finished at Fri Oct  9 21:26:44 PDT 2026 with exit code 0
